household_id_1,household_id_2,timestep,link_type
1,78,0,1
1,37,0,2
2,189,0,2
3,117,0,2
3,86,0,2
4,52,0,1
4,177,0,2
5,73,0,2
5,95,0,2
6,28,0,2
6,86,0,2
8,135,0,2
8,158,0,2
8,178,0,2
9,120,0,1
9,39,0,2
9,87,0,2
11,137,0,2
11,89,0,2
12,150,0,2
12,87,0,2
12,82,0,2
12,97,0,2
12,175,0,2
17,129,0,2
19,189,0,2
20,50,0,2
20,166,0,2
24,180,0,1
26,178,0,2
28,97,0,2
29,97,0,2
29,170,0,2
31,191,0,2
34,114,0,1
35,117,0,1
35,177,0,2
35,175,0,2
37,199,0,2
38,160,0,2
39,101,0,2
39,87,0,2
39,140,0,2
40,140,0,1
40,157,0,2
41,92,0,2
44,148,0,2
44,100,0,2
44,180,0,2
44,66,0,2
45,51,0,2
47,125,0,2
47,53,0,2
47,63,0,2
47,83,0,2
48,157,0,2
48,97,0,2
50,77,0,1
50,88,0,2
51,74,0,2
52,112,0,1
52,177,0,2
52,170,0,2
52,143,0,2
52,199,0,2
52,97,0,2
53,90,0,2
53,120,0,2
54,191,0,2
54,91,0,2
55,199,0,1
55,192,0,2
55,150,0,2
56,151,0,2
56,175,0,2
57,178,0,2
58,152,0,2
59,81,0,2
60,134,0,2
60,101,0,2
61,164,0,1
61,186,0,1
61,199,0,2
61,148,0,2
61,147,0,2
61,97,0,2
65,180,0,2
65,129,0,2
66,162,0,2
66,180,0,2
69,199,0,2
69,197,0,2
69,175,0,2
69,82,0,2
69,157,0,2
71,73,0,2
71,194,0,2
71,116,0,2
73,107,0,2
73,117,0,2
73,116,0,2
74,89,0,1
74,76,0,2
76,100,0,2
76,170,0,2
76,89,0,2
77,80,0,1
78,167,0,1
81,193,0,2
81,182,0,2
84,125,0,2
86,89,0,2
89,183,0,2
92,187,0,2
92,192,0,2
92,108,0,2
93,135,0,2
94,182,0,2
95,154,0,1
95,164,0,2
96,97,0,2
97,147,0,2
100,180,0,2
101,114,0,2
101,134,0,2
102,150,0,2
103,193,0,2
103,135,0,2
104,142,0,2
104,179,0,2
105,189,0,2
111,177,0,2
112,176,0,2
116,154,0,2
116,166,0,2
117,176,0,2
120,154,0,2
120,146,0,2
122,175,0,2
122,196,0,2
123,140,0,2
125,135,0,2
127,176,0,1
127,151,0,2
131,135,0,2
131,166,0,2
131,189,0,2
135,144,0,2
135,161,0,2
137,171,0,1
137,158,0,2
140,162,0,2
140,179,0,2
140,160,0,2
141,177,0,2
142,196,0,1
143,176,0,2
143,172,0,2
149,166,0,2
151,177,0,2
151,191,0,2
152,172,0,2
158,178,0,2
160,180,0,2
160,166,0,2
161,192,0,2
170,196,0,2
170,199,0,2
172,183,0,2
172,190,0,2
173,178,0,2
175,199,0,2
175,196,0,2
176,187,0,2
178,197,0,2
196,197,0,2
1,78,1,1
1,37,1,2
2,189,1,2
3,86,1,2
4,52,1,1
4,177,1,2
5,73,1,2
5,95,1,2
6,28,1,2
6,86,1,2
8,135,1,2
8,158,1,2
8,178,1,2
9,120,1,1
9,39,1,2
9,87,1,2
11,137,1,2
12,150,1,2
12,87,1,2
12,82,1,2
12,97,1,2
17,129,1,2
19,189,1,2
20,50,1,2
20,166,1,2
24,180,1,1
26,178,1,2
28,97,1,2
29,97,1,2
29,170,1,2
31,191,1,2
34,114,1,1
35,117,1,1
35,176,1,2
37,199,1,2
38,160,1,2
39,101,1,2
39,87,1,2
40,140,1,1
40,157,1,2
41,92,1,2
44,148,1,2
44,100,1,2
44,180,1,2
44,66,1,2
45,51,1,2
47,125,1,2
47,63,1,2
47,83,1,2
48,157,1,2
48,97,1,2
50,77,1,1
50,88,1,2
52,112,1,1
52,177,1,2
52,170,1,2
52,143,1,2
52,199,1,2
52,97,1,2
54,191,1,2
54,91,1,2
55,199,1,1
55,192,1,2
55,150,1,2
56,151,1,2
57,178,1,2
58,152,1,2
59,81,1,2
60,134,1,2
60,101,1,2
61,164,1,1
61,186,1,1
61,199,1,2
61,148,1,2
61,147,1,2
61,97,1,2
65,180,1,2
65,129,1,2
66,162,1,2
66,180,1,2
69,199,1,2
69,197,1,2
69,82,1,2
69,157,1,2
71,73,1,2
71,194,1,2
71,116,1,2
73,107,1,2
73,116,1,2
74,89,1,1
76,100,1,2
76,170,1,2
77,80,1,1
78,167,1,1
81,193,1,2
81,182,1,2
84,125,1,2
92,187,1,2
92,192,1,2
92,108,1,2
93,135,1,2
94,182,1,2
95,154,1,1
95,164,1,2
96,97,1,2
97,147,1,2
100,180,1,2
101,114,1,2
101,134,1,2
102,150,1,2
103,193,1,2
103,135,1,2
105,189,1,2
108,173,1,2
111,177,1,2
112,176,1,2
116,154,1,2
116,166,1,2
120,154,1,2
120,146,1,2
122,196,1,2
125,135,1,2
127,176,1,1
127,151,1,2
131,135,1,2
131,166,1,2
131,189,1,2
135,144,1,2
135,161,1,2
137,171,1,1
137,158,1,2
141,177,1,2
142,196,1,1
143,176,1,2
143,172,1,2
149,166,1,2
151,177,1,2
151,191,1,2
152,172,1,2
158,178,1,2
160,180,1,2
160,166,1,2
161,192,1,2
170,196,1,2
170,199,1,2
172,183,1,2
172,190,1,2
173,178,1,2
176,187,1,2
178,197,1,2
196,197,1,2
1,78,2,1
1,37,2,2
2,189,2,2
3,86,2,2
4,52,2,1
4,177,2,2
5,73,2,2
5,95,2,2
6,28,2,2
6,86,2,2
8,135,2,2
8,158,2,2
8,178,2,2
9,120,2,1
9,39,2,2
9,87,2,2
11,137,2,2
12,150,2,2
12,87,2,2
12,82,2,2
12,97,2,2
17,129,2,2
19,189,2,2
20,50,2,2
20,166,2,2
24,180,2,1
26,178,2,2
28,97,2,2
29,97,2,2
29,170,2,2
31,191,2,2
34,114,2,1
35,117,2,1
37,199,2,2
38,160,2,2
39,101,2,2
39,87,2,2
40,140,2,1
40,157,2,2
41,92,2,2
44,148,2,2
44,100,2,2
44,180,2,2
44,66,2,2
45,51,2,2
47,125,2,2
47,63,2,2
47,83,2,2
47,93,2,2
48,157,2,2
48,97,2,2
50,77,2,1
50,88,2,2
52,112,2,1
52,177,2,2
52,170,2,2
52,143,2,2
52,199,2,2
52,97,2,2
54,191,2,2
54,91,2,2
55,199,2,1
55,192,2,2
55,150,2,2
56,151,2,2
57,178,2,2
58,152,2,2
59,81,2,2
60,134,2,2
60,101,2,2
61,164,2,1
61,186,2,1
61,199,2,2
61,148,2,2
61,147,2,2
61,97,2,2
65,180,2,2
65,129,2,2
66,162,2,2
66,180,2,2
69,199,2,2
69,197,2,2
69,82,2,2
69,157,2,2
71,73,2,2
71,194,2,2
71,116,2,2
73,107,2,2
73,116,2,2
74,89,2,1
76,100,2,2
76,170,2,2
77,80,2,1
78,167,2,1
81,193,2,2
81,182,2,2
84,125,2,2
92,187,2,2
92,192,2,2
92,108,2,2
93,135,2,2
94,182,2,2
95,154,2,1
95,164,2,2
96,97,2,2
97,147,2,2
100,180,2,2
101,114,2,2
101,134,2,2
102,150,2,2
103,193,2,2
103,135,2,2
105,189,2,2
105,131,2,2
108,173,2,2
111,177,2,2
112,176,2,2
116,154,2,2
116,166,2,2
120,154,2,2
120,146,2,2
122,196,2,2
125,135,2,2
127,176,2,1
127,151,2,2
131,135,2,2
131,166,2,2
131,189,2,2
135,144,2,2
135,161,2,2
137,171,2,1
137,158,2,2
141,177,2,2
142,196,2,1
143,176,2,2
143,172,2,2
143,177,2,2
149,166,2,2
151,177,2,2
151,191,2,2
152,172,2,2
158,178,2,2
160,180,2,2
160,166,2,2
161,192,2,2
170,196,2,2
170,199,2,2
172,183,2,2
172,190,2,2
173,178,2,2
176,187,2,2
178,197,2,2
196,197,2,2
1,78,3,1
1,37,3,2
2,189,3,2
3,86,3,2
4,52,3,1
4,177,3,2
5,73,3,2
5,95,3,2
6,28,3,2
6,86,3,2
8,135,3,2
8,158,3,2
8,178,3,2
9,120,3,1
9,39,3,2
9,87,3,2
11,137,3,2
12,150,3,2
12,87,3,2
12,82,3,2
12,97,3,2
17,129,3,2
19,189,3,2
20,50,3,2
20,166,3,2
24,180,3,1
26,178,3,2
28,97,3,2
29,97,3,2
29,170,3,2
31,191,3,2
34,114,3,1
35,117,3,1
36,122,3,2
37,199,3,2
38,160,3,2
39,101,3,2
39,87,3,2
40,140,3,1
40,157,3,2
41,92,3,2
44,148,3,2
44,100,3,2
44,180,3,2
44,66,3,2
45,51,3,2
47,125,3,2
47,63,3,2
47,83,3,2
47,93,3,2
48,157,3,2
48,97,3,2
50,77,3,1
50,88,3,2
52,112,3,1
52,177,3,2
52,170,3,2
52,143,3,2
52,199,3,2
52,97,3,2
54,191,3,2
54,91,3,2
55,199,3,1
55,192,3,2
55,150,3,2
56,151,3,2
57,178,3,2
58,152,3,2
59,81,3,2
60,134,3,2
60,101,3,2
61,164,3,1
61,186,3,1
61,199,3,2
61,148,3,2
61,147,3,2
61,97,3,2
65,180,3,2
65,129,3,2
66,162,3,2
66,180,3,2
69,199,3,2
69,197,3,2
69,82,3,2
69,157,3,2
71,73,3,2
71,194,3,2
71,116,3,2
73,107,3,2
73,116,3,2
74,89,3,1
76,100,3,2
76,170,3,2
77,80,3,1
78,167,3,1
81,193,3,2
81,182,3,2
84,125,3,2
92,187,3,2
92,192,3,2
92,108,3,2
93,135,3,2
94,182,3,2
95,154,3,1
95,164,3,2
96,97,3,2
97,147,3,2
100,180,3,2
101,114,3,2
101,134,3,2
102,150,3,2
103,193,3,2
103,135,3,2
105,189,3,2
105,131,3,2
108,173,3,2
111,177,3,2
112,176,3,2
116,154,3,2
116,166,3,2
120,154,3,2
120,146,3,2
122,196,3,2
125,135,3,2
127,176,3,1
127,151,3,2
131,135,3,2
131,166,3,2
131,189,3,2
135,144,3,2
135,161,3,2
137,171,3,1
137,158,3,2
141,177,3,2
142,196,3,1
143,176,3,2
143,172,3,2
143,177,3,2
149,166,3,2
151,177,3,2
151,191,3,2
152,172,3,2
158,178,3,2
160,180,3,2
160,166,3,2
161,192,3,2
170,196,3,2
170,199,3,2
172,183,3,2
172,190,3,2
173,178,3,2
176,187,3,2
178,197,3,2
196,197,3,2
1,78,4,1
1,37,4,2
1,152,4,2
2,189,4,2
3,86,4,2
4,52,4,1
4,177,4,2
5,73,4,2
5,95,4,2
6,28,4,2
6,86,4,2
8,135,4,2
8,158,4,2
8,178,4,2
9,120,4,1
9,39,4,2
9,87,4,2
11,137,4,2
12,150,4,2
12,87,4,2
12,82,4,2
12,97,4,2
17,129,4,2
19,189,4,2
20,50,4,2
20,166,4,2
24,180,4,1
26,178,4,2
28,97,4,2
29,97,4,2
29,170,4,2
31,191,4,2
34,114,4,1
35,117,4,1
36,122,4,2
37,199,4,2
38,160,4,2
39,101,4,2
39,87,4,2
40,140,4,1
40,157,4,2
41,92,4,2
44,148,4,2
44,100,4,2
44,180,4,2
44,66,4,2
45,51,4,2
47,125,4,2
47,63,4,2
47,83,4,2
47,93,4,2
48,157,4,2
48,97,4,2
50,77,4,1
50,88,4,2
52,112,4,1
52,177,4,2
52,170,4,2
52,143,4,2
52,199,4,2
52,97,4,2
54,191,4,2
54,91,4,2
55,199,4,1
55,192,4,2
55,150,4,2
56,151,4,2
57,178,4,2
58,152,4,2
59,81,4,2
60,134,4,2
60,101,4,2
61,164,4,1
61,186,4,1
61,199,4,2
61,148,4,2
61,147,4,2
61,97,4,2
65,180,4,2
65,129,4,2
66,162,4,2
66,180,4,2
69,199,4,2
69,197,4,2
69,82,4,2
69,157,4,2
71,73,4,2
71,194,4,2
71,116,4,2
73,107,4,2
73,116,4,2
74,89,4,1
76,100,4,2
76,170,4,2
77,80,4,1
78,167,4,1
81,193,4,2
81,182,4,2
84,125,4,2
92,187,4,2
92,192,4,2
92,108,4,2
93,135,4,2
94,182,4,2
95,154,4,1
95,164,4,2
96,97,4,2
97,147,4,2
100,180,4,2
101,114,4,2
101,134,4,2
102,150,4,2
103,193,4,2
103,135,4,2
105,189,4,2
105,131,4,2
108,173,4,2
111,177,4,2
112,176,4,2
116,154,4,2
116,166,4,2
120,154,4,2
120,146,4,2
122,196,4,2
125,135,4,2
127,176,4,1
127,151,4,2
131,135,4,2
131,166,4,2
131,189,4,2
135,144,4,2
135,161,4,2
137,171,4,1
137,158,4,2
141,177,4,2
142,196,4,1
143,176,4,2
143,172,4,2
143,177,4,2
149,166,4,2
151,177,4,2
151,191,4,2
152,172,4,2
158,178,4,2
160,180,4,2
160,166,4,2
161,192,4,2
170,196,4,2
170,199,4,2
172,183,4,2
172,190,4,2
173,178,4,2
176,187,4,2
178,197,4,2
196,197,4,2
1,78,5,1
1,37,5,2
1,152,5,2
2,189,5,2
3,86,5,2
4,52,5,1
4,177,5,2
5,73,5,2
5,95,5,2
6,28,5,2
6,86,5,2
8,135,5,2
8,158,5,2
8,178,5,2
9,120,5,1
9,39,5,2
9,87,5,2
11,137,5,2
12,150,5,2
12,87,5,2
12,82,5,2
12,97,5,2
17,129,5,2
19,189,5,2
20,50,5,2
20,166,5,2
24,180,5,1
26,178,5,2
28,97,5,2
29,97,5,2
29,170,5,2
31,191,5,2
34,114,5,1
35,117,5,1
36,122,5,2
37,199,5,2
38,160,5,2
39,101,5,2
39,87,5,2
40,140,5,1
40,157,5,2
41,92,5,2
44,148,5,2
44,100,5,2
44,180,5,2
44,66,5,2
45,51,5,2
47,125,5,2
47,63,5,2
47,83,5,2
47,93,5,2
48,157,5,2
48,97,5,2
50,77,5,1
50,88,5,2
52,112,5,1
52,177,5,2
52,170,5,2
52,143,5,2
52,199,5,2
52,97,5,2
54,191,5,2
54,91,5,2
55,199,5,1
55,192,5,2
55,150,5,2
56,151,5,2
57,178,5,2
58,152,5,2
59,81,5,2
60,134,5,2
60,101,5,2
60,116,5,2
61,164,5,1
61,186,5,1
61,199,5,2
61,148,5,2
61,147,5,2
61,97,5,2
65,180,5,2
65,129,5,2
66,162,5,2
66,180,5,2
69,199,5,2
69,197,5,2
69,82,5,2
69,157,5,2
71,73,5,2
71,194,5,2
71,116,5,2
73,107,5,2
73,116,5,2
74,89,5,1
76,100,5,2
76,170,5,2
77,80,5,1
78,167,5,1
81,193,5,2
81,182,5,2
84,125,5,2
92,187,5,2
92,192,5,2
92,108,5,2
93,135,5,2
94,182,5,2
95,154,5,1
95,164,5,2
96,97,5,2
97,147,5,2
100,180,5,2
101,114,5,2
101,134,5,2
102,150,5,2
103,193,5,2
103,135,5,2
105,189,5,2
105,131,5,2
108,173,5,2
111,177,5,2
112,176,5,2
116,154,5,2
116,166,5,2
120,154,5,2
120,146,5,2
122,196,5,2
125,135,5,2
127,176,5,1
127,151,5,2
131,135,5,2
131,166,5,2
131,189,5,2
135,144,5,2
135,161,5,2
137,171,5,1
137,158,5,2
141,177,5,2
142,196,5,1
143,176,5,2
143,172,5,2
143,177,5,2
149,166,5,2
151,177,5,2
151,191,5,2
152,172,5,2
158,178,5,2
160,180,5,2
160,166,5,2
161,192,5,2
170,196,5,2
170,199,5,2
172,183,5,2
172,190,5,2
173,178,5,2
176,187,5,2
178,197,5,2
196,197,5,2
1,78,6,1
1,37,6,2
1,152,6,2
2,189,6,2
3,86,6,2
4,52,6,1
4,177,6,2
5,73,6,2
5,95,6,2
6,28,6,2
6,86,6,2
8,135,6,2
8,158,6,2
8,178,6,2
9,120,6,1
9,39,6,2
9,87,6,2
11,137,6,2
12,150,6,2
12,87,6,2
12,82,6,2
12,97,6,2
17,129,6,2
19,189,6,2
20,50,6,2
20,166,6,2
24,180,6,1
26,178,6,2
28,97,6,2
29,97,6,2
29,170,6,2
31,191,6,2
34,114,6,1
35,117,6,1
36,122,6,2
37,199,6,2
38,160,6,2
39,101,6,2
39,87,6,2
40,140,6,1
40,157,6,2
41,92,6,2
44,148,6,2
44,100,6,2
44,180,6,2
44,66,6,2
45,51,6,2
46,142,6,2
47,125,6,2
47,63,6,2
47,83,6,2
47,93,6,2
48,157,6,2
48,97,6,2
50,77,6,1
50,88,6,2
52,112,6,1
52,177,6,2
52,170,6,2
52,143,6,2
52,199,6,2
52,97,6,2
54,191,6,2
54,91,6,2
55,199,6,1
55,192,6,2
55,150,6,2
56,151,6,2
57,178,6,2
58,152,6,2
59,81,6,2
60,134,6,2
60,101,6,2
60,116,6,2
61,164,6,1
61,186,6,1
61,199,6,2
61,148,6,2
61,147,6,2
61,97,6,2
65,180,6,2
65,129,6,2
66,162,6,2
66,180,6,2
69,199,6,2
69,197,6,2
69,82,6,2
69,157,6,2
71,73,6,2
71,194,6,2
71,116,6,2
73,107,6,2
73,116,6,2
74,89,6,1
76,100,6,2
76,170,6,2
77,80,6,1
78,167,6,1
81,193,6,2
81,182,6,2
84,125,6,2
92,187,6,2
92,192,6,2
92,108,6,2
93,135,6,2
94,182,6,2
95,154,6,1
95,164,6,2
96,97,6,2
97,147,6,2
100,180,6,2
101,114,6,2
101,134,6,2
102,150,6,2
103,193,6,2
103,135,6,2
105,189,6,2
105,131,6,2
108,173,6,2
111,177,6,2
112,176,6,2
116,154,6,2
116,166,6,2
120,154,6,2
120,146,6,2
122,196,6,2
125,135,6,2
127,176,6,1
127,151,6,2
130,158,6,2
131,135,6,2
131,166,6,2
131,189,6,2
135,144,6,2
135,161,6,2
137,171,6,1
137,158,6,2
141,177,6,2
142,196,6,1
143,176,6,2
143,172,6,2
143,177,6,2
149,166,6,2
151,177,6,2
151,191,6,2
152,172,6,2
158,178,6,2
160,180,6,2
160,166,6,2
161,192,6,2
170,196,6,2
170,199,6,2
172,183,6,2
172,190,6,2
173,178,6,2
176,187,6,2
178,197,6,2
196,197,6,2
1,78,7,1
1,37,7,2
1,152,7,2
2,189,7,2
3,86,7,2
4,52,7,1
4,177,7,2
4,182,7,2
5,73,7,2
5,95,7,2
6,28,7,2
6,86,7,2
8,135,7,2
8,158,7,2
8,178,7,2
9,120,7,1
9,39,7,2
9,87,7,2
11,137,7,2
12,150,7,2
12,87,7,2
12,82,7,2
12,97,7,2
17,129,7,2
19,189,7,2
20,50,7,2
20,166,7,2
24,180,7,1
26,178,7,2
28,97,7,2
29,97,7,2
29,170,7,2
31,191,7,2
34,114,7,1
35,117,7,1
36,122,7,2
37,199,7,2
38,160,7,2
39,101,7,2
39,87,7,2
40,140,7,1
40,157,7,2
41,92,7,2
44,148,7,2
44,100,7,2
44,180,7,2
44,66,7,2
45,51,7,2
46,142,7,2
47,125,7,2
47,63,7,2
47,83,7,2
47,93,7,2
48,157,7,2
48,97,7,2
50,77,7,1
50,88,7,2
52,112,7,1
52,177,7,2
52,170,7,2
52,143,7,2
52,199,7,2
52,97,7,2
54,191,7,2
54,91,7,2
55,199,7,1
55,192,7,2
55,150,7,2
56,151,7,2
57,178,7,2
58,152,7,2
59,81,7,2
59,164,7,2
60,134,7,2
60,101,7,2
60,116,7,2
61,164,7,1
61,186,7,1
61,199,7,2
61,148,7,2
61,147,7,2
61,97,7,2
61,125,7,2
65,180,7,2
65,129,7,2
66,162,7,2
66,180,7,2
69,199,7,2
69,197,7,2
69,82,7,2
69,157,7,2
71,73,7,2
71,194,7,2
71,116,7,2
73,107,7,2
73,116,7,2
74,89,7,1
76,100,7,2
76,170,7,2
77,80,7,1
78,167,7,1
81,193,7,2
81,182,7,2
84,125,7,2
92,187,7,2
92,192,7,2
92,108,7,2
93,135,7,2
94,182,7,2
95,154,7,1
95,164,7,2
96,97,7,2
97,147,7,2
100,180,7,2
101,114,7,2
101,134,7,2
102,150,7,2
103,193,7,2
103,135,7,2
105,189,7,2
105,131,7,2
108,173,7,2
111,177,7,2
112,176,7,2
116,154,7,2
116,166,7,2
120,154,7,2
120,146,7,2
122,196,7,2
125,135,7,2
127,176,7,1
127,151,7,2
131,135,7,2
131,166,7,2
131,189,7,2
135,144,7,2
135,161,7,2
137,171,7,1
137,158,7,2
141,177,7,2
142,196,7,1
143,176,7,2
143,172,7,2
143,177,7,2
149,166,7,2
151,177,7,2
151,191,7,2
152,172,7,2
158,178,7,2
160,180,7,2
160,166,7,2
161,192,7,2
170,196,7,2
170,199,7,2
172,183,7,2
172,190,7,2
173,178,7,2
176,187,7,2
178,197,7,2
196,197,7,2
1,78,8,1
1,37,8,2
1,152,8,2
2,189,8,2
3,86,8,2
4,52,8,1
4,177,8,2
4,182,8,2
5,73,8,2
5,95,8,2
6,28,8,2
6,86,8,2
8,135,8,2
8,158,8,2
8,178,8,2
9,120,8,1
9,39,8,2
9,87,8,2
9,64,8,2
11,137,8,2
12,150,8,2
12,87,8,2
12,82,8,2
12,97,8,2
17,129,8,2
19,189,8,2
20,50,8,2
20,166,8,2
24,180,8,1
24,153,8,2
26,178,8,2
28,97,8,2
29,97,8,2
29,170,8,2
31,191,8,2
34,114,8,1
35,117,8,1
36,122,8,2
37,199,8,2
38,160,8,2
39,101,8,2
39,87,8,2
40,140,8,1
40,157,8,2
41,92,8,2
44,148,8,2
44,100,8,2
44,180,8,2
44,66,8,2
45,51,8,2
46,142,8,2
47,125,8,2
47,63,8,2
47,83,8,2
47,93,8,2
48,157,8,2
48,97,8,2
50,77,8,1
50,88,8,2
52,112,8,1
52,177,8,2
52,170,8,2
52,143,8,2
52,199,8,2
52,97,8,2
54,191,8,2
54,91,8,2
55,199,8,1
55,192,8,2
55,150,8,2
56,151,8,2
57,178,8,2
58,152,8,2
59,81,8,2
59,164,8,2
60,134,8,2
60,101,8,2
60,116,8,2
61,164,8,1
61,186,8,1
61,199,8,2
61,148,8,2
61,147,8,2
61,97,8,2
61,125,8,2
65,180,8,2
65,129,8,2
66,162,8,2
66,180,8,2
69,199,8,2
69,197,8,2
69,82,8,2
69,157,8,2
71,73,8,2
71,194,8,2
71,116,8,2
73,107,8,2
73,116,8,2
74,89,8,1
76,100,8,2
76,170,8,2
76,174,8,2
77,80,8,1
78,167,8,1
81,193,8,2
81,182,8,2
84,125,8,2
92,187,8,2
92,192,8,2
92,108,8,2
93,135,8,2
94,182,8,2
95,154,8,1
95,164,8,2
96,97,8,2
97,147,8,2
100,180,8,2
101,114,8,2
101,134,8,2
102,150,8,2
103,193,8,2
103,135,8,2
105,189,8,2
105,131,8,2
108,173,8,2
111,177,8,2
112,176,8,2
116,154,8,2
116,166,8,2
120,154,8,2
120,146,8,2
122,196,8,2
125,135,8,2
127,176,8,1
127,151,8,2
131,135,8,2
131,166,8,2
131,189,8,2
135,144,8,2
135,161,8,2
137,171,8,1
137,158,8,2
141,177,8,2
142,196,8,1
143,176,8,2
143,172,8,2
143,177,8,2
149,166,8,2
151,177,8,2
151,191,8,2
152,172,8,2
158,178,8,2
160,180,8,2
160,166,8,2
161,192,8,2
170,196,8,2
170,199,8,2
172,183,8,2
172,190,8,2
173,178,8,2
176,187,8,2
178,197,8,2
196,197,8,2
1,78,9,1
1,37,9,2
1,152,9,2
2,189,9,2
3,86,9,2
4,52,9,1
4,177,9,2
4,182,9,2
5,73,9,2
5,95,9,2
6,28,9,2
6,86,9,2
8,135,9,2
8,158,9,2
8,178,9,2
9,120,9,1
9,39,9,2
9,87,9,2
9,64,9,2
11,137,9,2
12,150,9,2
12,87,9,2
12,82,9,2
12,97,9,2
17,129,9,2
19,189,9,2
20,50,9,2
20,166,9,2
24,180,9,1
24,153,9,2
26,178,9,2
28,97,9,2
29,97,9,2
29,170,9,2
31,191,9,2
34,114,9,1
35,117,9,1
36,122,9,2
37,199,9,2
38,160,9,2
38,66,9,2
39,101,9,2
39,87,9,2
40,140,9,1
40,157,9,2
41,92,9,2
44,148,9,2
44,100,9,2
44,180,9,2
44,66,9,2
46,142,9,2
47,125,9,2
47,63,9,2
47,83,9,2
47,93,9,2
48,157,9,2
48,97,9,2
50,77,9,1
50,88,9,2
52,112,9,1
52,177,9,2
52,170,9,2
52,143,9,2
52,199,9,2
52,97,9,2
54,191,9,2
54,91,9,2
55,199,9,1
55,192,9,2
55,150,9,2
56,151,9,2
57,178,9,2
58,152,9,2
59,81,9,2
59,164,9,2
60,134,9,2
60,101,9,2
60,116,9,2
61,164,9,1
61,186,9,1
61,199,9,2
61,148,9,2
61,147,9,2
61,97,9,2
61,125,9,2
65,180,9,2
65,129,9,2
66,162,9,2
66,180,9,2
69,199,9,2
69,197,9,2
69,82,9,2
69,157,9,2
71,73,9,2
71,194,9,2
71,116,9,2
73,107,9,2
73,116,9,2
74,89,9,1
76,100,9,2
76,170,9,2
76,174,9,2
77,80,9,1
78,167,9,1
81,193,9,2
81,182,9,2
84,125,9,2
92,187,9,2
92,192,9,2
92,108,9,2
93,135,9,2
94,182,9,2
95,154,9,1
95,164,9,2
96,97,9,2
97,147,9,2
100,180,9,2
101,114,9,2
101,134,9,2
102,150,9,2
103,193,9,2
103,135,9,2
105,189,9,2
105,131,9,2
108,173,9,2
111,177,9,2
112,176,9,2
114,181,9,2
116,154,9,2
116,166,9,2
120,154,9,2
120,146,9,2
122,196,9,2
125,135,9,2
127,176,9,1
127,151,9,2
131,135,9,2
131,166,9,2
131,189,9,2
135,144,9,2
135,161,9,2
137,171,9,1
137,158,9,2
141,177,9,2
142,196,9,1
143,176,9,2
143,172,9,2
143,177,9,2
149,166,9,2
151,177,9,2
151,191,9,2
152,172,9,2
158,178,9,2
160,180,9,2
160,166,9,2
161,192,9,2
170,196,9,2
170,199,9,2
172,183,9,2
172,190,9,2
173,178,9,2
176,187,9,2
178,197,9,2
196,197,9,2
1,78,10,1
1,37,10,2
1,152,10,2
2,189,10,2
3,86,10,2
4,52,10,1
4,177,10,2
4,182,10,2
5,73,10,2
5,95,10,2
6,28,10,2
6,86,10,2
8,135,10,2
8,158,10,2
8,178,10,2
9,120,10,1
9,39,10,2
9,87,10,2
9,64,10,2
11,137,10,2
12,150,10,2
12,87,10,2
12,82,10,2
12,97,10,2
17,129,10,2
19,189,10,2
20,50,10,2
20,166,10,2
24,180,10,1
24,153,10,2
26,178,10,2
28,97,10,2
29,97,10,2
29,170,10,2
31,191,10,2
34,114,10,1
35,117,10,1
36,122,10,2
37,199,10,2
38,160,10,2
38,66,10,2
39,101,10,2
39,87,10,2
40,140,10,1
40,157,10,2
41,92,10,2
44,148,10,2
44,100,10,2
44,180,10,2
44,66,10,2
46,142,10,2
47,125,10,2
47,63,10,2
47,83,10,2
47,93,10,2
48,157,10,2
48,97,10,2
50,77,10,1
50,88,10,2
52,112,10,1
52,177,10,2
52,170,10,2
52,143,10,2
52,199,10,2
52,97,10,2
53,120,10,2
54,191,10,2
54,91,10,2
55,199,10,1
55,192,10,2
55,150,10,2
56,151,10,2
56,120,10,2
57,178,10,2
58,152,10,2
59,81,10,2
59,164,10,2
60,134,10,2
60,101,10,2
60,116,10,2
61,164,10,1
61,186,10,1
61,199,10,2
61,148,10,2
61,147,10,2
61,97,10,2
61,125,10,2
65,180,10,2
65,129,10,2
66,162,10,2
66,180,10,2
69,199,10,2
69,197,10,2
69,82,10,2
69,157,10,2
71,73,10,2
71,194,10,2
71,116,10,2
71,95,10,2
73,107,10,2
73,116,10,2
74,89,10,1
76,100,10,2
76,170,10,2
76,174,10,2
77,80,10,1
78,167,10,1
81,193,10,2
81,182,10,2
84,125,10,2
92,187,10,2
92,192,10,2
92,108,10,2
93,135,10,2
94,182,10,2
95,154,10,1
95,164,10,2
96,97,10,2
97,147,10,2
100,180,10,2
101,114,10,2
101,134,10,2
102,150,10,2
103,193,10,2
103,135,10,2
105,189,10,2
105,131,10,2
108,173,10,2
111,177,10,2
112,176,10,2
114,181,10,2
116,154,10,2
116,166,10,2
120,154,10,2
120,146,10,2
122,196,10,2
125,135,10,2
127,176,10,1
127,151,10,2
131,135,10,2
131,166,10,2
131,189,10,2
135,144,10,2
135,161,10,2
137,171,10,1
137,158,10,2
141,177,10,2
142,196,10,1
143,176,10,2
143,172,10,2
143,177,10,2
149,166,10,2
151,177,10,2
151,191,10,2
152,172,10,2
158,178,10,2
160,180,10,2
160,166,10,2
161,192,10,2
170,196,10,2
170,199,10,2
172,183,10,2
172,190,10,2
173,178,10,2
176,187,10,2
178,197,10,2
196,197,10,2
1,78,11,1
1,37,11,2
1,152,11,2
2,189,11,2
3,86,11,2
4,52,11,1
4,177,11,2
4,182,11,2
5,73,11,2
5,95,11,2
6,28,11,2
6,86,11,2
8,135,11,2
8,158,11,2
8,178,11,2
9,120,11,1
9,39,11,2
9,87,11,2
9,64,11,2
11,137,11,2
12,150,11,2
12,87,11,2
12,82,11,2
12,97,11,2
17,129,11,2
19,189,11,2
20,50,11,2
20,166,11,2
24,180,11,1
24,153,11,2
26,178,11,2
28,97,11,2
29,97,11,2
29,170,11,2
31,191,11,2
34,114,11,1
35,117,11,1
36,122,11,2
37,199,11,2
38,160,11,2
38,66,11,2
39,101,11,2
39,87,11,2
40,140,11,1
40,157,11,2
41,92,11,2
44,148,11,2
44,100,11,2
44,180,11,2
44,66,11,2
46,142,11,2
47,125,11,2
47,63,11,2
47,83,11,2
47,93,11,2
48,157,11,2
48,97,11,2
50,77,11,1
50,88,11,2
52,112,11,1
52,177,11,2
52,170,11,2
52,143,11,2
52,199,11,2
52,97,11,2
54,191,11,2
54,91,11,2
55,199,11,1
55,192,11,2
55,150,11,2
56,151,11,2
56,120,11,2
57,178,11,2
58,152,11,2
59,81,11,2
59,164,11,2
60,134,11,2
60,101,11,2
60,116,11,2
61,164,11,1
61,186,11,1
61,199,11,2
61,148,11,2
61,147,11,2
61,97,11,2
61,125,11,2
65,180,11,2
65,129,11,2
66,162,11,2
66,180,11,2
69,199,11,2
69,197,11,2
69,82,11,2
69,157,11,2
71,73,11,2
71,194,11,2
71,116,11,2
71,95,11,2
73,107,11,2
73,116,11,2
74,89,11,1
76,100,11,2
76,170,11,2
76,174,11,2
77,80,11,1
78,167,11,1
81,193,11,2
81,182,11,2
84,125,11,2
92,187,11,2
92,192,11,2
92,108,11,2
93,135,11,2
94,182,11,2
95,154,11,1
95,164,11,2
96,97,11,2
97,147,11,2
100,180,11,2
101,114,11,2
101,134,11,2
102,150,11,2
103,193,11,2
103,135,11,2
105,189,11,2
105,131,11,2
107,177,11,2
108,173,11,2
111,177,11,2
112,176,11,2
114,181,11,2
116,154,11,2
116,166,11,2
120,154,11,2
120,146,11,2
122,196,11,2
125,135,11,2
127,176,11,1
127,151,11,2
131,135,11,2
131,166,11,2
131,189,11,2
135,144,11,2
135,161,11,2
137,171,11,1
137,158,11,2
141,177,11,2
142,196,11,1
143,176,11,2
143,172,11,2
143,177,11,2
149,166,11,2
151,177,11,2
151,191,11,2
152,172,11,2
158,178,11,2
160,180,11,2
160,166,11,2
161,192,11,2
170,196,11,2
170,199,11,2
172,183,11,2
172,190,11,2
173,178,11,2
176,187,11,2
178,197,11,2
196,197,11,2
1,78,12,1
1,37,12,2
1,152,12,2
2,189,12,2
3,86,12,2
4,52,12,1
4,177,12,2
4,182,12,2
5,73,12,2
5,95,12,2
6,28,12,2
6,86,12,2
8,135,12,2
8,158,12,2
8,178,12,2
9,120,12,1
9,39,12,2
9,87,12,2
9,64,12,2
11,137,12,2
12,150,12,2
12,87,12,2
12,82,12,2
12,97,12,2
17,129,12,2
19,189,12,2
20,50,12,2
20,166,12,2
24,180,12,1
24,153,12,2
26,178,12,2
28,97,12,2
29,97,12,2
29,170,12,2
31,191,12,2
34,114,12,1
35,117,12,1
36,122,12,2
37,199,12,2
38,160,12,2
38,66,12,2
39,101,12,2
39,87,12,2
40,140,12,1
40,157,12,2
41,92,12,2
44,148,12,2
44,100,12,2
44,180,12,2
44,66,12,2
46,142,12,2
47,125,12,2
47,63,12,2
47,83,12,2
47,93,12,2
48,157,12,2
48,97,12,2
48,58,12,1
50,77,12,1
50,88,12,2
52,112,12,1
52,177,12,2
52,170,12,2
52,143,12,2
52,199,12,2
52,97,12,2
54,191,12,2
54,91,12,2
55,199,12,1
55,192,12,2
55,150,12,2
56,151,12,2
56,120,12,2
57,178,12,2
58,152,12,2
59,81,12,2
59,164,12,2
60,134,12,2
60,101,12,2
60,116,12,2
61,164,12,1
61,186,12,1
61,199,12,2
61,148,12,2
61,147,12,2
61,97,12,2
61,125,12,2
65,180,12,2
65,129,12,2
66,162,12,2
66,180,12,2
68,157,12,2
69,199,12,2
69,197,12,2
69,82,12,2
69,157,12,2
71,73,12,2
71,194,12,2
71,116,12,2
71,95,12,2
73,107,12,2
73,116,12,2
74,89,12,1
76,100,12,2
76,170,12,2
76,174,12,2
77,80,12,1
78,167,12,1
81,193,12,2
81,182,12,2
84,125,12,2
92,187,12,2
92,192,12,2
92,108,12,2
93,135,12,2
94,182,12,2
95,154,12,1
95,164,12,2
96,97,12,2
97,147,12,2
100,180,12,2
101,114,12,2
101,134,12,2
102,150,12,2
102,199,12,2
103,193,12,2
103,135,12,2
105,189,12,2
105,131,12,2
107,177,12,2
108,173,12,2
111,177,12,2
112,176,12,2
114,181,12,2
116,154,12,2
116,166,12,2
120,154,12,2
120,146,12,2
121,144,12,2
122,196,12,2
125,135,12,2
127,176,12,1
127,151,12,2
131,135,12,2
131,166,12,2
131,189,12,2
135,144,12,2
135,161,12,2
137,171,12,1
137,158,12,2
141,177,12,2
142,196,12,1
143,176,12,2
143,172,12,2
143,177,12,2
149,166,12,2
151,177,12,2
151,191,12,2
152,172,12,2
158,178,12,2
160,180,12,2
160,166,12,2
161,192,12,2
170,196,12,2
170,199,12,2
172,183,12,2
172,190,12,2
173,178,12,2
176,187,12,2
178,197,12,2
196,197,12,2
1,78,13,1
1,37,13,2
1,152,13,2
2,189,13,2
3,86,13,2
4,52,13,1
4,177,13,2
4,182,13,2
5,73,13,2
5,95,13,2
6,28,13,2
6,86,13,2
8,135,13,2
8,158,13,2
8,178,13,2
9,120,13,1
9,39,13,2
9,87,13,2
9,64,13,2
11,137,13,2
12,150,13,2
12,87,13,2
12,82,13,2
12,97,13,2
17,129,13,2
19,189,13,2
20,50,13,2
20,166,13,2
24,180,13,1
24,153,13,2
26,178,13,2
28,97,13,2
29,97,13,2
29,170,13,2
31,191,13,2
34,114,13,1
35,117,13,1
36,122,13,2
37,199,13,2
38,160,13,2
38,66,13,2
39,101,13,2
39,87,13,2
40,140,13,1
40,157,13,2
41,92,13,2
44,148,13,2
44,100,13,2
44,180,13,2
44,66,13,2
46,142,13,2
47,125,13,2
47,63,13,2
47,83,13,2
47,93,13,2
48,157,13,2
48,97,13,2
48,58,13,1
50,77,13,1
50,88,13,2
52,112,13,1
52,177,13,2
52,170,13,2
52,143,13,2
52,199,13,2
52,97,13,2
54,191,13,2
54,91,13,2
55,199,13,1
55,192,13,2
55,150,13,2
56,151,13,2
56,120,13,2
57,178,13,2
58,152,13,2
59,81,13,2
59,164,13,2
60,134,13,2
60,101,13,2
60,116,13,2
61,164,13,1
61,186,13,1
61,199,13,2
61,148,13,2
61,147,13,2
61,97,13,2
61,125,13,2
65,180,13,2
65,129,13,2
66,162,13,2
66,180,13,2
68,157,13,2
69,199,13,2
69,197,13,2
69,82,13,2
69,157,13,2
71,73,13,2
71,194,13,2
71,116,13,2
71,95,13,2
73,107,13,2
73,116,13,2
74,89,13,1
76,100,13,2
76,170,13,2
76,174,13,2
77,80,13,1
78,167,13,1
81,193,13,2
81,182,13,2
84,125,13,2
92,187,13,2
92,192,13,2
92,108,13,2
93,135,13,2
94,182,13,2
95,154,13,1
95,164,13,2
96,97,13,2
97,147,13,2
100,180,13,2
101,114,13,2
101,134,13,2
102,150,13,2
102,199,13,2
103,193,13,2
103,135,13,2
105,189,13,2
105,131,13,2
107,177,13,2
108,173,13,2
111,177,13,2
112,176,13,2
114,181,13,2
116,154,13,2
116,166,13,2
120,154,13,2
120,146,13,2
121,144,13,2
122,196,13,2
125,135,13,2
127,176,13,1
127,151,13,2
131,135,13,2
131,166,13,2
131,189,13,2
135,144,13,2
135,161,13,2
137,171,13,1
137,158,13,2
141,177,13,2
142,196,13,1
143,176,13,2
143,172,13,2
143,177,13,2
149,166,13,2
151,177,13,2
151,191,13,2
152,172,13,2
158,178,13,2
160,180,13,2
160,166,13,2
161,192,13,2
170,196,13,2
170,199,13,2
172,183,13,2
172,190,13,2
173,178,13,2
176,187,13,2
178,197,13,2
196,197,13,2
1,78,14,1
1,37,14,2
1,152,14,2
2,189,14,2
3,86,14,2
4,52,14,1
4,177,14,2
4,182,14,2
5,73,14,2
5,95,14,2
5,116,14,2
6,28,14,2
6,86,14,2
7,162,14,2
8,135,14,2
8,158,14,2
8,178,14,2
9,120,14,1
9,39,14,2
9,87,14,2
9,64,14,2
11,137,14,2
12,150,14,2
12,87,14,2
12,82,14,2
12,97,14,2
17,129,14,2
19,189,14,2
20,50,14,2
20,166,14,2
24,180,14,1
24,153,14,2
26,178,14,2
28,97,14,2
29,97,14,2
29,170,14,2
31,191,14,2
34,114,14,1
35,117,14,1
36,122,14,2
37,199,14,2
38,160,14,2
38,66,14,2
39,101,14,2
39,87,14,2
40,140,14,1
40,157,14,2
41,92,14,2
44,148,14,2
44,100,14,2
44,180,14,2
44,66,14,2
46,142,14,2
47,125,14,2
47,63,14,2
47,83,14,2
47,93,14,2
48,157,14,2
48,97,14,2
48,58,14,1
50,77,14,1
50,88,14,2
52,112,14,1
52,177,14,2
52,170,14,2
52,143,14,2
52,199,14,2
52,97,14,2
52,85,14,2
54,191,14,2
54,91,14,2
55,199,14,1
55,192,14,2
55,150,14,2
56,151,14,2
56,120,14,2
57,178,14,2
58,152,14,2
59,81,14,2
59,164,14,2
60,134,14,2
60,101,14,2
60,116,14,2
61,164,14,1
61,186,14,1
61,199,14,2
61,148,14,2
61,147,14,2
61,97,14,2
61,125,14,2
61,81,14,2
65,180,14,2
65,129,14,2
66,162,14,2
66,180,14,2
68,157,14,2
69,199,14,2
69,197,14,2
69,82,14,2
69,157,14,2
71,73,14,2
71,194,14,2
71,116,14,2
71,95,14,2
73,107,14,2
73,116,14,2
74,89,14,1
76,100,14,2
76,170,14,2
76,174,14,2
77,80,14,1
78,167,14,1
81,193,14,2
81,182,14,2
84,125,14,2
92,187,14,2
92,192,14,2
92,108,14,2
93,135,14,2
94,182,14,2
95,154,14,1
95,164,14,2
96,97,14,2
97,147,14,2
100,180,14,2
101,114,14,2
101,134,14,2
102,150,14,2
102,199,14,2
103,193,14,2
103,135,14,2
105,189,14,2
105,131,14,2
107,177,14,2
108,173,14,2
111,177,14,2
112,176,14,2
114,181,14,2
116,154,14,2
116,166,14,2
120,154,14,2
120,146,14,2
121,144,14,2
122,196,14,2
125,135,14,2
127,176,14,1
127,151,14,2
131,135,14,2
131,166,14,2
131,189,14,2
135,144,14,2
135,161,14,2
137,171,14,1
137,158,14,2
141,177,14,2
142,196,14,1
143,176,14,2
143,172,14,2
143,177,14,2
149,166,14,2
151,177,14,2
151,191,14,2
152,172,14,2
158,178,14,2
160,180,14,2
160,166,14,2
161,192,14,2
170,196,14,2
170,199,14,2
172,183,14,2
172,190,14,2
173,178,14,2
176,187,14,2
178,197,14,2
196,197,14,2
1,78,15,1
1,37,15,2
1,152,15,2
2,189,15,2
3,86,15,2
4,52,15,1
4,177,15,2
4,182,15,2
5,73,15,2
5,95,15,2
5,116,15,2
6,28,15,2
6,86,15,2
7,162,15,2
8,135,15,2
8,158,15,2
8,178,15,2
9,120,15,1
9,39,15,2
9,87,15,2
9,64,15,2
11,137,15,2
12,150,15,2
12,87,15,2
12,82,15,2
12,97,15,2
17,129,15,2
19,189,15,2
20,50,15,2
20,166,15,2
24,180,15,1
24,153,15,2
26,178,15,2
28,97,15,2
28,133,15,2
29,97,15,2
29,170,15,2
31,191,15,2
34,114,15,1
35,117,15,1
36,122,15,2
37,199,15,2
38,160,15,2
38,66,15,2
39,101,15,2
39,87,15,2
40,140,15,1
40,157,15,2
41,92,15,2
44,148,15,2
44,100,15,2
44,180,15,2
44,66,15,2
46,142,15,2
47,125,15,2
47,63,15,2
47,83,15,2
47,93,15,2
48,157,15,2
48,97,15,2
48,58,15,1
50,77,15,1
50,88,15,2
52,112,15,1
52,177,15,2
52,170,15,2
52,143,15,2
52,199,15,2
52,97,15,2
52,85,15,2
54,191,15,2
54,91,15,2
55,199,15,1
55,192,15,2
55,150,15,2
56,151,15,2
56,120,15,2
57,178,15,2
58,152,15,2
59,81,15,2
59,164,15,2
60,134,15,2
60,101,15,2
60,116,15,2
61,164,15,1
61,186,15,1
61,199,15,2
61,148,15,2
61,147,15,2
61,97,15,2
61,125,15,2
61,81,15,2
65,180,15,2
65,129,15,2
66,162,15,2
66,180,15,2
66,138,15,2
68,157,15,2
69,199,15,2
69,197,15,2
69,82,15,2
69,157,15,2
71,73,15,2
71,194,15,2
71,116,15,2
71,95,15,2
73,107,15,2
73,116,15,2
74,89,15,1
76,100,15,2
76,170,15,2
76,174,15,2
77,80,15,1
78,167,15,1
81,193,15,2
81,182,15,2
84,125,15,2
92,187,15,2
92,192,15,2
92,108,15,2
93,135,15,2
94,182,15,2
95,154,15,1
95,164,15,2
96,97,15,2
97,147,15,2
100,180,15,2
101,114,15,2
101,134,15,2
102,150,15,2
102,199,15,2
103,193,15,2
103,135,15,2
105,189,15,2
105,131,15,2
107,177,15,2
108,173,15,2
111,177,15,2
112,176,15,2
114,181,15,2
116,154,15,2
116,166,15,2
120,154,15,2
120,146,15,2
121,144,15,2
122,196,15,2
125,135,15,2
127,176,15,1
127,151,15,2
131,135,15,2
131,166,15,2
131,189,15,2
135,144,15,2
135,161,15,2
137,171,15,1
137,158,15,2
141,177,15,2
142,196,15,1
143,176,15,2
143,172,15,2
143,177,15,2
149,166,15,2
151,177,15,2
151,191,15,2
152,172,15,2
158,178,15,2
160,180,15,2
160,166,15,2
161,192,15,2
170,196,15,2
170,199,15,2
172,183,15,2
172,190,15,2
173,178,15,2
176,187,15,2
178,197,15,2
196,197,15,2
1,78,16,1
1,37,16,2
1,152,16,2
2,189,16,2
3,86,16,2
4,52,16,1
4,177,16,2
4,182,16,2
5,73,16,2
5,95,16,2
5,116,16,2
6,28,16,2
6,86,16,2
7,162,16,2
8,135,16,2
8,158,16,2
8,178,16,2
9,120,16,1
9,39,16,2
9,87,16,2
9,64,16,2
11,137,16,2
12,150,16,2
12,87,16,2
12,82,16,2
12,97,16,2
17,129,16,2
19,189,16,2
20,50,16,2
20,166,16,2
24,180,16,1
24,153,16,2
26,178,16,2
28,97,16,2
28,133,16,2
29,97,16,2
29,170,16,2
31,191,16,2
34,114,16,1
35,117,16,1
36,122,16,2
37,199,16,2
38,160,16,2
38,66,16,2
39,101,16,2
39,87,16,2
40,140,16,1
40,157,16,2
41,92,16,2
44,148,16,2
44,100,16,2
44,180,16,2
44,66,16,2
46,142,16,2
47,125,16,2
47,63,16,2
47,83,16,2
47,93,16,2
48,157,16,2
48,97,16,2
48,58,16,1
50,77,16,1
50,88,16,2
52,112,16,1
52,177,16,2
52,170,16,2
52,143,16,2
52,199,16,2
52,97,16,2
52,85,16,2
54,191,16,2
54,91,16,2
55,199,16,1
55,192,16,2
55,150,16,2
56,151,16,2
56,120,16,2
57,178,16,2
58,152,16,2
59,81,16,2
59,164,16,2
60,134,16,2
60,101,16,2
60,116,16,2
61,164,16,1
61,186,16,1
61,199,16,2
61,148,16,2
61,147,16,2
61,97,16,2
61,125,16,2
61,81,16,2
65,180,16,2
65,129,16,2
66,162,16,2
66,180,16,2
66,138,16,2
68,157,16,2
69,199,16,2
69,197,16,2
69,82,16,2
69,157,16,2
69,196,16,2
71,73,16,2
71,194,16,2
71,116,16,2
71,95,16,2
73,107,16,2
73,116,16,2
74,89,16,1
76,100,16,2
76,170,16,2
76,174,16,2
76,89,16,2
77,80,16,1
78,167,16,1
81,193,16,2
81,182,16,2
84,125,16,2
92,187,16,2
92,192,16,2
92,108,16,2
93,135,16,2
94,182,16,2
95,154,16,1
95,164,16,2
96,97,16,2
97,147,16,2
100,180,16,2
101,114,16,2
101,134,16,2
102,150,16,2
102,199,16,2
103,193,16,2
103,135,16,2
105,189,16,2
105,131,16,2
107,177,16,2
108,173,16,2
111,177,16,2
112,176,16,2
112,151,16,2
114,181,16,2
116,154,16,2
116,166,16,2
120,154,16,2
120,146,16,2
121,144,16,2
122,196,16,2
125,135,16,2
127,176,16,1
127,151,16,2
131,135,16,2
131,166,16,2
131,189,16,2
135,144,16,2
135,161,16,2
137,171,16,1
137,158,16,2
141,177,16,2
142,196,16,1
143,176,16,2
143,172,16,2
143,177,16,2
149,166,16,2
151,177,16,2
151,191,16,2
152,172,16,2
158,178,16,2
160,180,16,2
160,166,16,2
161,192,16,2
170,196,16,2
170,199,16,2
172,183,16,2
172,190,16,2
173,178,16,2
176,187,16,2
178,197,16,2
196,197,16,2
1,78,17,1
1,37,17,2
1,152,17,2
2,189,17,2
3,86,17,2
4,52,17,1
4,177,17,2
4,182,17,2
5,73,17,2
5,95,17,2
5,116,17,2
6,28,17,2
6,86,17,2
7,162,17,2
8,135,17,2
8,158,17,2
8,178,17,2
9,120,17,1
9,39,17,2
9,87,17,2
9,64,17,2
10,47,17,2
11,137,17,2
12,150,17,2
12,87,17,2
12,82,17,2
12,97,17,2
17,129,17,2
19,189,17,2
20,50,17,2
20,166,17,2
24,180,17,1
24,153,17,2
26,178,17,2
28,97,17,2
28,133,17,2
29,97,17,2
29,170,17,2
31,191,17,2
34,114,17,1
35,117,17,1
36,122,17,2
37,199,17,2
38,160,17,2
38,66,17,2
39,101,17,2
39,87,17,2
40,140,17,1
40,157,17,2
41,92,17,2
44,148,17,2
44,100,17,2
44,180,17,2
44,66,17,2
46,142,17,2
47,125,17,2
47,63,17,2
47,83,17,2
47,93,17,2
48,157,17,2
48,97,17,2
48,58,17,1
50,77,17,1
50,88,17,2
52,112,17,1
52,177,17,2
52,170,17,2
52,143,17,2
52,199,17,2
52,97,17,2
52,85,17,2
54,191,17,2
54,91,17,2
55,199,17,1
55,192,17,2
55,150,17,2
56,151,17,2
56,120,17,2
57,178,17,2
58,152,17,2
59,81,17,2
59,164,17,2
60,134,17,2
60,101,17,2
60,116,17,2
61,164,17,1
61,186,17,1
61,199,17,2
61,148,17,2
61,147,17,2
61,97,17,2
61,125,17,2
61,81,17,2
65,180,17,2
65,129,17,2
66,162,17,2
66,180,17,2
66,138,17,2
68,157,17,2
69,199,17,2
69,197,17,2
69,82,17,2
69,157,17,2
69,196,17,2
71,73,17,2
71,194,17,2
71,116,17,2
71,95,17,2
73,107,17,2
73,116,17,2
74,89,17,1
76,100,17,2
76,170,17,2
76,174,17,2
77,80,17,1
78,167,17,1
81,193,17,2
81,182,17,2
84,125,17,2
92,187,17,2
92,192,17,2
92,108,17,2
93,135,17,2
94,182,17,2
95,154,17,1
95,164,17,2
96,97,17,2
97,147,17,2
100,180,17,2
101,114,17,2
101,134,17,2
102,150,17,2
102,199,17,2
103,193,17,2
103,135,17,2
105,189,17,2
105,131,17,2
107,177,17,2
108,173,17,2
111,177,17,2
112,176,17,2
112,151,17,2
114,181,17,2
116,154,17,2
116,166,17,2
120,154,17,2
120,146,17,2
121,144,17,2
122,196,17,2
125,135,17,2
127,176,17,1
127,151,17,2
131,135,17,2
131,166,17,2
131,189,17,2
135,144,17,2
135,161,17,2
137,171,17,1
137,158,17,2
141,177,17,2
142,196,17,1
143,176,17,2
143,172,17,2
143,177,17,2
149,166,17,2
151,177,17,2
151,191,17,2
152,172,17,2
158,178,17,2
160,180,17,2
160,166,17,2
161,192,17,2
170,196,17,2
170,199,17,2
172,183,17,2
172,190,17,2
173,178,17,2
176,187,17,2
178,197,17,2
196,197,17,2
1,78,18,1
1,37,18,2
1,152,18,2
2,189,18,2
3,86,18,2
3,47,18,2
4,52,18,1
4,177,18,2
4,182,18,2
5,73,18,2
5,95,18,2
5,116,18,2
5,118,18,2
6,28,18,2
6,86,18,2
7,162,18,2
8,135,18,2
8,158,18,2
8,178,18,2
9,120,18,1
9,39,18,2
9,87,18,2
9,64,18,2
10,47,18,2
11,137,18,2
12,150,18,2
12,87,18,2
12,82,18,2
12,97,18,2
17,129,18,2
19,189,18,2
20,50,18,2
20,166,18,2
24,180,18,1
24,153,18,2
26,178,18,2
27,137,18,2
28,97,18,2
28,133,18,2
29,97,18,2
29,170,18,2
31,191,18,2
34,114,18,1
35,117,18,1
36,122,18,2
37,199,18,2
38,160,18,2
38,66,18,2
39,101,18,2
39,87,18,2
39,60,18,2
40,140,18,1
40,157,18,2
41,92,18,2
44,148,18,2
44,100,18,2
44,180,18,2
44,66,18,2
46,142,18,2
47,125,18,2
47,63,18,2
47,83,18,2
47,93,18,2
48,157,18,2
48,97,18,2
48,58,18,1
50,77,18,1
50,88,18,2
52,112,18,1
52,177,18,2
52,170,18,2
52,143,18,2
52,199,18,2
52,97,18,2
52,85,18,2
54,191,18,2
54,91,18,2
55,199,18,1
55,192,18,2
55,150,18,2
56,151,18,2
56,120,18,2
57,178,18,2
58,152,18,2
59,81,18,2
59,164,18,2
60,134,18,2
60,101,18,2
60,116,18,2
61,164,18,1
61,186,18,1
61,199,18,2
61,148,18,2
61,147,18,2
61,97,18,2
61,125,18,2
61,81,18,2
65,180,18,2
65,129,18,2
66,162,18,2
66,180,18,2
66,138,18,2
68,157,18,2
69,199,18,2
69,197,18,2
69,82,18,2
69,157,18,2
69,196,18,2
71,73,18,2
71,194,18,2
71,116,18,2
71,95,18,2
73,107,18,2
73,116,18,2
74,89,18,1
76,100,18,2
76,170,18,2
76,174,18,2
77,80,18,1
78,167,18,1
81,193,18,2
81,182,18,2
84,125,18,2
92,187,18,2
92,192,18,2
92,108,18,2
93,135,18,2
94,182,18,2
95,154,18,1
95,164,18,2
96,97,18,2
97,147,18,2
100,180,18,2
101,114,18,2
101,134,18,2
102,150,18,2
102,199,18,2
103,193,18,2
103,135,18,2
105,189,18,2
105,131,18,2
107,177,18,2
108,173,18,2
111,177,18,2
112,176,18,2
112,151,18,2
114,181,18,2
116,154,18,2
116,166,18,2
120,154,18,2
120,146,18,2
121,144,18,2
122,196,18,2
125,135,18,2
127,176,18,1
127,151,18,2
131,135,18,2
131,166,18,2
131,189,18,2
135,144,18,2
135,161,18,2
137,171,18,1
137,158,18,2
141,177,18,2
142,196,18,1
143,176,18,2
143,172,18,2
143,177,18,2
149,166,18,2
151,177,18,2
151,191,18,2
152,172,18,2
158,178,18,2
160,180,18,2
160,166,18,2
161,192,18,2
164,199,18,2
170,196,18,2
170,199,18,2
172,183,18,2
172,190,18,2
173,178,18,2
176,187,18,2
178,197,18,2
196,197,18,2
1,78,19,1
1,37,19,2
1,152,19,2
2,189,19,2
3,86,19,2
3,47,19,2
4,52,19,1
4,177,19,2
4,182,19,2
5,73,19,2
5,95,19,2
5,116,19,2
5,118,19,2
6,28,19,2
6,86,19,2
7,162,19,2
8,135,19,2
8,158,19,2
8,178,19,2
9,120,19,1
9,39,19,2
9,87,19,2
9,64,19,2
10,47,19,2
11,137,19,2
12,150,19,2
12,87,19,2
12,82,19,2
12,97,19,2
17,129,19,2
19,189,19,2
20,50,19,2
20,166,19,2
24,180,19,1
24,153,19,2
26,178,19,2
27,137,19,2
28,97,19,2
28,133,19,2
29,97,19,2
29,170,19,2
31,191,19,2
34,114,19,1
35,117,19,1
36,122,19,2
37,199,19,2
38,160,19,2
38,66,19,2
39,101,19,2
39,87,19,2
39,60,19,2
40,140,19,1
40,157,19,2
41,92,19,2
44,148,19,2
44,100,19,2
44,180,19,2
44,66,19,2
46,142,19,2
47,125,19,2
47,63,19,2
47,83,19,2
47,93,19,2
48,157,19,2
48,97,19,2
48,58,19,1
50,77,19,1
50,88,19,2
52,112,19,1
52,177,19,2
52,170,19,2
52,143,19,2
52,199,19,2
52,97,19,2
52,85,19,2
54,191,19,2
54,91,19,2
55,199,19,1
55,192,19,2
55,150,19,2
56,151,19,2
56,120,19,2
57,178,19,2
58,152,19,2
59,81,19,2
59,164,19,2
60,134,19,2
60,101,19,2
60,116,19,2
61,164,19,1
61,186,19,1
61,199,19,2
61,148,19,2
61,147,19,2
61,97,19,2
61,125,19,2
61,81,19,2
65,180,19,2
65,129,19,2
66,162,19,2
66,180,19,2
66,138,19,2
68,157,19,2
69,199,19,2
69,197,19,2
69,82,19,2
69,157,19,2
69,196,19,2
71,73,19,2
71,194,19,2
71,116,19,2
71,95,19,2
73,107,19,2
73,116,19,2
74,89,19,1
76,100,19,2
76,170,19,2
76,174,19,2
77,80,19,1
78,167,19,1
81,193,19,2
81,182,19,2
84,125,19,2
92,187,19,2
92,192,19,2
92,108,19,2
93,135,19,2
94,182,19,2
95,154,19,1
95,164,19,2
96,97,19,2
97,147,19,2
100,180,19,2
101,114,19,2
101,134,19,2
102,150,19,2
102,199,19,2
103,193,19,2
103,135,19,2
105,189,19,2
105,131,19,2
107,177,19,2
108,173,19,2
111,177,19,2
112,176,19,2
112,151,19,2
114,181,19,2
116,154,19,2
116,166,19,2
120,154,19,2
120,146,19,2
121,144,19,2
122,196,19,2
125,135,19,2
127,176,19,1
127,151,19,2
131,135,19,2
131,166,19,2
131,189,19,2
135,144,19,2
135,161,19,2
137,171,19,1
137,158,19,2
141,177,19,2
142,196,19,1
143,176,19,2
143,172,19,2
143,177,19,2
149,166,19,2
151,177,19,2
151,191,19,2
152,172,19,2
158,178,19,2
160,180,19,2
160,166,19,2
161,192,19,2
164,199,19,2
170,196,19,2
170,199,19,2
172,183,19,2
172,190,19,2
173,178,19,2
176,187,19,2
178,197,19,2
196,197,19,2
1,78,20,1
1,37,20,2
1,152,20,2
2,189,20,2
3,86,20,2
3,47,20,2
4,52,20,1
4,177,20,2
4,182,20,2
5,73,20,2
5,95,20,2
5,116,20,2
5,118,20,2
6,28,20,2
6,86,20,2
7,162,20,2
8,135,20,2
8,158,20,2
8,178,20,2
9,120,20,1
9,39,20,2
9,87,20,2
9,64,20,2
10,47,20,2
11,137,20,2
12,150,20,2
12,87,20,2
12,82,20,2
12,97,20,2
17,129,20,2
19,189,20,2
20,50,20,2
20,166,20,2
24,180,20,1
24,153,20,2
26,178,20,2
27,137,20,2
28,97,20,2
28,133,20,2
29,97,20,2
29,170,20,2
31,191,20,2
34,114,20,1
35,117,20,1
36,122,20,2
37,199,20,2
38,160,20,2
38,66,20,2
39,101,20,2
39,87,20,2
39,60,20,2
40,140,20,1
40,157,20,2
41,92,20,2
44,148,20,2
44,100,20,2
44,180,20,2
44,66,20,2
44,99,20,2
46,142,20,2
47,125,20,2
47,63,20,2
47,83,20,2
47,93,20,2
48,157,20,2
48,97,20,2
48,58,20,1
50,77,20,1
50,88,20,2
52,112,20,1
52,177,20,2
52,170,20,2
52,143,20,2
52,199,20,2
52,97,20,2
52,85,20,2
54,191,20,2
54,91,20,2
55,199,20,1
55,192,20,2
55,150,20,2
56,151,20,2
56,120,20,2
57,178,20,2
58,152,20,2
59,81,20,2
59,164,20,2
60,134,20,2
60,101,20,2
60,116,20,2
61,164,20,1
61,186,20,1
61,199,20,2
61,148,20,2
61,147,20,2
61,97,20,2
61,125,20,2
61,81,20,2
63,121,20,2
65,180,20,2
65,129,20,2
66,162,20,2
66,180,20,2
66,138,20,2
68,157,20,2
69,199,20,2
69,197,20,2
69,82,20,2
69,157,20,2
69,196,20,2
71,73,20,2
71,194,20,2
71,116,20,2
71,95,20,2
73,107,20,2
73,116,20,2
74,89,20,1
76,100,20,2
76,170,20,2
76,174,20,2
77,80,20,1
78,167,20,1
81,193,20,2
81,182,20,2
84,125,20,2
92,187,20,2
92,192,20,2
92,108,20,2
93,135,20,2
94,182,20,2
95,154,20,1
95,164,20,2
96,97,20,2
97,147,20,2
100,180,20,2
101,114,20,2
101,134,20,2
102,150,20,2
102,199,20,2
103,193,20,2
103,135,20,2
105,189,20,2
105,131,20,2
107,177,20,2
108,173,20,2
111,177,20,2
112,176,20,2
112,151,20,2
114,181,20,2
116,154,20,2
116,166,20,2
120,154,20,2
120,146,20,2
121,144,20,2
122,196,20,2
125,135,20,2
127,176,20,1
127,151,20,2
131,135,20,2
131,166,20,2
131,189,20,2
131,191,20,2
135,144,20,2
135,161,20,2
137,171,20,1
137,158,20,2
141,177,20,2
142,196,20,1
143,176,20,2
143,172,20,2
143,177,20,2
149,166,20,2
151,177,20,2
151,191,20,2
152,172,20,2
158,178,20,2
160,180,20,2
160,166,20,2
161,192,20,2
164,199,20,2
170,196,20,2
170,199,20,2
172,183,20,2
172,190,20,2
173,178,20,2
176,187,20,2
178,197,20,2
196,197,20,2
1,78,21,1
1,37,21,2
1,152,21,2
2,189,21,2
3,86,21,2
3,47,21,2
4,52,21,1
4,177,21,2
4,182,21,2
5,73,21,2
5,95,21,2
5,116,21,2
5,118,21,2
6,28,21,2
6,86,21,2
7,162,21,2
8,135,21,2
8,158,21,2
8,178,21,2
9,120,21,1
9,39,21,2
9,87,21,2
9,64,21,2
10,47,21,2
11,137,21,2
12,150,21,2
12,87,21,2
12,82,21,2
12,97,21,2
17,129,21,2
19,189,21,2
20,50,21,2
20,166,21,2
24,180,21,1
24,153,21,2
26,178,21,2
27,137,21,2
28,97,21,2
28,133,21,2
29,97,21,2
29,170,21,2
31,191,21,2
34,114,21,1
35,117,21,1
36,122,21,2
37,199,21,2
38,160,21,2
38,66,21,2
39,101,21,2
39,87,21,2
39,60,21,2
40,140,21,1
40,157,21,2
41,92,21,2
44,148,21,2
44,100,21,2
44,180,21,2
44,66,21,2
44,99,21,2
46,142,21,2
47,125,21,2
47,63,21,2
47,83,21,2
47,93,21,2
48,157,21,2
48,97,21,2
48,58,21,1
50,77,21,1
50,88,21,2
52,112,21,1
52,177,21,2
52,170,21,2
52,143,21,2
52,199,21,2
52,97,21,2
52,85,21,2
54,191,21,2
54,91,21,2
55,199,21,1
55,192,21,2
55,150,21,2
56,151,21,2
56,120,21,2
57,178,21,2
58,152,21,2
59,81,21,2
59,164,21,2
60,134,21,2
60,101,21,2
60,116,21,2
61,164,21,1
61,186,21,1
61,199,21,2
61,148,21,2
61,147,21,2
61,97,21,2
61,125,21,2
61,81,21,2
63,121,21,2
65,180,21,2
65,129,21,2
66,162,21,2
66,180,21,2
66,138,21,2
66,74,21,2
68,157,21,2
69,199,21,2
69,197,21,2
69,82,21,2
69,157,21,2
69,196,21,2
71,73,21,2
71,194,21,2
71,116,21,2
71,95,21,2
73,107,21,2
73,116,21,2
74,89,21,1
76,100,21,2
76,170,21,2
76,174,21,2
77,80,21,1
78,167,21,1
81,193,21,2
81,182,21,2
84,125,21,2
92,187,21,2
92,192,21,2
92,108,21,2
93,135,21,2
94,182,21,2
95,154,21,1
95,164,21,2
96,97,21,2
97,147,21,2
100,180,21,2
101,114,21,2
101,134,21,2
102,150,21,2
102,199,21,2
103,193,21,2
103,135,21,2
105,189,21,2
105,131,21,2
107,177,21,2
108,173,21,2
111,177,21,2
112,176,21,2
112,151,21,2
114,181,21,2
116,154,21,2
116,166,21,2
120,154,21,2
120,146,21,2
121,144,21,2
122,196,21,2
125,135,21,2
127,176,21,1
127,151,21,2
131,135,21,2
131,166,21,2
131,189,21,2
131,191,21,2
135,144,21,2
135,161,21,2
137,171,21,1
137,158,21,2
141,177,21,2
142,196,21,1
143,176,21,2
143,172,21,2
143,177,21,2
149,166,21,2
151,177,21,2
151,191,21,2
152,172,21,2
158,178,21,2
160,180,21,2
160,166,21,2
161,192,21,2
164,199,21,2
170,196,21,2
170,199,21,2
172,183,21,2
172,190,21,2
173,178,21,2
176,187,21,2
178,197,21,2
196,197,21,2
1,78,22,1
1,37,22,2
1,152,22,2
2,189,22,2
3,86,22,2
3,47,22,2
4,52,22,1
4,177,22,2
4,182,22,2
5,73,22,2
5,95,22,2
5,116,22,2
5,118,22,2
6,28,22,2
6,86,22,2
7,162,22,2
8,135,22,2
8,158,22,2
8,178,22,2
9,120,22,1
9,39,22,2
9,87,22,2
9,64,22,2
10,47,22,2
11,137,22,2
12,150,22,2
12,87,22,2
12,82,22,2
12,97,22,2
17,129,22,2
19,189,22,2
20,50,22,2
20,166,22,2
24,180,22,1
24,153,22,2
26,178,22,2
27,137,22,2
28,97,22,2
28,133,22,2
29,97,22,2
29,170,22,2
31,191,22,2
34,114,22,1
35,117,22,1
36,122,22,2
37,199,22,2
38,160,22,2
38,66,22,2
39,101,22,2
39,87,22,2
39,60,22,2
40,140,22,1
40,157,22,2
41,92,22,2
44,148,22,2
44,100,22,2
44,180,22,2
44,66,22,2
44,99,22,2
46,142,22,2
47,125,22,2
47,63,22,2
47,83,22,2
47,93,22,2
48,157,22,2
48,97,22,2
48,58,22,1
50,77,22,1
50,88,22,2
52,112,22,1
52,177,22,2
52,170,22,2
52,143,22,2
52,199,22,2
52,97,22,2
52,85,22,2
54,191,22,2
54,91,22,2
55,199,22,1
55,192,22,2
55,150,22,2
56,151,22,2
56,120,22,2
57,178,22,2
58,152,22,2
59,81,22,2
59,164,22,2
60,134,22,2
60,101,22,2
60,116,22,2
61,164,22,1
61,186,22,1
61,199,22,2
61,148,22,2
61,147,22,2
61,97,22,2
61,125,22,2
61,81,22,2
63,121,22,2
65,180,22,2
65,129,22,2
66,162,22,2
66,180,22,2
66,138,22,2
68,157,22,2
69,199,22,2
69,197,22,2
69,82,22,2
69,157,22,2
69,196,22,2
71,73,22,2
71,194,22,2
71,116,22,2
71,95,22,2
73,107,22,2
73,116,22,2
74,89,22,1
76,100,22,2
76,170,22,2
76,174,22,2
77,80,22,1
78,167,22,1
81,193,22,2
81,182,22,2
84,125,22,2
92,187,22,2
92,192,22,2
92,108,22,2
93,135,22,2
94,182,22,2
95,154,22,1
95,164,22,2
96,97,22,2
97,147,22,2
100,180,22,2
101,114,22,2
101,134,22,2
102,150,22,2
102,199,22,2
103,193,22,2
103,135,22,2
105,189,22,2
105,131,22,2
107,177,22,2
108,173,22,2
111,177,22,2
112,176,22,2
112,151,22,2
114,181,22,2
116,154,22,2
116,166,22,2
120,154,22,2
120,146,22,2
121,144,22,2
122,196,22,2
125,135,22,2
127,176,22,1
127,151,22,2
131,135,22,2
131,166,22,2
131,189,22,2
131,191,22,2
135,144,22,2
135,161,22,2
137,171,22,1
137,158,22,2
141,177,22,2
142,196,22,1
143,176,22,2
143,172,22,2
143,177,22,2
149,166,22,2
151,177,22,2
151,191,22,2
152,172,22,2
158,178,22,2
160,180,22,2
160,166,22,2
161,192,22,2
164,199,22,2
170,196,22,2
170,199,22,2
172,183,22,2
172,190,22,2
173,178,22,2
176,187,22,2
178,197,22,2
196,197,22,2
1,78,23,1
1,37,23,2
1,152,23,2
2,189,23,2
3,86,23,2
3,47,23,2
4,52,23,1
4,177,23,2
4,182,23,2
5,73,23,2
5,95,23,2
5,116,23,2
5,118,23,2
6,28,23,2
6,86,23,2
7,162,23,2
8,135,23,2
8,158,23,2
8,178,23,2
9,120,23,1
9,39,23,2
9,87,23,2
9,64,23,2
10,47,23,2
11,137,23,2
12,150,23,2
12,87,23,2
12,82,23,2
12,97,23,2
17,129,23,2
19,189,23,2
20,50,23,2
20,166,23,2
24,180,23,1
24,153,23,2
26,178,23,2
27,137,23,2
28,97,23,2
28,133,23,2
29,97,23,2
29,170,23,2
31,191,23,2
34,114,23,1
35,117,23,1
36,122,23,2
37,199,23,2
38,160,23,2
38,66,23,2
39,101,23,2
39,87,23,2
39,60,23,2
40,140,23,1
40,157,23,2
41,92,23,2
41,187,23,2
42,51,23,2
44,148,23,2
44,100,23,2
44,180,23,2
44,66,23,2
44,99,23,2
46,142,23,2
47,125,23,2
47,63,23,2
47,83,23,2
47,93,23,2
48,157,23,2
48,97,23,2
48,58,23,1
50,77,23,1
50,88,23,2
52,112,23,1
52,177,23,2
52,170,23,2
52,143,23,2
52,199,23,2
52,97,23,2
52,85,23,2
54,191,23,2
54,91,23,2
54,158,23,2
55,199,23,1
55,192,23,2
55,150,23,2
56,151,23,2
56,120,23,2
57,178,23,2
58,152,23,2
59,81,23,2
59,164,23,2
60,134,23,2
60,101,23,2
60,116,23,2
61,164,23,1
61,186,23,1
61,199,23,2
61,148,23,2
61,147,23,2
61,97,23,2
61,125,23,2
61,81,23,2
63,121,23,2
65,180,23,2
65,129,23,2
66,162,23,2
66,180,23,2
66,138,23,2
68,157,23,2
69,199,23,2
69,197,23,2
69,82,23,2
69,157,23,2
69,196,23,2
71,73,23,2
71,194,23,2
71,116,23,2
71,95,23,2
73,107,23,2
73,116,23,2
74,89,23,1
76,100,23,2
76,170,23,2
76,174,23,2
77,80,23,1
78,167,23,1
81,193,23,2
81,182,23,2
84,125,23,2
92,187,23,2
92,192,23,2
92,108,23,2
93,135,23,2
94,182,23,2
95,154,23,1
95,164,23,2
96,97,23,2
97,147,23,2
99,156,23,2
100,180,23,2
101,114,23,2
101,134,23,2
102,150,23,2
102,199,23,2
103,193,23,2
103,135,23,2
103,151,23,2
105,189,23,2
105,131,23,2
107,177,23,2
107,149,23,2
108,173,23,2
111,177,23,2
112,176,23,2
112,151,23,2
114,181,23,2
116,154,23,2
116,166,23,2
120,154,23,2
120,146,23,2
121,144,23,2
122,196,23,2
125,135,23,2
127,176,23,1
127,151,23,2
131,135,23,2
131,166,23,2
131,189,23,2
131,191,23,2
135,144,23,2
135,161,23,2
137,171,23,1
137,158,23,2
141,177,23,2
142,196,23,1
143,176,23,2
143,172,23,2
143,177,23,2
149,166,23,2
151,177,23,2
151,191,23,2
152,172,23,2
158,178,23,2
160,180,23,2
160,166,23,2
161,192,23,2
164,199,23,2
170,196,23,2
170,199,23,2
172,183,23,2
172,190,23,2
173,178,23,2
176,187,23,2
178,197,23,2
196,197,23,2
