home,time,repair_state,vacancy_state,sales_state
dqchf7jt,0,0,0,0
dqcn9r0y,0,0,0,0
dqcn9xvx,0,1,0,0
dqcnbbdq,0,0,0,0
dqcnbchm,0,0,0,0
dqcnc0gn,0,1,0,0
dqcnc0y3,0,0,0,0
dqcnc29k,0,0,0,0
dqcnc6tb,0,0,0,0
dqcnc78q,0,0,0,0
dqcnc7bc,0,0,0,0
dqcnc7hq,0,1,0,0
dqcncdq7,0,0,0,0
dqcncf4c,0,0,0,1
dqcncf6c,0,1,0,0
dqcncfq5,0,0,0,0
dqcncsjm,0,0,0,0
dqcnctbb,0,1,0,0
dqcncu6f,0,0,0,0
dqcncvkb,0,0,0,0
dqcncwc5,0,0,0,0
dqcncx6x,0,0,0,0
dqcne1qu,0,0,0,0
dqcne4gy,0,0,0,0
dqcne6ct,0,0,0,0
dqcnenmf,0,0,0,0
dqcner94,0,0,0,0
dqcnf3uz,0,1,0,1
dqcnf6cg,0,1,1,0
dqcnf6cj,0,0,0,0
dqcnf794,0,1,0,0
dqcnfffs,0,0,0,0
dqcnfk5z,0,0,0,0
dqcnfpuz,0,0,0,0
dqcnfqc3,0,0,0,0
dqcng06w,0,0,0,0
dqcng43b,0,0,0,0
dqcng4te,0,0,0,1
dqcngjkj,0,1,0,0
dqcngqhc,0,0,0,0
dqcp176g,0,1,0,0
dqcp1gxv,0,0,0,0
dqcp1rx0,0,0,0,0
dqcp1rzr,0,0,0,0
dqcp1wg8,0,1,0,0
dqcp1ys8,0,1,0,0
dqcp1yv9,0,1,0,0
dqcp1z6r,0,1,0,1
dqcp473c,0,0,0,0
dqcp4kgx,0,1,0,0
dqchf7jt,1,0,0,0
dqcn9r0y,1,0,0,0
dqcn9xvx,1,1,0,0
dqcnbbdq,1,0,1,0
dqcnbchm,1,0,0,0
dqcnc0gn,1,1,0,0
dqcnc0y3,1,0,0,0
dqcnc29k,1,0,0,0
dqcnc6tb,1,0,0,0
dqcnc78q,1,0,0,0
dqcnc7bc,1,0,0,0
dqcnc7hq,1,1,0,0
dqcncdq7,1,1,0,0
dqcncf4c,1,0,0,1
dqcncf6c,1,1,0,0
dqcncfq5,1,0,0,0
dqcncsjm,1,0,0,0
dqcnctbb,1,1,0,0
dqcncu6f,1,0,0,1
dqcncvkb,1,0,0,0
dqcncwc5,1,0,0,0
dqcncx6x,1,0,0,0
dqcne1qu,1,0,0,1
dqcne4gy,1,0,1,0
dqcne6ct,1,0,0,0
dqcnenmf,1,0,0,0
dqcner94,1,0,0,1
dqcnf3uz,1,1,0,1
dqcnf6cg,1,1,1,0
dqcnf6cj,1,0,0,0
dqcnf794,1,1,0,0
dqcnfffs,1,0,0,0
dqcnfk5z,1,0,0,0
dqcnfpuz,1,0,0,0
dqcnfqc3,1,0,0,0
dqcng06w,1,0,0,0
dqcng43b,1,0,0,0
dqcng4te,1,0,0,1
dqcngjkj,1,1,0,0
dqcngqhc,1,0,0,0
dqcp176g,1,1,0,0
dqcp1gxv,1,0,0,0
dqcp1rx0,1,0,0,0
dqcp1rzr,1,0,0,0
dqcp1wg8,1,1,0,0
dqcp1ys8,1,1,0,0
dqcp1yv9,1,1,0,0
dqcp1z6r,1,1,0,1
dqcp473c,1,0,0,0
dqcp4kgx,1,1,0,0
dqchf7jt,2,0,0,0
dqcn9r0y,2,0,0,0
dqcn9xvx,2,1,0,0
dqcnbbdq,2,0,1,0
dqcnbchm,2,0,0,0
dqcnc0gn,2,1,0,0
dqcnc0y3,2,0,0,0
dqcnc29k,2,0,0,0
dqcnc6tb,2,0,0,0
dqcnc78q,2,0,0,0
dqcnc7bc,2,0,0,0
dqcnc7hq,2,1,0,0
dqcncdq7,2,1,0,0
dqcncf4c,2,0,0,1
dqcncf6c,2,1,0,0
dqcncfq5,2,0,0,0
dqcncsjm,2,0,0,0
dqcnctbb,2,1,0,0
dqcncu6f,2,0,0,1
dqcncvkb,2,0,0,0
dqcncwc5,2,0,0,0
dqcncx6x,2,0,0,0
dqcne1qu,2,0,0,1
dqcne4gy,2,0,1,0
dqcne6ct,2,1,0,0
dqcnenmf,2,0,0,0
dqcner94,2,0,1,1
dqcnf3uz,2,1,0,1
dqcnf6cg,2,1,1,0
dqcnf6cj,2,0,0,0
dqcnf794,2,1,0,0
dqcnfffs,2,0,0,0
dqcnfk5z,2,0,0,1
dqcnfpuz,2,0,0,0
dqcnfqc3,2,0,0,0
dqcng06w,2,0,0,0
dqcng43b,2,0,0,0
dqcng4te,2,0,0,1
dqcngjkj,2,1,0,0
dqcngqhc,2,0,0,0
dqcp176g,2,1,0,0
dqcp1gxv,2,1,0,0
dqcp1rx0,2,0,0,0
dqcp1rzr,2,0,0,0
dqcp1wg8,2,1,1,0
dqcp1ys8,2,1,0,0
dqcp1yv9,2,1,0,1
dqcp1z6r,2,1,0,1
dqcp473c,2,0,0,0
dqcp4kgx,2,1,0,0
dqchf7jt,3,1,0,0
dqcn9r0y,3,0,0,0
dqcn9xvx,3,1,0,0
dqcnbbdq,3,1,1,0
dqcnbchm,3,0,0,0
dqcnc0gn,3,1,0,0
dqcnc0y3,3,0,0,1
dqcnc29k,3,0,0,0
dqcnc6tb,3,0,0,0
dqcnc78q,3,0,1,0
dqcnc7bc,3,1,0,0
dqcnc7hq,3,1,0,0
dqcncdq7,3,1,0,0
dqcncf4c,3,0,0,1
dqcncf6c,3,1,0,1
dqcncfq5,3,0,0,0
dqcncsjm,3,0,0,0
dqcnctbb,3,1,0,0
dqcncu6f,3,1,0,1
dqcncvkb,3,0,0,0
dqcncwc5,3,0,0,0
dqcncx6x,3,0,0,0
dqcne1qu,3,0,0,1
dqcne4gy,3,0,1,0
dqcne6ct,3,1,0,0
dqcnenmf,3,0,0,0
dqcner94,3,1,1,1
dqcnf3uz,3,1,0,1
dqcnf6cg,3,1,1,0
dqcnf6cj,3,0,0,0
dqcnf794,3,1,0,0
dqcnfffs,3,0,0,0
dqcnfk5z,3,0,1,1
dqcnfpuz,3,0,0,0
dqcnfqc3,3,0,0,0
dqcng06w,3,0,0,0
dqcng43b,3,0,0,0
dqcng4te,3,0,0,1
dqcngjkj,3,1,0,1
dqcngqhc,3,0,0,0
dqcp176g,3,1,0,0
dqcp1gxv,3,1,0,0
dqcp1rx0,3,0,0,0
dqcp1rzr,3,1,0,0
dqcp1wg8,3,1,1,0
dqcp1ys8,3,1,0,0
dqcp1yv9,3,1,0,1
dqcp1z6r,3,1,0,1
dqcp473c,3,0,0,0
dqcp4kgx,3,1,0,0
dqchf7jt,4,1,0,0
dqcn9r0y,4,0,0,0
dqcn9xvx,4,1,0,0
dqcnbbdq,4,1,1,0
dqcnbchm,4,0,0,0
dqcnc0gn,4,1,0,0
dqcnc0y3,4,0,1,1
dqcnc29k,4,1,0,0
dqcnc6tb,4,0,0,0
dqcnc78q,4,0,1,0
dqcnc7bc,4,1,0,0
dqcnc7hq,4,1,0,0
dqcncdq7,4,1,0,0
dqcncf4c,4,0,0,1
dqcncf6c,4,1,0,1
dqcncfq5,4,0,0,0
dqcncsjm,4,0,0,0
dqcnctbb,4,1,0,0
dqcncu6f,4,1,0,1
dqcncvkb,4,0,0,0
dqcncwc5,4,0,0,0
dqcncx6x,4,0,0,0
dqcne1qu,4,0,0,1
dqcne4gy,4,0,1,0
dqcne6ct,4,1,0,0
dqcnenmf,4,0,0,0
dqcner94,4,1,1,1
dqcnf3uz,4,1,0,1
dqcnf6cg,4,1,1,0
dqcnf6cj,4,0,1,0
dqcnf794,4,1,0,0
dqcnfffs,4,0,0,0
dqcnfk5z,4,0,1,1
dqcnfpuz,4,0,0,0
dqcnfqc3,4,0,0,0
dqcng06w,4,0,0,0
dqcng43b,4,0,0,0
dqcng4te,4,0,0,1
dqcngjkj,4,1,0,1
dqcngqhc,4,0,0,1
dqcp176g,4,1,0,0
dqcp1gxv,4,1,0,0
dqcp1rx0,4,0,0,0
dqcp1rzr,4,1,0,0
dqcp1wg8,4,1,1,0
dqcp1ys8,4,1,0,0
dqcp1yv9,4,1,0,1
dqcp1z6r,4,1,1,1
dqcp473c,4,0,0,0
dqcp4kgx,4,1,0,0
dqchf7jt,5,1,0,0
dqcn9r0y,5,0,1,0
dqcn9xvx,5,1,0,0
dqcnbbdq,5,1,1,0
dqcnbchm,5,0,0,0
dqcnc0gn,5,1,0,0
dqcnc0y3,5,0,1,1
dqcnc29k,5,1,0,0
dqcnc6tb,5,0,0,0
dqcnc78q,5,0,1,0
dqcnc7bc,5,1,0,0
dqcnc7hq,5,1,0,0
dqcncdq7,5,1,0,0
dqcncf4c,5,0,0,1
dqcncf6c,5,1,0,1
dqcncfq5,5,0,0,0
dqcncsjm,5,0,1,0
dqcnctbb,5,1,0,0
dqcncu6f,5,1,1,1
dqcncvkb,5,0,1,0
dqcncwc5,5,0,0,0
dqcncx6x,5,0,0,0
dqcne1qu,5,0,0,1
dqcne4gy,5,0,1,0
dqcne6ct,5,1,0,0
dqcnenmf,5,0,0,0
dqcner94,5,1,1,1
dqcnf3uz,5,1,0,1
dqcnf6cg,5,1,1,0
dqcnf6cj,5,0,1,0
dqcnf794,5,1,0,0
dqcnfffs,5,0,0,0
dqcnfk5z,5,0,1,1
dqcnfpuz,5,0,0,0
dqcnfqc3,5,0,0,0
dqcng06w,5,0,0,0
dqcng43b,5,0,0,0
dqcng4te,5,0,0,1
dqcngjkj,5,1,0,1
dqcngqhc,5,0,0,1
dqcp176g,5,1,0,0
dqcp1gxv,5,1,0,0
dqcp1rx0,5,0,0,0
dqcp1rzr,5,1,0,0
dqcp1wg8,5,1,1,0
dqcp1ys8,5,1,0,1
dqcp1yv9,5,1,0,1
dqcp1z6r,5,1,1,1
dqcp473c,5,0,0,0
dqcp4kgx,5,1,1,0
dqchf7jt,6,1,0,0
dqcn9r0y,6,0,1,0
dqcn9xvx,6,1,0,0
dqcnbbdq,6,1,1,0
dqcnbchm,6,0,0,0
dqcnc0gn,6,1,0,0
dqcnc0y3,6,0,1,1
dqcnc29k,6,1,1,0
dqcnc6tb,6,0,0,0
dqcnc78q,6,0,1,0
dqcnc7bc,6,1,0,0
dqcnc7hq,6,1,0,0
dqcncdq7,6,1,0,0
dqcncf4c,6,1,0,1
dqcncf6c,6,1,0,1
dqcncfq5,6,0,0,0
dqcncsjm,6,0,1,0
dqcnctbb,6,1,0,0
dqcncu6f,6,1,1,1
dqcncvkb,6,0,1,0
dqcncwc5,6,0,0,0
dqcncx6x,6,0,0,0
dqcne1qu,6,0,0,1
dqcne4gy,6,0,1,0
dqcne6ct,6,1,0,0
dqcnenmf,6,0,0,0
dqcner94,6,1,1,1
dqcnf3uz,6,1,0,1
dqcnf6cg,6,1,1,0
dqcnf6cj,6,0,1,0
dqcnf794,6,1,0,0
dqcnfffs,6,0,0,0
dqcnfk5z,6,0,1,1
dqcnfpuz,6,0,0,0
dqcnfqc3,6,0,0,0
dqcng06w,6,0,0,0
dqcng43b,6,1,0,0
dqcng4te,6,0,0,1
dqcngjkj,6,1,0,1
dqcngqhc,6,0,0,1
dqcp176g,6,1,0,0
dqcp1gxv,6,1,0,0
dqcp1rx0,6,0,0,0
dqcp1rzr,6,1,0,0
dqcp1wg8,6,1,1,0
dqcp1ys8,6,1,0,1
dqcp1yv9,6,1,0,1
dqcp1z6r,6,1,1,1
dqcp473c,6,0,0,0
dqcp4kgx,6,1,1,0
dqchf7jt,7,1,0,0
dqcn9r0y,7,0,1,0
dqcn9xvx,7,1,0,0
dqcnbbdq,7,1,1,0
dqcnbchm,7,0,1,0
dqcnc0gn,7,1,0,0
dqcnc0y3,7,0,1,1
dqcnc29k,7,1,1,0
dqcnc6tb,7,0,0,0
dqcnc78q,7,0,1,0
dqcnc7bc,7,1,0,0
dqcnc7hq,7,1,0,0
dqcncdq7,7,1,0,0
dqcncf4c,7,1,0,1
dqcncf6c,7,1,0,1
dqcncfq5,7,0,0,0
dqcncsjm,7,0,1,0
dqcnctbb,7,1,0,0
dqcncu6f,7,1,1,1
dqcncvkb,7,0,1,0
dqcncwc5,7,0,0,0
dqcncx6x,7,0,0,0
dqcne1qu,7,0,0,1
dqcne4gy,7,0,1,1
dqcne6ct,7,1,0,0
dqcnenmf,7,0,0,0
dqcner94,7,1,1,1
dqcnf3uz,7,1,0,1
dqcnf6cg,7,1,1,0
dqcnf6cj,7,0,1,0
dqcnf794,7,1,0,0
dqcnfffs,7,1,0,0
dqcnfk5z,7,0,1,1
dqcnfpuz,7,0,0,0
dqcnfqc3,7,0,0,0
dqcng06w,7,0,0,0
dqcng43b,7,1,0,0
dqcng4te,7,0,0,1
dqcngjkj,7,1,0,1
dqcngqhc,7,0,0,1
dqcp176g,7,1,0,0
dqcp1gxv,7,1,0,0
dqcp1rx0,7,0,0,0
dqcp1rzr,7,1,0,0
dqcp1wg8,7,1,1,0
dqcp1ys8,7,1,0,1
dqcp1yv9,7,1,0,1
dqcp1z6r,7,1,1,1
dqcp473c,7,0,0,0
dqcp4kgx,7,1,1,0
dqchf7jt,8,1,0,0
dqcn9r0y,8,0,1,0
dqcn9xvx,8,1,0,0
dqcnbbdq,8,1,1,0
dqcnbchm,8,1,1,0
dqcnc0gn,8,1,0,1
dqcnc0y3,8,0,1,1
dqcnc29k,8,1,1,0
dqcnc6tb,8,0,1,1
dqcnc78q,8,0,1,0
dqcnc7bc,8,1,0,0
dqcnc7hq,8,1,0,0
dqcncdq7,8,1,0,0
dqcncf4c,8,1,0,1
dqcncf6c,8,1,0,1
dqcncfq5,8,0,0,0
dqcncsjm,8,0,1,0
dqcnctbb,8,1,0,0
dqcncu6f,8,1,1,1
dqcncvkb,8,0,1,0
dqcncwc5,8,0,0,0
dqcncx6x,8,0,0,0
dqcne1qu,8,0,0,1
dqcne4gy,8,0,1,1
dqcne6ct,8,1,0,0
dqcnenmf,8,0,0,0
dqcner94,8,1,1,1
dqcnf3uz,8,1,0,1
dqcnf6cg,8,1,1,1
dqcnf6cj,8,0,1,0
dqcnf794,8,1,0,0
dqcnfffs,8,1,0,0
dqcnfk5z,8,0,1,1
dqcnfpuz,8,0,0,0
dqcnfqc3,8,0,0,0
dqcng06w,8,0,0,0
dqcng43b,8,1,0,0
dqcng4te,8,0,1,1
dqcngjkj,8,1,0,1
dqcngqhc,8,0,0,1
dqcp176g,8,1,0,0
dqcp1gxv,8,1,0,0
dqcp1rx0,8,0,0,1
dqcp1rzr,8,1,0,0
dqcp1wg8,8,1,1,0
dqcp1ys8,8,1,0,1
dqcp1yv9,8,1,0,1
dqcp1z6r,8,1,1,1
dqcp473c,8,0,0,0
dqcp4kgx,8,1,1,0
dqchf7jt,9,1,0,0
dqcn9r0y,9,0,1,0
dqcn9xvx,9,1,0,0
dqcnbbdq,9,1,1,0
dqcnbchm,9,1,1,0
dqcnc0gn,9,1,0,1
dqcnc0y3,9,0,1,1
dqcnc29k,9,1,1,0
dqcnc6tb,9,0,1,1
dqcnc78q,9,0,1,0
dqcnc7bc,9,1,0,0
dqcnc7hq,9,1,0,0
dqcncdq7,9,1,0,0
dqcncf4c,9,1,0,1
dqcncf6c,9,1,0,1
dqcncfq5,9,0,0,0
dqcncsjm,9,0,1,0
dqcnctbb,9,1,0,0
dqcncu6f,9,1,1,1
dqcncvkb,9,0,1,0
dqcncwc5,9,0,0,0
dqcncx6x,9,0,1,0
dqcne1qu,9,0,0,1
dqcne4gy,9,0,1,1
dqcne6ct,9,1,0,0
dqcnenmf,9,0,0,0
dqcner94,9,1,1,1
dqcnf3uz,9,1,0,1
dqcnf6cg,9,1,1,1
dqcnf6cj,9,0,1,0
dqcnf794,9,1,0,0
dqcnfffs,9,1,0,0
dqcnfk5z,9,1,1,1
dqcnfpuz,9,1,0,0
dqcnfqc3,9,0,0,0
dqcng06w,9,0,0,0
dqcng43b,9,1,0,1
dqcng4te,9,0,1,1
dqcngjkj,9,1,0,1
dqcngqhc,9,0,0,1
dqcp176g,9,1,0,0
dqcp1gxv,9,1,0,0
dqcp1rx0,9,0,0,1
dqcp1rzr,9,1,0,0
dqcp1wg8,9,1,1,0
dqcp1ys8,9,1,0,1
dqcp1yv9,9,1,0,1
dqcp1z6r,9,1,1,1
dqcp473c,9,0,0,0
dqcp4kgx,9,1,1,0
dqchf7jt,10,1,0,0
dqcn9r0y,10,0,1,1
dqcn9xvx,10,1,0,0
dqcnbbdq,10,1,1,0
dqcnbchm,10,1,1,0
dqcnc0gn,10,1,0,1
dqcnc0y3,10,0,1,1
dqcnc29k,10,1,1,0
dqcnc6tb,10,0,1,1
dqcnc78q,10,0,1,0
dqcnc7bc,10,1,0,0
dqcnc7hq,10,1,0,0
dqcncdq7,10,1,0,0
dqcncf4c,10,1,0,1
dqcncf6c,10,1,0,1
dqcncfq5,10,0,0,0
dqcncsjm,10,0,1,0
dqcnctbb,10,1,0,1
dqcncu6f,10,1,1,1
dqcncvkb,10,0,1,0
dqcncwc5,10,0,0,0
dqcncx6x,10,0,1,0
dqcne1qu,10,0,0,1
dqcne4gy,10,0,1,1
dqcne6ct,10,1,0,0
dqcnenmf,10,0,0,0
dqcner94,10,1,1,1
dqcnf3uz,10,1,0,1
dqcnf6cg,10,1,1,1
dqcnf6cj,10,0,1,0
dqcnf794,10,1,0,1
dqcnfffs,10,1,0,0
dqcnfk5z,10,1,1,1
dqcnfpuz,10,1,0,0
dqcnfqc3,10,0,0,0
dqcng06w,10,0,0,0
dqcng43b,10,1,0,1
dqcng4te,10,0,1,1
dqcngjkj,10,1,0,1
dqcngqhc,10,0,1,1
dqcp176g,10,1,0,0
dqcp1gxv,10,1,0,0
dqcp1rx0,10,0,0,1
dqcp1rzr,10,1,0,0
dqcp1wg8,10,1,1,0
dqcp1ys8,10,1,0,1
dqcp1yv9,10,1,0,1
dqcp1z6r,10,1,1,1
dqcp473c,10,0,0,0
dqcp4kgx,10,1,1,0
dqchf7jt,11,1,1,0
dqcn9r0y,11,0,1,1
dqcn9xvx,11,1,0,0
dqcnbbdq,11,1,1,0
dqcnbchm,11,1,1,0
dqcnc0gn,11,1,0,1
dqcnc0y3,11,0,1,1
dqcnc29k,11,1,1,0
dqcnc6tb,11,0,1,1
dqcnc78q,11,0,1,0
dqcnc7bc,11,1,0,0
dqcnc7hq,11,1,0,0
dqcncdq7,11,1,0,0
dqcncf4c,11,1,0,1
dqcncf6c,11,1,0,1
dqcncfq5,11,0,0,0
dqcncsjm,11,0,1,1
dqcnctbb,11,1,0,1
dqcncu6f,11,1,1,1
dqcncvkb,11,0,1,0
dqcncwc5,11,0,0,0
dqcncx6x,11,0,1,0
dqcne1qu,11,0,0,1
dqcne4gy,11,0,1,1
dqcne6ct,11,1,0,0
dqcnenmf,11,0,0,0
dqcner94,11,1,1,1
dqcnf3uz,11,1,0,1
dqcnf6cg,11,1,1,1
dqcnf6cj,11,0,1,0
dqcnf794,11,1,0,1
dqcnfffs,11,1,0,0
dqcnfk5z,11,1,1,1
dqcnfpuz,11,1,0,0
dqcnfqc3,11,0,0,0
dqcng06w,11,0,0,0
dqcng43b,11,1,0,1
dqcng4te,11,0,1,1
dqcngjkj,11,1,0,1
dqcngqhc,11,0,1,1
dqcp176g,11,1,0,0
dqcp1gxv,11,1,0,0
dqcp1rx0,11,0,0,1
dqcp1rzr,11,1,0,0
dqcp1wg8,11,1,1,0
dqcp1ys8,11,1,0,1
dqcp1yv9,11,1,0,1
dqcp1z6r,11,1,1,1
dqcp473c,11,0,0,0
dqcp4kgx,11,1,1,1
dqchf7jt,12,1,1,0
dqcn9r0y,12,0,1,1
dqcn9xvx,12,1,0,0
dqcnbbdq,12,1,1,0
dqcnbchm,12,1,1,0
dqcnc0gn,12,1,1,1
dqcnc0y3,12,0,1,1
dqcnc29k,12,1,1,0
dqcnc6tb,12,0,1,1
dqcnc78q,12,0,1,0
dqcnc7bc,12,1,0,0
dqcnc7hq,12,1,0,0
dqcncdq7,12,1,0,0
dqcncf4c,12,1,0,1
dqcncf6c,12,1,0,1
dqcncfq5,12,0,0,0
dqcncsjm,12,0,1,1
dqcnctbb,12,1,0,1
dqcncu6f,12,1,1,1
dqcncvkb,12,0,1,0
dqcncwc5,12,0,0,0
dqcncx6x,12,0,1,0
dqcne1qu,12,0,0,1
dqcne4gy,12,0,1,1
dqcne6ct,12,1,0,0
dqcnenmf,12,0,0,1
dqcner94,12,1,1,1
dqcnf3uz,12,1,0,1
dqcnf6cg,12,1,1,1
dqcnf6cj,12,0,1,0
dqcnf794,12,1,0,1
dqcnfffs,12,1,0,0
dqcnfk5z,12,1,1,1
dqcnfpuz,12,1,0,0
dqcnfqc3,12,0,0,0
dqcng06w,12,0,0,0
dqcng43b,12,1,0,1
dqcng4te,12,0,1,1
dqcngjkj,12,1,0,1
dqcngqhc,12,0,1,1
dqcp176g,12,1,0,0
dqcp1gxv,12,1,0,0
dqcp1rx0,12,0,0,1
dqcp1rzr,12,1,0,0
dqcp1wg8,12,1,1,0
dqcp1ys8,12,1,0,1
dqcp1yv9,12,1,0,1
dqcp1z6r,12,1,1,1
dqcp473c,12,0,0,0
dqcp4kgx,12,1,1,1
dqchf7jt,13,1,1,0
dqcn9r0y,13,0,1,1
dqcn9xvx,13,1,0,0
dqcnbbdq,13,1,1,0
dqcnbchm,13,1,1,0
dqcnc0gn,13,1,1,1
dqcnc0y3,13,0,1,1
dqcnc29k,13,1,1,0
dqcnc6tb,13,0,1,1
dqcnc78q,13,0,1,0
dqcnc7bc,13,1,0,0
dqcnc7hq,13,1,0,0
dqcncdq7,13,1,0,0
dqcncf4c,13,1,0,1
dqcncf6c,13,1,0,1
dqcncfq5,13,1,0,0
dqcncsjm,13,0,1,1
dqcnctbb,13,1,0,1
dqcncu6f,13,1,1,1
dqcncvkb,13,0,1,1
dqcncwc5,13,0,0,0
dqcncx6x,13,0,1,0
dqcne1qu,13,0,1,1
dqcne4gy,13,0,1,1
dqcne6ct,13,1,0,0
dqcnenmf,13,0,0,1
dqcner94,13,1,1,1
dqcnf3uz,13,1,0,1
dqcnf6cg,13,1,1,1
dqcnf6cj,13,0,1,0
dqcnf794,13,1,0,1
dqcnfffs,13,1,0,0
dqcnfk5z,13,1,1,1
dqcnfpuz,13,1,0,0
dqcnfqc3,13,0,0,0
dqcng06w,13,0,1,0
dqcng43b,13,1,0,1
dqcng4te,13,0,1,1
dqcngjkj,13,1,0,1
dqcngqhc,13,0,1,1
dqcp176g,13,1,1,0
dqcp1gxv,13,1,0,0
dqcp1rx0,13,0,0,1
dqcp1rzr,13,1,0,0
dqcp1wg8,13,1,1,0
dqcp1ys8,13,1,0,1
dqcp1yv9,13,1,0,1
dqcp1z6r,13,1,1,1
dqcp473c,13,0,0,0
dqcp4kgx,13,1,1,1
dqchf7jt,14,1,1,0
dqcn9r0y,14,0,1,1
dqcn9xvx,14,1,0,0
dqcnbbdq,14,1,1,0
dqcnbchm,14,1,1,0
dqcnc0gn,14,1,1,1
dqcnc0y3,14,0,1,1
dqcnc29k,14,1,1,0
dqcnc6tb,14,0,1,1
dqcnc78q,14,0,1,0
dqcnc7bc,14,1,0,0
dqcnc7hq,14,1,0,0
dqcncdq7,14,1,0,0
dqcncf4c,14,1,0,1
dqcncf6c,14,1,0,1
dqcncfq5,14,1,0,0
dqcncsjm,14,0,1,1
dqcnctbb,14,1,0,1
dqcncu6f,14,1,1,1
dqcncvkb,14,0,1,1
dqcncwc5,14,0,0,0
dqcncx6x,14,0,1,0
dqcne1qu,14,0,1,1
dqcne4gy,14,0,1,1
dqcne6ct,14,1,0,0
dqcnenmf,14,0,0,1
dqcner94,14,1,1,1
dqcnf3uz,14,1,0,1
dqcnf6cg,14,1,1,1
dqcnf6cj,14,0,1,0
dqcnf794,14,1,0,1
dqcnfffs,14,1,0,0
dqcnfk5z,14,1,1,1
dqcnfpuz,14,1,0,0
dqcnfqc3,14,0,0,0
dqcng06w,14,0,1,0
dqcng43b,14,1,0,1
dqcng4te,14,0,1,1
dqcngjkj,14,1,0,1
dqcngqhc,14,0,1,1
dqcp176g,14,1,1,0
dqcp1gxv,14,1,0,0
dqcp1rx0,14,0,0,1
dqcp1rzr,14,1,0,0
dqcp1wg8,14,1,1,0
dqcp1ys8,14,1,0,1
dqcp1yv9,14,1,0,1
dqcp1z6r,14,1,1,1
dqcp473c,14,0,0,1
dqcp4kgx,14,1,1,1
dqchf7jt,15,1,1,0
dqcn9r0y,15,0,1,1
dqcn9xvx,15,1,0,1
dqcnbbdq,15,1,1,0
dqcnbchm,15,1,1,1
dqcnc0gn,15,1,1,1
dqcnc0y3,15,0,1,1
dqcnc29k,15,1,1,0
dqcnc6tb,15,0,1,1
dqcnc78q,15,0,1,0
dqcnc7bc,15,1,0,0
dqcnc7hq,15,1,0,0
dqcncdq7,15,1,1,1
dqcncf4c,15,1,1,1
dqcncf6c,15,1,0,1
dqcncfq5,15,1,1,0
dqcncsjm,15,0,1,1
dqcnctbb,15,1,0,1
dqcncu6f,15,1,1,1
dqcncvkb,15,0,1,1
dqcncwc5,15,0,0,0
dqcncx6x,15,0,1,0
dqcne1qu,15,0,1,1
dqcne4gy,15,0,1,1
dqcne6ct,15,1,0,0
dqcnenmf,15,0,0,1
dqcner94,15,1,1,1
dqcnf3uz,15,1,0,1
dqcnf6cg,15,1,1,1
dqcnf6cj,15,0,1,0
dqcnf794,15,1,0,1
dqcnfffs,15,1,0,0
dqcnfk5z,15,1,1,1
dqcnfpuz,15,1,0,0
dqcnfqc3,15,0,0,0
dqcng06w,15,0,1,0
dqcng43b,15,1,0,1
dqcng4te,15,0,1,1
dqcngjkj,15,1,0,1
dqcngqhc,15,0,1,1
dqcp176g,15,1,1,0
dqcp1gxv,15,1,1,0
dqcp1rx0,15,0,0,1
dqcp1rzr,15,1,0,0
dqcp1wg8,15,1,1,0
dqcp1ys8,15,1,0,1
dqcp1yv9,15,1,0,1
dqcp1z6r,15,1,1,1
dqcp473c,15,0,0,1
dqcp4kgx,15,1,1,1
dqchf7jt,16,1,1,0
dqcn9r0y,16,0,1,1
dqcn9xvx,16,1,0,1
dqcnbbdq,16,1,1,0
dqcnbchm,16,1,1,1
dqcnc0gn,16,1,1,1
dqcnc0y3,16,0,1,1
dqcnc29k,16,1,1,0
dqcnc6tb,16,0,1,1
dqcnc78q,16,0,1,0
dqcnc7bc,16,1,0,0
dqcnc7hq,16,1,0,0
dqcncdq7,16,1,1,1
dqcncf4c,16,1,1,1
dqcncf6c,16,1,0,1
dqcncfq5,16,1,1,0
dqcncsjm,16,0,1,1
dqcnctbb,16,1,0,1
dqcncu6f,16,1,1,1
dqcncvkb,16,0,1,1
dqcncwc5,16,0,1,0
dqcncx6x,16,0,1,0
dqcne1qu,16,0,1,1
dqcne4gy,16,0,1,1
dqcne6ct,16,1,0,0
dqcnenmf,16,0,0,1
dqcner94,16,1,1,1
dqcnf3uz,16,1,0,1
dqcnf6cg,16,1,1,1
dqcnf6cj,16,0,1,0
dqcnf794,16,1,0,1
dqcnfffs,16,1,0,0
dqcnfk5z,16,1,1,1
dqcnfpuz,16,1,0,0
dqcnfqc3,16,0,0,0
dqcng06w,16,0,1,1
dqcng43b,16,1,0,1
dqcng4te,16,0,1,1
dqcngjkj,16,1,0,1
dqcngqhc,16,0,1,1
dqcp176g,16,1,1,1
dqcp1gxv,16,1,1,0
dqcp1rx0,16,0,0,1
dqcp1rzr,16,1,0,0
dqcp1wg8,16,1,1,0
dqcp1ys8,16,1,0,1
dqcp1yv9,16,1,0,1
dqcp1z6r,16,1,1,1
dqcp473c,16,0,0,1
dqcp4kgx,16,1,1,1
dqchf7jt,17,1,1,0
dqcn9r0y,17,0,1,1
dqcn9xvx,17,1,0,1
dqcnbbdq,17,1,1,0
dqcnbchm,17,1,1,1
dqcnc0gn,17,1,1,1
dqcnc0y3,17,0,1,1
dqcnc29k,17,1,1,0
dqcnc6tb,17,0,1,1
dqcnc78q,17,1,1,0
dqcnc7bc,17,1,0,0
dqcnc7hq,17,1,0,0
dqcncdq7,17,1,1,1
dqcncf4c,17,1,1,1
dqcncf6c,17,1,0,1
dqcncfq5,17,1,1,0
dqcncsjm,17,0,1,1
dqcnctbb,17,1,0,1
dqcncu6f,17,1,1,1
dqcncvkb,17,0,1,1
dqcncwc5,17,0,1,0
dqcncx6x,17,0,1,0
dqcne1qu,17,0,1,1
dqcne4gy,17,0,1,1
dqcne6ct,17,1,0,0
dqcnenmf,17,0,0,1
dqcner94,17,1,1,1
dqcnf3uz,17,1,0,1
dqcnf6cg,17,1,1,1
dqcnf6cj,17,1,1,0
dqcnf794,17,1,0,1
dqcnfffs,17,1,0,0
dqcnfk5z,17,1,1,1
dqcnfpuz,17,1,0,0
dqcnfqc3,17,0,0,0
dqcng06w,17,1,1,1
dqcng43b,17,1,0,1
dqcng4te,17,1,1,1
dqcngjkj,17,1,0,1
dqcngqhc,17,0,1,1
dqcp176g,17,1,1,1
dqcp1gxv,17,1,1,0
dqcp1rx0,17,0,0,1
dqcp1rzr,17,1,0,0
dqcp1wg8,17,1,1,0
dqcp1ys8,17,1,0,1
dqcp1yv9,17,1,0,1
dqcp1z6r,17,1,1,1
dqcp473c,17,0,0,1
dqcp4kgx,17,1,1,1
dqchf7jt,18,1,1,1
dqcn9r0y,18,0,1,1
dqcn9xvx,18,1,0,1
dqcnbbdq,18,1,1,0
dqcnbchm,18,1,1,1
dqcnc0gn,18,1,1,1
dqcnc0y3,18,1,1,1
dqcnc29k,18,1,1,0
dqcnc6tb,18,0,1,1
dqcnc78q,18,1,1,1
dqcnc7bc,18,1,0,0
dqcnc7hq,18,1,0,0
dqcncdq7,18,1,1,1
dqcncf4c,18,1,1,1
dqcncf6c,18,1,0,1
dqcncfq5,18,1,1,0
dqcncsjm,18,0,1,1
dqcnctbb,18,1,0,1
dqcncu6f,18,1,1,1
dqcncvkb,18,0,1,1
dqcncwc5,18,0,1,1
dqcncx6x,18,0,1,0
dqcne1qu,18,0,1,1
dqcne4gy,18,0,1,1
dqcne6ct,18,1,0,0
dqcnenmf,18,0,0,1
dqcner94,18,1,1,1
dqcnf3uz,18,1,0,1
dqcnf6cg,18,1,1,1
dqcnf6cj,18,1,1,0
dqcnf794,18,1,0,1
dqcnfffs,18,1,0,0
dqcnfk5z,18,1,1,1
dqcnfpuz,18,1,0,0
dqcnfqc3,18,0,0,0
dqcng06w,18,1,1,1
dqcng43b,18,1,0,1
dqcng4te,18,1,1,1
dqcngjkj,18,1,0,1
dqcngqhc,18,0,1,1
dqcp176g,18,1,1,1
dqcp1gxv,18,1,1,0
dqcp1rx0,18,0,0,1
dqcp1rzr,18,1,0,0
dqcp1wg8,18,1,1,0
dqcp1ys8,18,1,0,1
dqcp1yv9,18,1,0,1
dqcp1z6r,18,1,1,1
dqcp473c,18,0,0,1
dqcp4kgx,18,1,1,1
dqchf7jt,19,1,1,1
dqcn9r0y,19,0,1,1
dqcn9xvx,19,1,0,1
dqcnbbdq,19,1,1,0
dqcnbchm,19,1,1,1
dqcnc0gn,19,1,1,1
dqcnc0y3,19,1,1,1
dqcnc29k,19,1,1,0
dqcnc6tb,19,0,1,1
dqcnc78q,19,1,1,1
dqcnc7bc,19,1,0,0
dqcnc7hq,19,1,0,1
dqcncdq7,19,1,1,1
dqcncf4c,19,1,1,1
dqcncf6c,19,1,0,1
dqcncfq5,19,1,1,0
dqcncsjm,19,0,1,1
dqcnctbb,19,1,0,1
dqcncu6f,19,1,1,1
dqcncvkb,19,0,1,1
dqcncwc5,19,1,1,1
dqcncx6x,19,0,1,0
dqcne1qu,19,0,1,1
dqcne4gy,19,0,1,1
dqcne6ct,19,1,0,0
dqcnenmf,19,0,0,1
dqcner94,19,1,1,1
dqcnf3uz,19,1,0,1
dqcnf6cg,19,1,1,1
dqcnf6cj,19,1,1,0
dqcnf794,19,1,0,1
dqcnfffs,19,1,0,0
dqcnfk5z,19,1,1,1
dqcnfpuz,19,1,0,0
dqcnfqc3,19,0,0,0
dqcng06w,19,1,1,1
dqcng43b,19,1,0,1
dqcng4te,19,1,1,1
dqcngjkj,19,1,0,1
dqcngqhc,19,0,1,1
dqcp176g,19,1,1,1
dqcp1gxv,19,1,1,0
dqcp1rx0,19,0,0,1
dqcp1rzr,19,1,0,0
dqcp1wg8,19,1,1,0
dqcp1ys8,19,1,0,1
dqcp1yv9,19,1,0,1
dqcp1z6r,19,1,1,1
dqcp473c,19,0,0,1
dqcp4kgx,19,1,1,1
dqchf7jt,20,1,1,1
dqcn9r0y,20,0,1,1
dqcn9xvx,20,1,0,1
dqcnbbdq,20,1,1,0
dqcnbchm,20,1,1,1
dqcnc0gn,20,1,1,1
dqcnc0y3,20,1,1,1
dqcnc29k,20,1,1,0
dqcnc6tb,20,0,1,1
dqcnc78q,20,1,1,1
dqcnc7bc,20,1,0,1
dqcnc7hq,20,1,0,1
dqcncdq7,20,1,1,1
dqcncf4c,20,1,1,1
dqcncf6c,20,1,0,1
dqcncfq5,20,1,1,0
dqcncsjm,20,0,1,1
dqcnctbb,20,1,0,1
dqcncu6f,20,1,1,1
dqcncvkb,20,0,1,1
dqcncwc5,20,1,1,1
dqcncx6x,20,0,1,0
dqcne1qu,20,0,1,1
dqcne4gy,20,0,1,1
dqcne6ct,20,1,0,0
dqcnenmf,20,0,0,1
dqcner94,20,1,1,1
dqcnf3uz,20,1,0,1
dqcnf6cg,20,1,1,1
dqcnf6cj,20,1,1,0
dqcnf794,20,1,0,1
dqcnfffs,20,1,0,0
dqcnfk5z,20,1,1,1
dqcnfpuz,20,1,0,0
dqcnfqc3,20,0,0,0
dqcng06w,20,1,1,1
dqcng43b,20,1,0,1
dqcng4te,20,1,1,1
dqcngjkj,20,1,0,1
dqcngqhc,20,0,1,1
dqcp176g,20,1,1,1
dqcp1gxv,20,1,1,0
dqcp1rx0,20,0,0,1
dqcp1rzr,20,1,0,0
dqcp1wg8,20,1,1,0
dqcp1ys8,20,1,0,1
dqcp1yv9,20,1,0,1
dqcp1z6r,20,1,1,1
dqcp473c,20,0,0,1
dqcp4kgx,20,1,1,1
dqchf7jt,21,1,1,1
dqcn9r0y,21,0,1,1
dqcn9xvx,21,1,0,1
dqcnbbdq,21,1,1,0
dqcnbchm,21,1,1,1
dqcnc0gn,21,1,1,1
dqcnc0y3,21,1,1,1
dqcnc29k,21,1,1,0
dqcnc6tb,21,0,1,1
dqcnc78q,21,1,1,1
dqcnc7bc,21,1,0,1
dqcnc7hq,21,1,0,1
dqcncdq7,21,1,1,1
dqcncf4c,21,1,1,1
dqcncf6c,21,1,0,1
dqcncfq5,21,1,1,0
dqcncsjm,21,0,1,1
dqcnctbb,21,1,0,1
dqcncu6f,21,1,1,1
dqcncvkb,21,0,1,1
dqcncwc5,21,1,1,1
dqcncx6x,21,0,1,0
dqcne1qu,21,0,1,1
dqcne4gy,21,0,1,1
dqcne6ct,21,1,0,0
dqcnenmf,21,1,1,1
dqcner94,21,1,1,1
dqcnf3uz,21,1,0,1
dqcnf6cg,21,1,1,1
dqcnf6cj,21,1,1,0
dqcnf794,21,1,0,1
dqcnfffs,21,1,0,0
dqcnfk5z,21,1,1,1
dqcnfpuz,21,1,0,0
dqcnfqc3,21,0,0,0
dqcng06w,21,1,1,1
dqcng43b,21,1,0,1
dqcng4te,21,1,1,1
dqcngjkj,21,1,0,1
dqcngqhc,21,0,1,1
dqcp176g,21,1,1,1
dqcp1gxv,21,1,1,0
dqcp1rx0,21,1,0,1
dqcp1rzr,21,1,1,0
dqcp1wg8,21,1,1,0
dqcp1ys8,21,1,1,1
dqcp1yv9,21,1,1,1
dqcp1z6r,21,1,1,1
dqcp473c,21,0,0,1
dqcp4kgx,21,1,1,1
dqchf7jt,22,1,1,1
dqcn9r0y,22,0,1,1
dqcn9xvx,22,1,0,1
dqcnbbdq,22,1,1,0
dqcnbchm,22,1,1,1
dqcnc0gn,22,1,1,1
dqcnc0y3,22,1,1,1
dqcnc29k,22,1,1,0
dqcnc6tb,22,0,1,1
dqcnc78q,22,1,1,1
dqcnc7bc,22,1,0,1
dqcnc7hq,22,1,0,1
dqcncdq7,22,1,1,1
dqcncf4c,22,1,1,1
dqcncf6c,22,1,0,1
dqcncfq5,22,1,1,0
dqcncsjm,22,0,1,1
dqcnctbb,22,1,0,1
dqcncu6f,22,1,1,1
dqcncvkb,22,0,1,1
dqcncwc5,22,1,1,1
dqcncx6x,22,1,1,0
dqcne1qu,22,0,1,1
dqcne4gy,22,0,1,1
dqcne6ct,22,1,0,0
dqcnenmf,22,1,1,1
dqcner94,22,1,1,1
dqcnf3uz,22,1,0,1
dqcnf6cg,22,1,1,1
dqcnf6cj,22,1,1,0
dqcnf794,22,1,0,1
dqcnfffs,22,1,0,0
dqcnfk5z,22,1,1,1
dqcnfpuz,22,1,0,0
dqcnfqc3,22,0,0,0
dqcng06w,22,1,1,1
dqcng43b,22,1,0,1
dqcng4te,22,1,1,1
dqcngjkj,22,1,0,1
dqcngqhc,22,0,1,1
dqcp176g,22,1,1,1
dqcp1gxv,22,1,1,0
dqcp1rx0,22,1,0,1
dqcp1rzr,22,1,1,0
dqcp1wg8,22,1,1,0
dqcp1ys8,22,1,1,1
dqcp1yv9,22,1,1,1
dqcp1z6r,22,1,1,1
dqcp473c,22,0,0,1
dqcp4kgx,22,1,1,1
dqchf7jt,23,1,1,1
dqcn9r0y,23,0,1,1
dqcn9xvx,23,1,0,1
dqcnbbdq,23,1,1,0
dqcnbchm,23,1,1,1
dqcnc0gn,23,1,1,1
dqcnc0y3,23,1,1,1
dqcnc29k,23,1,1,0
dqcnc6tb,23,0,1,1
dqcnc78q,23,1,1,1
dqcnc7bc,23,1,0,1
dqcnc7hq,23,1,0,1
dqcncdq7,23,1,1,1
dqcncf4c,23,1,1,1
dqcncf6c,23,1,0,1
dqcncfq5,23,1,1,0
dqcncsjm,23,0,1,1
dqcnctbb,23,1,0,1
dqcncu6f,23,1,1,1
dqcncvkb,23,0,1,1
dqcncwc5,23,1,1,1
dqcncx6x,23,1,1,0
dqcne1qu,23,0,1,1
dqcne4gy,23,0,1,1
dqcne6ct,23,1,0,0
dqcnenmf,23,1,1,1
dqcner94,23,1,1,1
dqcnf3uz,23,1,0,1
dqcnf6cg,23,1,1,1
dqcnf6cj,23,1,1,0
dqcnf794,23,1,0,1
dqcnfffs,23,1,0,0
dqcnfk5z,23,1,1,1
dqcnfpuz,23,1,0,0
dqcnfqc3,23,0,0,0
dqcng06w,23,1,1,1
dqcng43b,23,1,0,1
dqcng4te,23,1,1,1
dqcngjkj,23,1,0,1
dqcngqhc,23,0,1,1
dqcp176g,23,1,1,1
dqcp1gxv,23,1,1,0
dqcp1rx0,23,1,0,1
dqcp1rzr,23,1,1,0
dqcp1wg8,23,1,1,0
dqcp1ys8,23,1,1,1
dqcp1yv9,23,1,1,1
dqcp1z6r,23,1,1,1
dqcp473c,23,0,0,1
dqcp4kgx,23,1,1,1
