household_id,timestep,vacant,repair,sell
1,0,0,0,0
2,0,0,0,0
3,0,0,0,0
4,0,0,0,0
5,0,0,0,0
6,0,0,0,0
7,0,0,0,0
8,0,0,0,0
9,0,0,0,0
10,0,0,0,0
11,0,0,0,0
12,0,0,0,0
13,0,0,0,0
14,0,0,0,0
15,0,0,0,0
16,0,0,0,0
17,0,0,0,0
18,0,0,0,0
19,0,0,0,0
20,0,0,0,0
21,0,0,0,0
22,0,0,0,0
23,0,0,0,0
24,0,0,0,0
25,0,0,0,0
26,0,0,0,0
27,0,0,0,0
28,0,0,0,0
29,0,0,0,0
30,0,0,0,0
31,0,0,0,0
32,0,0,0,0
33,0,0,0,0
34,0,0,0,0
35,0,0,0,0
36,0,0,0,0
37,0,0,0,0
38,0,0,0,0
39,0,0,0,0
40,0,0,0,0
41,0,0,0,0
42,0,0,0,0
43,0,0,0,0
44,0,0,0,0
45,0,0,0,0
46,0,0,0,0
47,0,0,0,0
48,0,0,0,0
49,0,0,0,0
50,0,0,0,0
51,0,0,0,0
52,0,0,0,0
53,0,0,0,0
54,0,0,0,0
55,0,0,0,0
56,0,0,0,0
57,0,0,0,0
58,0,0,0,0
59,0,0,0,0
60,0,0,0,0
61,0,0,0,0
62,0,0,0,0
63,0,0,0,0
64,0,0,0,0
65,0,0,0,0
66,0,0,0,0
67,0,0,0,0
68,0,0,0,0
69,0,0,0,0
70,0,0,0,0
71,0,0,0,0
72,0,0,0,0
73,0,0,0,0
74,0,0,0,0
75,0,0,0,0
76,0,0,0,0
77,0,0,0,0
78,0,0,0,0
79,0,0,0,0
80,0,0,0,0
81,0,0,0,0
82,0,0,0,0
83,0,0,0,0
84,0,0,0,0
85,0,0,0,0
86,0,0,0,0
87,0,0,0,0
88,0,0,0,0
89,0,0,0,0
90,0,0,0,0
91,0,0,0,0
92,0,0,0,0
93,0,0,0,0
94,0,0,0,0
95,0,0,0,0
96,0,0,0,0
97,0,0,0,0
98,0,0,0,0
99,0,0,0,0
100,0,0,0,0
101,0,0,0,0
102,0,0,0,0
103,0,0,0,0
104,0,0,0,0
105,0,0,0,0
106,0,0,0,0
107,0,0,0,0
108,0,0,0,0
109,0,0,0,0
110,0,0,0,0
111,0,0,0,0
112,0,0,0,0
113,0,0,0,0
114,0,0,0,0
115,0,0,0,0
116,0,0,0,0
117,0,0,0,0
118,0,0,0,0
119,0,0,0,0
120,0,0,0,0
121,0,0,0,0
122,0,0,0,0
123,0,0,0,0
124,0,0,0,0
125,0,0,0,0
126,0,0,0,0
127,0,0,0,0
128,0,0,0,0
129,0,0,0,0
130,0,0,0,0
131,0,0,0,0
132,0,0,0,0
133,0,0,0,0
134,0,0,0,0
135,0,0,0,0
136,0,0,0,0
137,0,0,0,0
138,0,0,0,0
139,0,0,0,0
140,0,0,0,0
141,0,0,0,0
142,0,0,0,0
143,0,0,0,0
144,0,0,0,0
145,0,0,0,0
146,0,0,0,0
147,0,0,0,0
148,0,0,0,0
149,0,0,0,0
150,0,0,0,0
151,0,0,0,0
152,0,0,0,0
153,0,0,0,0
154,0,0,0,0
155,0,0,0,0
156,0,0,0,0
157,0,0,0,0
158,0,0,0,0
159,0,0,0,0
160,0,0,0,0
161,0,0,0,0
162,0,0,0,0
163,0,0,0,0
164,0,0,0,0
165,0,0,0,0
166,0,0,0,0
167,0,0,0,0
168,0,0,0,0
169,0,0,0,0
170,0,0,0,0
171,0,0,0,0
172,0,0,0,0
173,0,0,0,0
174,0,0,0,0
175,0,0,0,0
176,0,0,0,0
177,0,0,0,0
178,0,0,0,0
179,0,0,0,0
180,0,0,0,0
181,0,0,0,0
182,0,0,0,0
183,0,0,0,0
184,0,0,0,0
185,0,0,0,0
186,0,0,0,0
187,0,0,0,0
188,0,0,0,0
189,0,0,0,0
190,0,0,0,0
191,0,0,0,0
192,0,0,0,0
193,0,0,0,0
194,0,0,0,0
195,0,0,0,0
196,0,0,0,0
197,0,0,0,0
198,0,0,0,0
199,0,0,0,0
200,0,0,0,0
1,1,0,0,0
2,1,0,0,0
3,1,0,0,0
4,1,0,0,0
5,1,0,0,0
6,1,0,0,0
7,1,1,0,0
8,1,0,0,0
9,1,0,0,0
10,1,0,0,0
11,1,0,0,0
12,1,0,0,0
13,1,0,0,0
14,1,0,0,0
15,1,0,0,0
16,1,0,0,0
17,1,0,0,0
18,1,0,0,0
19,1,0,0,0
20,1,0,0,0
21,1,0,0,0
22,1,0,0,1
23,1,0,0,0
24,1,0,0,0
25,1,0,0,0
26,1,0,0,0
27,1,0,0,0
28,1,0,0,0
29,1,1,0,0
30,1,0,0,0
31,1,0,0,0
32,1,0,0,0
33,1,0,1,0
34,1,0,0,0
35,1,0,0,0
36,1,0,0,0
37,1,0,0,0
38,1,0,0,0
39,1,0,1,0
40,1,0,0,0
41,1,0,0,0
42,1,0,0,0
43,1,0,0,0
44,1,0,0,0
45,1,0,0,0
46,1,0,0,0
47,1,0,0,0
48,1,0,0,0
49,1,0,0,0
50,1,0,0,0
51,1,0,0,0
52,1,0,1,0
53,1,0,0,0
54,1,0,0,0
55,1,0,0,1
56,1,0,0,0
57,1,1,0,0
58,1,0,0,0
59,1,0,0,0
60,1,0,0,0
61,1,0,0,0
62,1,0,0,0
63,1,0,0,0
64,1,0,0,0
65,1,0,0,0
66,1,0,0,0
67,1,1,0,0
68,1,0,0,0
69,1,0,0,0
70,1,0,0,0
71,1,0,0,1
72,1,0,0,0
73,1,0,0,0
74,1,0,0,0
75,1,0,0,0
76,1,0,0,0
77,1,1,0,0
78,1,0,0,0
79,1,0,0,0
80,1,0,1,0
81,1,0,0,0
82,1,0,0,0
83,1,0,0,0
84,1,1,0,0
85,1,0,0,0
86,1,0,0,0
87,1,0,0,0
88,1,0,0,0
89,1,0,0,0
90,1,0,0,0
91,1,0,0,0
92,1,0,0,1
93,1,0,1,0
94,1,0,0,0
95,1,0,0,0
96,1,1,0,0
97,1,0,0,0
98,1,0,0,0
99,1,0,0,0
100,1,0,1,0
101,1,0,0,0
102,1,0,0,0
103,1,0,0,0
104,1,0,0,0
105,1,0,0,0
106,1,0,0,0
107,1,0,0,0
108,1,0,0,0
109,1,0,0,0
110,1,0,0,0
111,1,1,0,0
112,1,0,0,0
113,1,0,0,0
114,1,0,0,0
115,1,0,1,0
116,1,0,0,0
117,1,0,0,0
118,1,0,0,0
119,1,0,1,0
120,1,0,0,0
121,1,0,0,0
122,1,0,0,0
123,1,0,0,0
124,1,0,0,0
125,1,0,0,0
126,1,0,0,0
127,1,0,0,0
128,1,0,0,0
129,1,0,0,0
130,1,1,0,0
131,1,0,0,0
132,1,1,0,0
133,1,0,0,0
134,1,0,0,0
135,1,0,1,0
136,1,0,0,0
137,1,0,0,0
138,1,0,0,0
139,1,1,0,0
140,1,0,1,0
141,1,0,0,0
142,1,0,0,0
143,1,0,0,0
144,1,0,0,0
145,1,0,1,0
146,1,0,0,0
147,1,0,0,0
148,1,0,0,0
149,1,0,0,0
150,1,0,0,0
151,1,1,0,0
152,1,0,0,0
153,1,0,0,0
154,1,0,0,0
155,1,0,1,0
156,1,0,0,0
157,1,0,0,0
158,1,0,1,0
159,1,0,1,0
160,1,0,0,0
161,1,0,1,0
162,1,0,0,0
163,1,0,0,0
164,1,0,0,0
165,1,0,0,0
166,1,0,0,0
167,1,0,0,0
168,1,0,0,0
169,1,0,0,0
170,1,0,0,0
171,1,0,0,0
172,1,0,0,0
173,1,0,0,0
174,1,0,0,0
175,1,0,0,0
176,1,0,0,0
177,1,0,0,0
178,1,0,0,0
179,1,0,1,0
180,1,0,0,0
181,1,0,0,0
182,1,0,1,0
183,1,0,0,0
184,1,0,0,0
185,1,0,0,0
186,1,0,0,0
187,1,0,1,0
188,1,1,0,0
189,1,0,0,0
190,1,1,0,0
191,1,0,1,0
192,1,0,1,0
193,1,1,0,0
194,1,0,1,0
195,1,0,0,0
196,1,0,0,0
197,1,0,1,0
198,1,0,0,1
199,1,0,0,0
200,1,1,0,0
1,2,0,0,0
2,2,0,1,0
3,2,0,0,0
4,2,0,1,0
5,2,0,1,0
6,2,0,0,0
7,2,1,0,0
8,2,0,1,0
9,2,0,0,0
10,2,0,0,0
11,2,0,0,0
12,2,0,1,0
13,2,0,0,0
14,2,0,0,0
15,2,0,1,0
16,2,0,0,0
17,2,0,0,0
18,2,0,0,0
19,2,0,1,0
20,2,0,0,0
21,2,0,0,0
22,2,0,0,1
23,2,0,0,0
24,2,0,0,1
25,2,0,0,0
26,2,0,0,0
27,2,0,0,0
28,2,0,0,0
29,2,1,0,0
30,2,0,0,0
31,2,1,0,0
32,2,0,0,0
33,2,0,1,0
34,2,0,0,0
35,2,1,0,0
36,2,0,1,0
37,2,0,0,0
38,2,1,0,0
39,2,0,1,0
40,2,0,0,0
41,2,0,0,0
42,2,0,0,0
43,2,0,0,0
44,2,0,0,1
45,2,0,1,0
46,2,0,0,0
47,2,0,0,0
48,2,0,0,0
49,2,0,0,0
50,2,0,0,0
51,2,0,1,0
52,2,0,1,0
53,2,0,0,0
54,2,0,1,0
55,2,0,0,1
56,2,0,0,0
57,2,1,0,0
58,2,0,1,0
59,2,0,0,0
60,2,0,0,0
61,2,0,0,0
62,2,0,0,1
63,2,0,0,1
64,2,0,0,0
65,2,0,0,0
66,2,0,0,0
67,2,1,0,0
68,2,0,0,0
69,2,0,0,0
70,2,0,0,1
71,2,0,0,1
72,2,0,0,0
73,2,0,0,0
74,2,0,0,0
75,2,0,1,0
76,2,0,0,1
77,2,1,0,0
78,2,0,0,0
79,2,0,1,0
80,2,0,1,0
81,2,0,0,0
82,2,0,0,0
83,2,0,0,0
84,2,1,0,0
85,2,0,1,0
86,2,0,1,0
87,2,0,0,0
88,2,0,0,0
89,2,0,0,0
90,2,0,0,0
91,2,0,1,0
92,2,0,0,1
93,2,0,1,0
94,2,0,1,0
95,2,0,0,0
96,2,1,0,0
97,2,1,0,0
98,2,1,0,0
99,2,0,0,0
100,2,0,1,0
101,2,0,0,0
102,2,0,0,0
103,2,0,0,0
104,2,1,0,0
105,2,0,0,0
106,2,0,0,0
107,2,0,1,0
108,2,0,0,0
109,2,0,0,0
110,2,0,0,0
111,2,1,0,0
112,2,0,0,0
113,2,0,0,0
114,2,0,0,0
115,2,0,1,0
116,2,0,0,0
117,2,0,0,1
118,2,0,0,0
119,2,0,1,0
120,2,0,0,0
121,2,0,1,0
122,2,0,0,0
123,2,0,0,0
124,2,1,0,0
125,2,0,0,0
126,2,0,1,0
127,2,1,0,0
128,2,0,0,0
129,2,0,0,0
130,2,1,0,0
131,2,0,0,0
132,2,1,0,0
133,2,1,0,0
134,2,0,0,1
135,2,0,1,0
136,2,0,1,0
137,2,0,0,0
138,2,0,0,0
139,2,1,0,0
140,2,0,1,0
141,2,0,0,0
142,2,0,1,0
143,2,0,0,0
144,2,0,0,0
145,2,0,1,0
146,2,0,1,0
147,2,1,0,0
148,2,0,0,0
149,2,0,0,0
150,2,0,0,0
151,2,1,0,0
152,2,0,1,0
153,2,0,0,0
154,2,0,0,0
155,2,0,1,0
156,2,0,0,0
157,2,0,0,0
158,2,0,1,0
159,2,0,1,0
160,2,0,0,0
161,2,0,1,0
162,2,0,0,0
163,2,0,0,0
164,2,0,0,0
165,2,0,1,0
166,2,0,0,0
167,2,0,1,0
168,2,0,0,0
169,2,0,0,0
170,2,0,0,0
171,2,0,1,0
172,2,0,1,0
173,2,0,1,0
174,2,0,0,0
175,2,0,0,0
176,2,0,1,0
177,2,0,1,0
178,2,0,1,0
179,2,0,1,0
180,2,0,1,0
181,2,0,0,0
182,2,0,1,0
183,2,0,0,0
184,2,0,1,0
185,2,0,0,0
186,2,0,0,0
187,2,0,1,0
188,2,1,0,0
189,2,0,1,0
190,2,1,0,0
191,2,0,1,0
192,2,0,1,0
193,2,1,0,0
194,2,0,1,0
195,2,0,1,0
196,2,0,1,0
197,2,0,1,0
198,2,0,0,1
199,2,0,0,0
200,2,1,0,0
1,3,1,0,0
2,3,0,1,0
3,3,0,0,0
4,3,0,1,0
5,3,0,1,0
6,3,0,1,0
7,3,1,0,0
8,3,0,1,0
9,3,0,0,0
10,3,0,0,1
11,3,0,0,0
12,3,0,1,0
13,3,0,0,0
14,3,0,0,0
15,3,0,1,0
16,3,1,0,0
17,3,0,1,0
18,3,0,0,0
19,3,0,1,0
20,3,0,1,0
21,3,0,0,0
22,3,0,0,1
23,3,0,0,0
24,3,0,0,1
25,3,0,0,0
26,3,0,1,0
27,3,0,0,0
28,3,0,0,0
29,3,1,0,0
30,3,0,0,0
31,3,1,0,0
32,3,0,0,1
33,3,0,1,0
34,3,0,0,0
35,3,1,0,0
36,3,0,1,0
37,3,0,0,0
38,3,1,0,0
39,3,0,1,0
40,3,0,0,0
41,3,0,1,0
42,3,0,0,0
43,3,0,0,0
44,3,0,0,1
45,3,0,1,0
46,3,1,0,0
47,3,0,0,0
48,3,0,0,0
49,3,0,0,0
50,3,0,0,0
51,3,0,1,0
52,3,0,1,0
53,3,0,1,0
54,3,0,1,0
55,3,0,0,1
56,3,0,0,0
57,3,1,0,0
58,3,0,1,0
59,3,0,0,0
60,3,0,0,0
61,3,1,0,0
62,3,0,0,1
63,3,0,0,1
64,3,0,0,0
65,3,0,0,0
66,3,0,0,0
67,3,1,0,0
68,3,0,0,0
69,3,0,0,0
70,3,0,0,1
71,3,0,0,1
72,3,0,0,0
73,3,0,0,0
74,3,0,1,0
75,3,0,1,0
76,3,0,0,1
77,3,1,0,0
78,3,1,0,0
79,3,0,1,0
80,3,0,1,0
81,3,0,0,0
82,3,0,1,0
83,3,0,0,1
84,3,1,0,0
85,3,0,1,0
86,3,0,1,0
87,3,0,0,0
88,3,0,0,0
89,3,0,0,0
90,3,0,0,0
91,3,0,1,0
92,3,0,0,1
93,3,0,1,0
94,3,0,1,0
95,3,0,1,0
96,3,1,0,0
97,3,1,0,0
98,3,1,0,0
99,3,0,1,0
100,3,0,1,0
101,3,0,1,0
102,3,0,0,0
103,3,0,0,0
104,3,1,0,0
105,3,0,1,0
106,3,0,0,0
107,3,0,1,0
108,3,0,0,0
109,3,0,0,0
110,3,0,0,1
111,3,1,0,0
112,3,0,0,0
113,3,0,0,0
114,3,0,0,0
115,3,0,1,0
116,3,0,1,0
117,3,0,0,1
118,3,0,0,1
119,3,0,1,0
120,3,0,0,0
121,3,0,1,0
122,3,0,0,0
123,3,0,0,0
124,3,1,0,0
125,3,1,0,0
126,3,0,1,0
127,3,1,0,0
128,3,0,0,0
129,3,0,0,0
130,3,1,0,0
131,3,0,0,1
132,3,1,0,0
133,3,1,0,0
134,3,0,0,1
135,3,0,1,0
136,3,0,1,0
137,3,0,0,1
138,3,1,0,0
139,3,1,0,0
140,3,0,1,0
141,3,0,0,0
142,3,0,1,0
143,3,0,0,0
144,3,0,0,0
145,3,0,1,0
146,3,0,1,0
147,3,1,0,0
148,3,0,1,0
149,3,0,1,0
150,3,0,0,0
151,3,1,0,0
152,3,0,1,0
153,3,0,0,1
154,3,0,0,1
155,3,0,1,0
156,3,0,1,0
157,3,0,0,0
158,3,0,1,0
159,3,0,1,0
160,3,0,0,0
161,3,0,1,0
162,3,0,0,0
163,3,0,1,0
164,3,0,0,0
165,3,0,1,0
166,3,0,1,0
167,3,0,1,0
168,3,0,0,0
169,3,0,0,0
170,3,1,0,0
171,3,0,1,0
172,3,0,1,0
173,3,0,1,0
174,3,0,1,0
175,3,0,1,0
176,3,0,1,0
177,3,0,1,0
178,3,0,1,0
179,3,0,1,0
180,3,0,1,0
181,3,0,0,0
182,3,0,1,0
183,3,0,0,1
184,3,0,1,0
185,3,1,0,0
186,3,1,0,0
187,3,0,1,0
188,3,1,0,0
189,3,0,1,0
190,3,1,0,0
191,3,0,1,0
192,3,0,1,0
193,3,1,0,0
194,3,0,1,0
195,3,0,1,0
196,3,0,1,0
197,3,0,1,0
198,3,0,0,1
199,3,0,0,0
200,3,1,0,0
1,4,1,0,0
2,4,0,1,0
3,4,0,0,0
4,4,0,1,0
5,4,0,1,0
6,4,0,1,0
7,4,1,0,0
8,4,0,1,0
9,4,0,0,0
10,4,0,0,1
11,4,0,0,0
12,4,0,1,0
13,4,0,0,0
14,4,0,0,0
15,4,0,1,0
16,4,1,0,0
17,4,0,1,0
18,4,0,0,0
19,4,0,1,0
20,4,0,1,0
21,4,0,1,0
22,4,0,0,1
23,4,0,1,0
24,4,0,0,1
25,4,0,0,0
26,4,0,1,0
27,4,0,0,0
28,4,0,1,0
29,4,1,0,0
30,4,0,0,0
31,4,1,0,0
32,4,0,0,1
33,4,0,1,0
34,4,0,0,0
35,4,1,0,0
36,4,0,1,0
37,4,0,0,0
38,4,1,0,0
39,4,0,1,0
40,4,0,0,0
41,4,0,1,0
42,4,0,1,0
43,4,0,0,0
44,4,0,0,1
45,4,0,1,0
46,4,1,0,0
47,4,0,1,0
48,4,0,0,0
49,4,0,0,0
50,4,0,1,0
51,4,0,1,0
52,4,0,1,0
53,4,0,1,0
54,4,0,1,0
55,4,0,0,1
56,4,0,1,0
57,4,1,0,0
58,4,0,1,0
59,4,0,0,0
60,4,0,1,0
61,4,1,0,0
62,4,0,0,1
63,4,0,0,1
64,4,0,1,0
65,4,0,0,0
66,4,0,0,0
67,4,1,0,0
68,4,0,1,0
69,4,0,0,0
70,4,0,0,1
71,4,0,0,1
72,4,1,0,0
73,4,0,0,0
74,4,0,1,0
75,4,0,1,0
76,4,0,0,1
77,4,1,0,0
78,4,1,0,0
79,4,0,1,0
80,4,0,1,0
81,4,0,0,0
82,4,0,1,0
83,4,0,0,1
84,4,1,0,0
85,4,0,1,0
86,4,0,1,0
87,4,0,0,0
88,4,0,0,0
89,4,0,0,0
90,4,0,0,0
91,4,0,1,0
92,4,0,0,1
93,4,0,1,0
94,4,0,1,0
95,4,0,1,0
96,4,1,0,0
97,4,1,0,0
98,4,1,0,0
99,4,0,1,0
100,4,0,1,0
101,4,0,1,0
102,4,0,0,0
103,4,0,0,0
104,4,1,0,0
105,4,0,1,0
106,4,0,0,0
107,4,0,1,0
108,4,1,0,0
109,4,0,0,0
110,4,0,0,1
111,4,1,0,0
112,4,0,0,0
113,4,0,1,0
114,4,0,0,0
115,4,0,1,0
116,4,0,1,0
117,4,0,0,1
118,4,0,0,1
119,4,0,1,0
120,4,0,0,0
121,4,0,1,0
122,4,0,0,0
123,4,0,1,0
124,4,1,0,0
125,4,1,0,0
126,4,0,1,0
127,4,1,0,0
128,4,0,0,0
129,4,0,0,0
130,4,1,0,0
131,4,0,0,1
132,4,1,0,0
133,4,1,0,0
134,4,0,0,1
135,4,0,1,0
136,4,0,1,0
137,4,0,0,1
138,4,1,0,0
139,4,1,0,0
140,4,0,1,0
141,4,0,1,0
142,4,0,1,0
143,4,0,0,0
144,4,0,0,0
145,4,0,1,0
146,4,0,1,0
147,4,1,0,0
148,4,0,1,0
149,4,0,1,0
150,4,0,0,0
151,4,1,0,0
152,4,0,1,0
153,4,0,0,1
154,4,0,0,1
155,4,0,1,0
156,4,0,1,0
157,4,0,0,0
158,4,0,1,0
159,4,0,1,0
160,4,0,0,0
161,4,0,1,0
162,4,0,1,0
163,4,0,1,0
164,4,0,0,0
165,4,0,1,0
166,4,0,1,0
167,4,0,1,0
168,4,0,0,0
169,4,0,0,0
170,4,1,0,0
171,4,0,1,0
172,4,0,1,0
173,4,0,1,0
174,4,0,1,0
175,4,0,1,0
176,4,0,1,0
177,4,0,1,0
178,4,0,1,0
179,4,0,1,0
180,4,0,1,0
181,4,0,0,0
182,4,0,1,0
183,4,0,0,1
184,4,0,1,0
185,4,1,0,0
186,4,1,0,0
187,4,0,1,0
188,4,1,0,0
189,4,0,1,0
190,4,1,0,0
191,4,0,1,0
192,4,0,1,0
193,4,1,0,0
194,4,0,1,0
195,4,0,1,0
196,4,0,1,0
197,4,0,1,0
198,4,0,0,1
199,4,0,0,0
200,4,1,0,0
1,5,1,0,0
2,5,0,1,0
3,5,0,1,0
4,5,0,1,0
5,5,0,1,0
6,5,0,1,0
7,5,1,0,0
8,5,0,1,0
9,5,0,0,0
10,5,0,0,1
11,5,0,1,0
12,5,0,1,0
13,5,0,0,0
14,5,0,0,1
15,5,0,1,0
16,5,1,0,0
17,5,0,1,0
18,5,0,0,0
19,5,0,1,0
20,5,0,1,0
21,5,0,1,0
22,5,0,0,1
23,5,0,1,0
24,5,0,0,1
25,5,0,0,0
26,5,0,1,0
27,5,0,0,0
28,5,0,1,0
29,5,1,0,0
30,5,0,1,0
31,5,1,0,0
32,5,0,0,1
33,5,0,1,0
34,5,0,0,0
35,5,1,0,0
36,5,0,1,0
37,5,0,1,0
38,5,1,0,0
39,5,0,1,0
40,5,0,0,0
41,5,0,1,0
42,5,0,1,0
43,5,0,0,0
44,5,0,0,1
45,5,0,1,0
46,5,1,0,0
47,5,0,1,0
48,5,0,0,0
49,5,0,0,0
50,5,0,1,0
51,5,0,1,0
52,5,0,1,0
53,5,0,1,0
54,5,0,1,0
55,5,0,0,1
56,5,0,1,0
57,5,1,0,0
58,5,0,1,0
59,5,0,0,0
60,5,0,1,0
61,5,1,0,0
62,5,0,0,1
63,5,0,0,1
64,5,0,1,0
65,5,0,1,0
66,5,0,1,0
67,5,1,0,0
68,5,0,1,0
69,5,1,0,0
70,5,0,0,1
71,5,0,0,1
72,5,1,0,0
73,5,0,0,0
74,5,0,1,0
75,5,0,1,0
76,5,0,0,1
77,5,1,0,0
78,5,1,0,0
79,5,0,1,0
80,5,0,1,0
81,5,0,0,0
82,5,0,1,0
83,5,0,0,1
84,5,1,0,0
85,5,0,1,0
86,5,0,1,0
87,5,1,0,0
88,5,0,0,0
89,5,0,0,0
90,5,0,1,0
91,5,0,1,0
92,5,0,0,1
93,5,0,1,0
94,5,0,1,0
95,5,0,1,0
96,5,1,0,0
97,5,1,0,0
98,5,1,0,0
99,5,0,1,0
100,5,0,1,0
101,5,0,1,0
102,5,0,0,0
103,5,0,0,0
104,5,1,0,0
105,5,0,1,0
106,5,0,1,0
107,5,0,1,0
108,5,1,0,0
109,5,1,0,0
110,5,0,0,1
111,5,1,0,0
112,5,0,1,0
113,5,0,1,0
114,5,0,0,1
115,5,0,1,0
116,5,0,1,0
117,5,0,0,1
118,5,0,0,1
119,5,0,1,0
120,5,0,0,0
121,5,0,1,0
122,5,0,0,0
123,5,0,1,0
124,5,1,0,0
125,5,1,0,0
126,5,0,1,0
127,5,1,0,0
128,5,0,0,1
129,5,0,0,0
130,5,1,0,0
131,5,0,0,1
132,5,1,0,0
133,5,1,0,0
134,5,0,0,1
135,5,0,1,0
136,5,0,1,0
137,5,0,0,1
138,5,1,0,0
139,5,1,0,0
140,5,0,1,0
141,5,0,1,0
142,5,0,1,0
143,5,0,1,0
144,5,0,0,1
145,5,0,1,0
146,5,0,1,0
147,5,1,0,0
148,5,0,1,0
149,5,0,1,0
150,5,0,0,1
151,5,1,0,0
152,5,0,1,0
153,5,0,0,1
154,5,0,0,1
155,5,0,1,0
156,5,0,1,0
157,5,0,0,0
158,5,0,1,0
159,5,0,1,0
160,5,0,0,0
161,5,0,1,0
162,5,0,1,0
163,5,0,1,0
164,5,0,1,0
165,5,0,1,0
166,5,0,1,0
167,5,0,1,0
168,5,0,0,0
169,5,0,0,0
170,5,1,0,0
171,5,0,1,0
172,5,0,1,0
173,5,0,1,0
174,5,0,1,0
175,5,0,1,0
176,5,0,1,0
177,5,0,1,0
178,5,0,1,0
179,5,0,1,0
180,5,0,1,0
181,5,0,0,0
182,5,0,1,0
183,5,0,0,1
184,5,0,1,0
185,5,1,0,0
186,5,1,0,0
187,5,0,1,0
188,5,1,0,0
189,5,0,1,0
190,5,1,0,0
191,5,0,1,0
192,5,0,1,0
193,5,1,0,0
194,5,0,1,0
195,5,0,1,0
196,5,0,1,0
197,5,0,1,0
198,5,0,0,1
199,5,0,1,0
200,5,1,0,0
1,6,1,0,0
2,6,0,1,0
3,6,0,1,0
4,6,0,1,0
5,6,0,1,0
6,6,0,1,0
7,6,1,0,0
8,6,0,1,0
9,6,0,1,0
10,6,0,0,1
11,6,0,1,0
12,6,0,1,0
13,6,0,0,0
14,6,0,0,1
15,6,0,1,0
16,6,1,0,0
17,6,0,1,0
18,6,1,0,0
19,6,0,1,0
20,6,0,1,0
21,6,0,1,0
22,6,0,0,1
23,6,0,1,0
24,6,0,0,1
25,6,0,0,0
26,6,0,1,0
27,6,0,0,0
28,6,0,1,0
29,6,1,0,0
30,6,0,1,0
31,6,1,0,0
32,6,0,0,1
33,6,0,1,0
34,6,0,0,0
35,6,1,0,0
36,6,0,1,0
37,6,0,1,0
38,6,1,0,0
39,6,0,1,0
40,6,1,0,0
41,6,0,1,0
42,6,0,1,0
43,6,0,0,0
44,6,0,0,1
45,6,0,1,0
46,6,1,0,0
47,6,0,1,0
48,6,0,1,0
49,6,0,0,0
50,6,0,1,0
51,6,0,1,0
52,6,0,1,0
53,6,0,1,0
54,6,0,1,0
55,6,0,0,1
56,6,0,1,0
57,6,1,0,0
58,6,0,1,0
59,6,0,0,0
60,6,0,1,0
61,6,1,0,0
62,6,0,0,1
63,6,0,0,1
64,6,0,1,0
65,6,0,1,0
66,6,0,1,0
67,6,1,0,0
68,6,0,1,0
69,6,1,0,0
70,6,0,0,1
71,6,0,0,1
72,6,1,0,0
73,6,0,0,0
74,6,0,1,0
75,6,0,1,0
76,6,0,0,1
77,6,1,0,0
78,6,1,0,0
79,6,0,1,0
80,6,0,1,0
81,6,0,0,0
82,6,0,1,0
83,6,0,0,1
84,6,1,0,0
85,6,0,1,0
86,6,0,1,0
87,6,1,0,0
88,6,0,0,0
89,6,0,0,0
90,6,0,1,0
91,6,0,1,0
92,6,0,0,1
93,6,0,1,0
94,6,0,1,0
95,6,0,1,0
96,6,1,0,0
97,6,1,0,0
98,6,1,0,0
99,6,0,1,0
100,6,0,1,0
101,6,0,1,0
102,6,0,1,0
103,6,0,0,0
104,6,1,0,0
105,6,0,1,0
106,6,0,1,0
107,6,0,1,0
108,6,1,0,0
109,6,1,0,0
110,6,0,0,1
111,6,1,0,0
112,6,0,1,0
113,6,0,1,0
114,6,0,0,1
115,6,0,1,0
116,6,0,1,0
117,6,0,0,1
118,6,0,0,1
119,6,0,1,0
120,6,0,1,0
121,6,0,1,0
122,6,0,0,0
123,6,0,1,0
124,6,1,0,0
125,6,1,0,0
126,6,0,1,0
127,6,1,0,0
128,6,0,0,1
129,6,0,0,0
130,6,1,0,0
131,6,0,0,1
132,6,1,0,0
133,6,1,0,0
134,6,0,0,1
135,6,0,1,0
136,6,0,1,0
137,6,0,0,1
138,6,1,0,0
139,6,1,0,0
140,6,0,1,0
141,6,0,1,0
142,6,0,1,0
143,6,0,1,0
144,6,0,0,1
145,6,0,1,0
146,6,0,1,0
147,6,1,0,0
148,6,0,1,0
149,6,0,1,0
150,6,0,0,1
151,6,1,0,0
152,6,0,1,0
153,6,0,0,1
154,6,0,0,1
155,6,0,1,0
156,6,0,1,0
157,6,0,1,0
158,6,0,1,0
159,6,0,1,0
160,6,0,0,1
161,6,0,1,0
162,6,0,1,0
163,6,0,1,0
164,6,0,1,0
165,6,0,1,0
166,6,0,1,0
167,6,0,1,0
168,6,0,0,1
169,6,0,1,0
170,6,1,0,0
171,6,0,1,0
172,6,0,1,0
173,6,0,1,0
174,6,0,1,0
175,6,0,1,0
176,6,0,1,0
177,6,0,1,0
178,6,0,1,0
179,6,0,1,0
180,6,0,1,0
181,6,0,0,0
182,6,0,1,0
183,6,0,0,1
184,6,0,1,0
185,6,1,0,0
186,6,1,0,0
187,6,0,1,0
188,6,1,0,0
189,6,0,1,0
190,6,1,0,0
191,6,0,1,0
192,6,0,1,0
193,6,1,0,0
194,6,0,1,0
195,6,0,1,0
196,6,0,1,0
197,6,0,1,0
198,6,0,0,1
199,6,0,1,0
200,6,1,0,0
1,7,1,0,0
2,7,0,1,0
3,7,0,1,0
4,7,0,1,0
5,7,0,1,0
6,7,0,1,0
7,7,1,0,0
8,7,0,1,0
9,7,0,1,0
10,7,0,0,1
11,7,0,1,0
12,7,0,1,0
13,7,0,0,0
14,7,0,0,1
15,7,0,1,0
16,7,1,0,0
17,7,0,1,0
18,7,1,0,0
19,7,0,1,0
20,7,0,1,0
21,7,0,1,0
22,7,0,0,1
23,7,0,1,0
24,7,0,0,1
25,7,1,0,0
26,7,0,1,0
27,7,0,0,0
28,7,0,1,0
29,7,1,0,0
30,7,0,1,0
31,7,1,0,0
32,7,0,0,1
33,7,0,1,0
34,7,0,0,1
35,7,1,0,0
36,7,0,1,0
37,7,0,1,0
38,7,1,0,0
39,7,0,1,0
40,7,1,0,0
41,7,0,1,0
42,7,0,1,0
43,7,0,0,0
44,7,0,0,1
45,7,0,1,0
46,7,1,0,0
47,7,0,1,0
48,7,0,1,0
49,7,0,0,0
50,7,0,1,0
51,7,0,1,0
52,7,0,1,0
53,7,0,1,0
54,7,0,1,0
55,7,0,0,1
56,7,0,1,0
57,7,1,0,0
58,7,0,1,0
59,7,0,1,0
60,7,0,1,0
61,7,1,0,0
62,7,0,0,1
63,7,0,0,1
64,7,0,1,0
65,7,0,1,0
66,7,0,1,0
67,7,1,0,0
68,7,0,1,0
69,7,1,0,0
70,7,0,0,1
71,7,0,0,1
72,7,1,0,0
73,7,1,0,0
74,7,0,1,0
75,7,0,1,0
76,7,0,0,1
77,7,1,0,0
78,7,1,0,0
79,7,0,1,0
80,7,0,1,0
81,7,0,1,0
82,7,0,1,0
83,7,0,0,1
84,7,1,0,0
85,7,0,1,0
86,7,0,1,0
87,7,1,0,0
88,7,0,1,0
89,7,1,0,0
90,7,0,1,0
91,7,0,1,0
92,7,0,0,1
93,7,0,1,0
94,7,0,1,0
95,7,0,1,0
96,7,1,0,0
97,7,1,0,0
98,7,1,0,0
99,7,0,1,0
100,7,0,1,0
101,7,0,1,0
102,7,0,1,0
103,7,0,0,0
104,7,1,0,0
105,7,0,1,0
106,7,0,1,0
107,7,0,1,0
108,7,1,0,0
109,7,1,0,0
110,7,0,0,1
111,7,1,0,0
112,7,0,1,0
113,7,0,1,0
114,7,0,0,1
115,7,0,1,0
116,7,0,1,0
117,7,0,0,1
118,7,0,0,1
119,7,0,1,0
120,7,0,1,0
121,7,0,1,0
122,7,0,0,1
123,7,0,1,0
124,7,1,0,0
125,7,1,0,0
126,7,0,1,0
127,7,1,0,0
128,7,0,0,1
129,7,0,0,0
130,7,1,0,0
131,7,0,0,1
132,7,1,0,0
133,7,1,0,0
134,7,0,0,1
135,7,0,1,0
136,7,0,1,0
137,7,0,0,1
138,7,1,0,0
139,7,1,0,0
140,7,0,1,0
141,7,0,1,0
142,7,0,1,0
143,7,0,1,0
144,7,0,0,1
145,7,0,1,0
146,7,0,1,0
147,7,1,0,0
148,7,0,1,0
149,7,0,1,0
150,7,0,0,1
151,7,1,0,0
152,7,0,1,0
153,7,0,0,1
154,7,0,0,1
155,7,0,1,0
156,7,0,1,0
157,7,0,1,0
158,7,0,1,0
159,7,0,1,0
160,7,0,0,1
161,7,0,1,0
162,7,0,1,0
163,7,0,1,0
164,7,0,1,0
165,7,0,1,0
166,7,0,1,0
167,7,0,1,0
168,7,0,0,1
169,7,0,1,0
170,7,1,0,0
171,7,0,1,0
172,7,0,1,0
173,7,0,1,0
174,7,0,1,0
175,7,0,1,0
176,7,0,1,0
177,7,0,1,0
178,7,0,1,0
179,7,0,1,0
180,7,0,1,0
181,7,0,1,0
182,7,0,1,0
183,7,0,0,1
184,7,0,1,0
185,7,1,0,0
186,7,1,0,0
187,7,0,1,0
188,7,1,0,0
189,7,0,1,0
190,7,1,0,0
191,7,0,1,0
192,7,0,1,0
193,7,1,0,0
194,7,0,1,0
195,7,0,1,0
196,7,0,1,0
197,7,0,1,0
198,7,0,0,1
199,7,0,1,0
200,7,1,0,0
1,8,1,0,0
2,8,0,1,0
3,8,0,1,0
4,8,0,1,0
5,8,0,1,0
6,8,0,1,0
7,8,1,0,0
8,8,0,1,0
9,8,0,1,0
10,8,0,0,1
11,8,0,1,0
12,8,0,1,0
13,8,0,1,0
14,8,0,0,1
15,8,0,1,0
16,8,1,0,0
17,8,0,1,0
18,8,1,0,0
19,8,0,1,0
20,8,0,1,0
21,8,0,1,0
22,8,0,0,1
23,8,0,1,0
24,8,0,0,1
25,8,1,0,0
26,8,0,1,0
27,8,1,0,0
28,8,0,1,0
29,8,1,0,0
30,8,0,1,0
31,8,1,0,0
32,8,0,0,1
33,8,0,1,0
34,8,0,0,1
35,8,1,0,0
36,8,0,1,0
37,8,0,1,0
38,8,1,0,0
39,8,0,1,0
40,8,1,0,0
41,8,0,1,0
42,8,0,1,0
43,8,0,0,0
44,8,0,0,1
45,8,0,1,0
46,8,1,0,0
47,8,0,1,0
48,8,0,1,0
49,8,0,1,0
50,8,0,1,0
51,8,0,1,0
52,8,0,1,0
53,8,0,1,0
54,8,0,1,0
55,8,0,0,1
56,8,0,1,0
57,8,1,0,0
58,8,0,1,0
59,8,0,1,0
60,8,0,1,0
61,8,1,0,0
62,8,0,0,1
63,8,0,0,1
64,8,0,1,0
65,8,0,1,0
66,8,0,1,0
67,8,1,0,0
68,8,0,1,0
69,8,1,0,0
70,8,0,0,1
71,8,0,0,1
72,8,1,0,0
73,8,1,0,0
74,8,0,1,0
75,8,0,1,0
76,8,0,0,1
77,8,1,0,0
78,8,1,0,0
79,8,0,1,0
80,8,0,1,0
81,8,0,1,0
82,8,0,1,0
83,8,0,0,1
84,8,1,0,0
85,8,0,1,0
86,8,0,1,0
87,8,1,0,0
88,8,0,1,0
89,8,1,0,0
90,8,0,1,0
91,8,0,1,0
92,8,0,0,1
93,8,0,1,0
94,8,0,1,0
95,8,0,1,0
96,8,1,0,0
97,8,1,0,0
98,8,1,0,0
99,8,0,1,0
100,8,0,1,0
101,8,0,1,0
102,8,0,1,0
103,8,0,0,0
104,8,1,0,0
105,8,0,1,0
106,8,0,1,0
107,8,0,1,0
108,8,1,0,0
109,8,1,0,0
110,8,0,0,1
111,8,1,0,0
112,8,0,1,0
113,8,0,1,0
114,8,0,0,1
115,8,0,1,0
116,8,0,1,0
117,8,0,0,1
118,8,0,0,1
119,8,0,1,0
120,8,0,1,0
121,8,0,1,0
122,8,0,0,1
123,8,0,1,0
124,8,1,0,0
125,8,1,0,0
126,8,0,1,0
127,8,1,0,0
128,8,0,0,1
129,8,0,0,0
130,8,1,0,0
131,8,0,0,1
132,8,1,0,0
133,8,1,0,0
134,8,0,0,1
135,8,0,1,0
136,8,0,1,0
137,8,0,0,1
138,8,1,0,0
139,8,1,0,0
140,8,0,1,0
141,8,0,1,0
142,8,0,1,0
143,8,0,1,0
144,8,0,0,1
145,8,0,1,0
146,8,0,1,0
147,8,1,0,0
148,8,0,1,0
149,8,0,1,0
150,8,0,0,1
151,8,1,0,0
152,8,0,1,0
153,8,0,0,1
154,8,0,0,1
155,8,0,1,0
156,8,0,1,0
157,8,0,1,0
158,8,0,1,0
159,8,0,1,0
160,8,0,0,1
161,8,0,1,0
162,8,0,1,0
163,8,0,1,0
164,8,0,1,0
165,8,0,1,0
166,8,0,1,0
167,8,0,1,0
168,8,0,0,1
169,8,0,1,0
170,8,1,0,0
171,8,0,1,0
172,8,0,1,0
173,8,0,1,0
174,8,0,1,0
175,8,0,1,0
176,8,0,1,0
177,8,0,1,0
178,8,0,1,0
179,8,0,1,0
180,8,0,1,0
181,8,0,1,0
182,8,0,1,0
183,8,0,0,1
184,8,0,1,0
185,8,1,0,0
186,8,1,0,0
187,8,0,1,0
188,8,1,0,0
189,8,0,1,0
190,8,1,0,0
191,8,0,1,0
192,8,0,1,0
193,8,1,0,0
194,8,0,1,0
195,8,0,1,0
196,8,0,1,0
197,8,0,1,0
198,8,0,0,1
199,8,0,1,0
200,8,1,0,0
1,9,1,0,0
2,9,0,1,0
3,9,0,1,0
4,9,0,1,0
5,9,0,1,0
6,9,0,1,0
7,9,1,0,0
8,9,0,1,0
9,9,0,1,0
10,9,0,0,1
11,9,0,1,0
12,9,0,1,0
13,9,0,1,0
14,9,0,0,1
15,9,0,1,0
16,9,1,0,0
17,9,0,1,0
18,9,1,0,0
19,9,0,1,0
20,9,0,1,0
21,9,0,1,0
22,9,0,0,1
23,9,0,1,0
24,9,0,0,1
25,9,1,0,0
26,9,0,1,0
27,9,1,0,0
28,9,0,1,0
29,9,1,0,0
30,9,0,1,0
31,9,1,0,0
32,9,0,0,1
33,9,0,1,0
34,9,0,0,1
35,9,1,0,0
36,9,0,1,0
37,9,0,1,0
38,9,1,0,0
39,9,0,1,0
40,9,1,0,0
41,9,0,1,0
42,9,0,1,0
43,9,0,0,0
44,9,0,0,1
45,9,0,1,0
46,9,1,0,0
47,9,0,1,0
48,9,0,1,0
49,9,0,1,0
50,9,0,1,0
51,9,0,1,0
52,9,0,1,0
53,9,0,1,0
54,9,0,1,0
55,9,0,0,1
56,9,0,1,0
57,9,1,0,0
58,9,0,1,0
59,9,0,1,0
60,9,0,1,0
61,9,1,0,0
62,9,0,0,1
63,9,0,0,1
64,9,0,1,0
65,9,0,1,0
66,9,0,1,0
67,9,1,0,0
68,9,0,1,0
69,9,1,0,0
70,9,0,0,1
71,9,0,0,1
72,9,1,0,0
73,9,1,0,0
74,9,0,1,0
75,9,0,1,0
76,9,0,0,1
77,9,1,0,0
78,9,1,0,0
79,9,0,1,0
80,9,0,1,0
81,9,0,1,0
82,9,0,1,0
83,9,0,0,1
84,9,1,0,0
85,9,0,1,0
86,9,0,1,0
87,9,1,0,0
88,9,0,1,0
89,9,1,0,0
90,9,0,1,0
91,9,0,1,0
92,9,0,0,1
93,9,0,1,0
94,9,0,1,0
95,9,0,1,0
96,9,1,0,0
97,9,1,0,0
98,9,1,0,0
99,9,0,1,0
100,9,0,1,0
101,9,0,1,0
102,9,0,1,0
103,9,0,0,0
104,9,1,0,0
105,9,0,1,0
106,9,0,1,0
107,9,0,1,0
108,9,1,0,0
109,9,1,0,0
110,9,0,0,1
111,9,1,0,0
112,9,0,1,0
113,9,0,1,0
114,9,0,0,1
115,9,0,1,0
116,9,0,1,0
117,9,0,0,1
118,9,0,0,1
119,9,0,1,0
120,9,0,1,0
121,9,0,1,0
122,9,0,0,1
123,9,0,1,0
124,9,1,0,0
125,9,1,0,0
126,9,0,1,0
127,9,1,0,0
128,9,0,0,1
129,9,1,0,0
130,9,1,0,0
131,9,0,0,1
132,9,1,0,0
133,9,1,0,0
134,9,0,0,1
135,9,0,1,0
136,9,0,1,0
137,9,0,0,1
138,9,1,0,0
139,9,1,0,0
140,9,0,1,0
141,9,0,1,0
142,9,0,1,0
143,9,0,1,0
144,9,0,0,1
145,9,0,1,0
146,9,0,1,0
147,9,1,0,0
148,9,0,1,0
149,9,0,1,0
150,9,0,0,1
151,9,1,0,0
152,9,0,1,0
153,9,0,0,1
154,9,0,0,1
155,9,0,1,0
156,9,0,1,0
157,9,0,1,0
158,9,0,1,0
159,9,0,1,0
160,9,0,0,1
161,9,0,1,0
162,9,0,1,0
163,9,0,1,0
164,9,0,1,0
165,9,0,1,0
166,9,0,1,0
167,9,0,1,0
168,9,0,0,1
169,9,0,1,0
170,9,1,0,0
171,9,0,1,0
172,9,0,1,0
173,9,0,1,0
174,9,0,1,0
175,9,0,1,0
176,9,0,1,0
177,9,0,1,0
178,9,0,1,0
179,9,0,1,0
180,9,0,1,0
181,9,0,1,0
182,9,0,1,0
183,9,0,0,1
184,9,0,1,0
185,9,1,0,0
186,9,1,0,0
187,9,0,1,0
188,9,1,0,0
189,9,0,1,0
190,9,1,0,0
191,9,0,1,0
192,9,0,1,0
193,9,1,0,0
194,9,0,1,0
195,9,0,1,0
196,9,0,1,0
197,9,0,1,0
198,9,0,0,1
199,9,0,1,0
200,9,1,0,0
1,10,1,0,0
2,10,0,1,0
3,10,0,1,0
4,10,0,1,0
5,10,0,1,0
6,10,0,1,0
7,10,1,0,0
8,10,0,1,0
9,10,0,1,0
10,10,0,0,1
11,10,0,1,0
12,10,0,1,0
13,10,0,1,0
14,10,0,0,1
15,10,0,1,0
16,10,1,0,0
17,10,0,1,0
18,10,1,0,0
19,10,0,1,0
20,10,0,1,0
21,10,0,1,0
22,10,0,0,1
23,10,0,1,0
24,10,0,0,1
25,10,1,0,0
26,10,0,1,0
27,10,1,0,0
28,10,0,1,0
29,10,1,0,0
30,10,0,1,0
31,10,1,0,0
32,10,0,0,1
33,10,0,1,0
34,10,0,0,1
35,10,1,0,0
36,10,0,1,0
37,10,0,1,0
38,10,1,0,0
39,10,0,1,0
40,10,1,0,0
41,10,0,1,0
42,10,0,1,0
43,10,0,0,0
44,10,0,0,1
45,10,0,1,0
46,10,1,0,0
47,10,0,1,0
48,10,0,1,0
49,10,0,1,0
50,10,0,1,0
51,10,0,1,0
52,10,0,1,0
53,10,0,1,0
54,10,0,1,0
55,10,0,0,1
56,10,0,1,0
57,10,1,0,0
58,10,0,1,0
59,10,0,1,0
60,10,0,1,0
61,10,1,0,0
62,10,0,0,1
63,10,0,0,1
64,10,0,1,0
65,10,0,1,0
66,10,0,1,0
67,10,1,0,0
68,10,0,1,0
69,10,1,0,0
70,10,0,0,1
71,10,0,0,1
72,10,1,0,0
73,10,1,0,0
74,10,0,1,0
75,10,0,1,0
76,10,0,0,1
77,10,1,0,0
78,10,1,0,0
79,10,0,1,0
80,10,0,1,0
81,10,0,1,0
82,10,0,1,0
83,10,0,0,1
84,10,1,0,0
85,10,0,1,0
86,10,0,1,0
87,10,1,0,0
88,10,0,1,0
89,10,1,0,0
90,10,0,1,0
91,10,0,1,0
92,10,0,0,1
93,10,0,1,0
94,10,0,1,0
95,10,0,1,0
96,10,1,0,0
97,10,1,0,0
98,10,1,0,0
99,10,0,1,0
100,10,0,1,0
101,10,0,1,0
102,10,0,1,0
103,10,0,0,0
104,10,1,0,0
105,10,0,1,0
106,10,0,1,0
107,10,0,1,0
108,10,1,0,0
109,10,1,0,0
110,10,0,0,1
111,10,1,0,0
112,10,0,1,0
113,10,0,1,0
114,10,0,0,1
115,10,0,1,0
116,10,0,1,0
117,10,0,0,1
118,10,0,0,1
119,10,0,1,0
120,10,0,1,0
121,10,0,1,0
122,10,0,0,1
123,10,0,1,0
124,10,1,0,0
125,10,1,0,0
126,10,0,1,0
127,10,1,0,0
128,10,0,0,1
129,10,1,0,0
130,10,1,0,0
131,10,0,0,1
132,10,1,0,0
133,10,1,0,0
134,10,0,0,1
135,10,0,1,0
136,10,0,1,0
137,10,0,0,1
138,10,1,0,0
139,10,1,0,0
140,10,0,1,0
141,10,0,1,0
142,10,0,1,0
143,10,0,1,0
144,10,0,0,1
145,10,0,1,0
146,10,0,1,0
147,10,1,0,0
148,10,0,1,0
149,10,0,1,0
150,10,0,0,1
151,10,1,0,0
152,10,0,1,0
153,10,0,0,1
154,10,0,0,1
155,10,0,1,0
156,10,0,1,0
157,10,0,1,0
158,10,0,1,0
159,10,0,1,0
160,10,0,0,1
161,10,0,1,0
162,10,0,1,0
163,10,0,1,0
164,10,0,1,0
165,10,0,1,0
166,10,0,1,0
167,10,0,1,0
168,10,0,0,1
169,10,0,1,0
170,10,1,0,0
171,10,0,1,0
172,10,0,1,0
173,10,0,1,0
174,10,0,1,0
175,10,0,1,0
176,10,0,1,0
177,10,0,1,0
178,10,0,1,0
179,10,0,1,0
180,10,0,1,0
181,10,0,1,0
182,10,0,1,0
183,10,0,0,1
184,10,0,1,0
185,10,1,0,0
186,10,1,0,0
187,10,0,1,0
188,10,1,0,0
189,10,0,1,0
190,10,1,0,0
191,10,0,1,0
192,10,0,1,0
193,10,1,0,0
194,10,0,1,0
195,10,0,1,0
196,10,0,1,0
197,10,0,1,0
198,10,0,0,1
199,10,0,1,0
200,10,1,0,0
1,11,1,0,0
2,11,0,1,0
3,11,0,1,0
4,11,0,1,0
5,11,0,1,0
6,11,0,1,0
7,11,1,0,0
8,11,0,1,0
9,11,0,1,0
10,11,0,0,1
11,11,0,1,0
12,11,0,1,0
13,11,0,1,0
14,11,0,0,1
15,11,0,1,0
16,11,1,0,0
17,11,0,1,0
18,11,1,0,0
19,11,0,1,0
20,11,0,1,0
21,11,0,1,0
22,11,0,0,1
23,11,0,1,0
24,11,0,0,1
25,11,1,0,0
26,11,0,1,0
27,11,1,0,0
28,11,0,1,0
29,11,1,0,0
30,11,0,1,0
31,11,1,0,0
32,11,0,0,1
33,11,0,1,0
34,11,0,0,1
35,11,1,0,0
36,11,0,1,0
37,11,0,1,0
38,11,1,0,0
39,11,0,1,0
40,11,1,0,0
41,11,0,1,0
42,11,0,1,0
43,11,0,0,0
44,11,0,0,1
45,11,0,1,0
46,11,1,0,0
47,11,0,1,0
48,11,0,1,0
49,11,0,1,0
50,11,0,1,0
51,11,0,1,0
52,11,0,1,0
53,11,0,1,0
54,11,0,1,0
55,11,0,0,1
56,11,0,1,0
57,11,1,0,0
58,11,0,1,0
59,11,0,1,0
60,11,0,1,0
61,11,1,0,0
62,11,0,0,1
63,11,0,0,1
64,11,0,1,0
65,11,0,1,0
66,11,0,1,0
67,11,1,0,0
68,11,0,1,0
69,11,1,0,0
70,11,0,0,1
71,11,0,0,1
72,11,1,0,0
73,11,1,0,0
74,11,0,1,0
75,11,0,1,0
76,11,0,0,1
77,11,1,0,0
78,11,1,0,0
79,11,0,1,0
80,11,0,1,0
81,11,0,1,0
82,11,0,1,0
83,11,0,0,1
84,11,1,0,0
85,11,0,1,0
86,11,0,1,0
87,11,1,0,0
88,11,0,1,0
89,11,1,0,0
90,11,0,1,0
91,11,0,1,0
92,11,0,0,1
93,11,0,1,0
94,11,0,1,0
95,11,0,1,0
96,11,1,0,0
97,11,1,0,0
98,11,1,0,0
99,11,0,1,0
100,11,0,1,0
101,11,0,1,0
102,11,0,1,0
103,11,0,0,0
104,11,1,0,0
105,11,0,1,0
106,11,0,1,0
107,11,0,1,0
108,11,1,0,0
109,11,1,0,0
110,11,0,0,1
111,11,1,0,0
112,11,0,1,0
113,11,0,1,0
114,11,0,0,1
115,11,0,1,0
116,11,0,1,0
117,11,0,0,1
118,11,0,0,1
119,11,0,1,0
120,11,0,1,0
121,11,0,1,0
122,11,0,0,1
123,11,0,1,0
124,11,1,0,0
125,11,1,0,0
126,11,0,1,0
127,11,1,0,0
128,11,0,0,1
129,11,1,0,0
130,11,1,0,0
131,11,0,0,1
132,11,1,0,0
133,11,1,0,0
134,11,0,0,1
135,11,0,1,0
136,11,0,1,0
137,11,0,0,1
138,11,1,0,0
139,11,1,0,0
140,11,0,1,0
141,11,0,1,0
142,11,0,1,0
143,11,0,1,0
144,11,0,0,1
145,11,0,1,0
146,11,0,1,0
147,11,1,0,0
148,11,0,1,0
149,11,0,1,0
150,11,0,0,1
151,11,1,0,0
152,11,0,1,0
153,11,0,0,1
154,11,0,0,1
155,11,0,1,0
156,11,0,1,0
157,11,0,1,0
158,11,0,1,0
159,11,0,1,0
160,11,0,0,1
161,11,0,1,0
162,11,0,1,0
163,11,0,1,0
164,11,0,1,0
165,11,0,1,0
166,11,0,1,0
167,11,0,1,0
168,11,0,0,1
169,11,0,1,0
170,11,1,0,0
171,11,0,1,0
172,11,0,1,0
173,11,0,1,0
174,11,0,1,0
175,11,0,1,0
176,11,0,1,0
177,11,0,1,0
178,11,0,1,0
179,11,0,1,0
180,11,0,1,0
181,11,0,1,0
182,11,0,1,0
183,11,0,0,1
184,11,0,1,0
185,11,1,0,0
186,11,1,0,0
187,11,0,1,0
188,11,1,0,0
189,11,0,1,0
190,11,1,0,0
191,11,0,1,0
192,11,0,1,0
193,11,1,0,0
194,11,0,1,0
195,11,0,1,0
196,11,0,1,0
197,11,0,1,0
198,11,0,0,1
199,11,0,1,0
200,11,1,0,0
1,12,1,0,0
2,12,0,1,0
3,12,0,1,0
4,12,0,1,0
5,12,0,1,0
6,12,0,1,0
7,12,1,0,0
8,12,0,1,0
9,12,0,1,0
10,12,0,0,1
11,12,0,1,0
12,12,0,1,0
13,12,0,1,0
14,12,0,0,1
15,12,0,1,0
16,12,1,0,0
17,12,0,1,0
18,12,1,0,0
19,12,0,1,0
20,12,0,1,0
21,12,0,1,0
22,12,0,0,1
23,12,0,1,0
24,12,0,0,1
25,12,1,0,0
26,12,0,1,0
27,12,1,0,0
28,12,0,1,0
29,12,1,0,0
30,12,0,1,0
31,12,1,0,0
32,12,0,0,1
33,12,0,1,0
34,12,0,0,1
35,12,1,0,0
36,12,0,1,0
37,12,0,1,0
38,12,1,0,0
39,12,0,1,0
40,12,1,0,0
41,12,0,1,0
42,12,0,1,0
43,12,0,1,0
44,12,0,0,1
45,12,0,1,0
46,12,1,0,0
47,12,0,1,0
48,12,0,1,0
49,12,0,1,0
50,12,0,1,0
51,12,0,1,0
52,12,0,1,0
53,12,0,1,0
54,12,0,1,0
55,12,0,0,1
56,12,0,1,0
57,12,1,0,0
58,12,0,1,0
59,12,0,1,0
60,12,0,1,0
61,12,1,0,0
62,12,0,0,1
63,12,0,0,1
64,12,0,1,0
65,12,0,1,0
66,12,0,1,0
67,12,1,0,0
68,12,0,1,0
69,12,1,0,0
70,12,0,0,1
71,12,0,0,1
72,12,1,0,0
73,12,1,0,0
74,12,0,1,0
75,12,0,1,0
76,12,0,0,1
77,12,1,0,0
78,12,1,0,0
79,12,0,1,0
80,12,0,1,0
81,12,0,1,0
82,12,0,1,0
83,12,0,0,1
84,12,1,0,0
85,12,0,1,0
86,12,0,1,0
87,12,1,0,0
88,12,0,1,0
89,12,1,0,0
90,12,0,1,0
91,12,0,1,0
92,12,0,0,1
93,12,0,1,0
94,12,0,1,0
95,12,0,1,0
96,12,1,0,0
97,12,1,0,0
98,12,1,0,0
99,12,0,1,0
100,12,0,1,0
101,12,0,1,0
102,12,0,1,0
103,12,0,0,0
104,12,1,0,0
105,12,0,1,0
106,12,0,1,0
107,12,0,1,0
108,12,1,0,0
109,12,1,0,0
110,12,0,0,1
111,12,1,0,0
112,12,0,1,0
113,12,0,1,0
114,12,0,0,1
115,12,0,1,0
116,12,0,1,0
117,12,0,0,1
118,12,0,0,1
119,12,0,1,0
120,12,0,1,0
121,12,0,1,0
122,12,0,0,1
123,12,0,1,0
124,12,1,0,0
125,12,1,0,0
126,12,0,1,0
127,12,1,0,0
128,12,0,0,1
129,12,1,0,0
130,12,1,0,0
131,12,0,0,1
132,12,1,0,0
133,12,1,0,0
134,12,0,0,1
135,12,0,1,0
136,12,0,1,0
137,12,0,0,1
138,12,1,0,0
139,12,1,0,0
140,12,0,1,0
141,12,0,1,0
142,12,0,1,0
143,12,0,1,0
144,12,0,0,1
145,12,0,1,0
146,12,0,1,0
147,12,1,0,0
148,12,0,1,0
149,12,0,1,0
150,12,0,0,1
151,12,1,0,0
152,12,0,1,0
153,12,0,0,1
154,12,0,0,1
155,12,0,1,0
156,12,0,1,0
157,12,0,1,0
158,12,0,1,0
159,12,0,1,0
160,12,0,0,1
161,12,0,1,0
162,12,0,1,0
163,12,0,1,0
164,12,0,1,0
165,12,0,1,0
166,12,0,1,0
167,12,0,1,0
168,12,0,0,1
169,12,0,1,0
170,12,1,0,0
171,12,0,1,0
172,12,0,1,0
173,12,0,1,0
174,12,0,1,0
175,12,0,1,0
176,12,0,1,0
177,12,0,1,0
178,12,0,1,0
179,12,0,1,0
180,12,0,1,0
181,12,0,1,0
182,12,0,1,0
183,12,0,0,1
184,12,0,1,0
185,12,1,0,0
186,12,1,0,0
187,12,0,1,0
188,12,1,0,0
189,12,0,1,0
190,12,1,0,0
191,12,0,1,0
192,12,0,1,0
193,12,1,0,0
194,12,0,1,0
195,12,0,1,0
196,12,0,1,0
197,12,0,1,0
198,12,0,0,1
199,12,0,1,0
200,12,1,0,0
1,13,1,0,0
2,13,0,1,0
3,13,0,1,0
4,13,0,1,0
5,13,0,1,0
6,13,0,1,0
7,13,1,0,0
8,13,0,1,0
9,13,0,1,0
10,13,0,0,1
11,13,0,1,0
12,13,0,1,0
13,13,0,1,0
14,13,0,0,1
15,13,0,1,0
16,13,1,0,0
17,13,0,1,0
18,13,1,0,0
19,13,0,1,0
20,13,0,1,0
21,13,0,1,0
22,13,0,0,1
23,13,0,1,0
24,13,0,0,1
25,13,1,0,0
26,13,0,1,0
27,13,1,0,0
28,13,0,1,0
29,13,1,0,0
30,13,0,1,0
31,13,1,0,0
32,13,0,0,1
33,13,0,1,0
34,13,0,0,1
35,13,1,0,0
36,13,0,1,0
37,13,0,1,0
38,13,1,0,0
39,13,0,1,0
40,13,1,0,0
41,13,0,1,0
42,13,0,1,0
43,13,0,1,0
44,13,0,0,1
45,13,0,1,0
46,13,1,0,0
47,13,0,1,0
48,13,0,1,0
49,13,0,1,0
50,13,0,1,0
51,13,0,1,0
52,13,0,1,0
53,13,0,1,0
54,13,0,1,0
55,13,0,0,1
56,13,0,1,0
57,13,1,0,0
58,13,0,1,0
59,13,0,1,0
60,13,0,1,0
61,13,1,0,0
62,13,0,0,1
63,13,0,0,1
64,13,0,1,0
65,13,0,1,0
66,13,0,1,0
67,13,1,0,0
68,13,0,1,0
69,13,1,0,0
70,13,0,0,1
71,13,0,0,1
72,13,1,0,0
73,13,1,0,0
74,13,0,1,0
75,13,0,1,0
76,13,0,0,1
77,13,1,0,0
78,13,1,0,0
79,13,0,1,0
80,13,0,1,0
81,13,0,1,0
82,13,0,1,0
83,13,0,0,1
84,13,1,0,0
85,13,0,1,0
86,13,0,1,0
87,13,1,0,0
88,13,0,1,0
89,13,1,0,0
90,13,0,1,0
91,13,0,1,0
92,13,0,0,1
93,13,0,1,0
94,13,0,1,0
95,13,0,1,0
96,13,1,0,0
97,13,1,0,0
98,13,1,0,0
99,13,0,1,0
100,13,0,1,0
101,13,0,1,0
102,13,0,1,0
103,13,0,0,0
104,13,1,0,0
105,13,0,1,0
106,13,0,1,0
107,13,0,1,0
108,13,1,0,0
109,13,1,0,0
110,13,0,0,1
111,13,1,0,0
112,13,0,1,0
113,13,0,1,0
114,13,0,0,1
115,13,0,1,0
116,13,0,1,0
117,13,0,0,1
118,13,0,0,1
119,13,0,1,0
120,13,0,1,0
121,13,0,1,0
122,13,0,0,1
123,13,0,1,0
124,13,1,0,0
125,13,1,0,0
126,13,0,1,0
127,13,1,0,0
128,13,0,0,1
129,13,1,0,0
130,13,1,0,0
131,13,0,0,1
132,13,1,0,0
133,13,1,0,0
134,13,0,0,1
135,13,0,1,0
136,13,0,1,0
137,13,0,0,1
138,13,1,0,0
139,13,1,0,0
140,13,0,1,0
141,13,0,1,0
142,13,0,1,0
143,13,0,1,0
144,13,0,0,1
145,13,0,1,0
146,13,0,1,0
147,13,1,0,0
148,13,0,1,0
149,13,0,1,0
150,13,0,0,1
151,13,1,0,0
152,13,0,1,0
153,13,0,0,1
154,13,0,0,1
155,13,0,1,0
156,13,0,1,0
157,13,0,1,0
158,13,0,1,0
159,13,0,1,0
160,13,0,0,1
161,13,0,1,0
162,13,0,1,0
163,13,0,1,0
164,13,0,1,0
165,13,0,1,0
166,13,0,1,0
167,13,0,1,0
168,13,0,0,1
169,13,0,1,0
170,13,1,0,0
171,13,0,1,0
172,13,0,1,0
173,13,0,1,0
174,13,0,1,0
175,13,0,1,0
176,13,0,1,0
177,13,0,1,0
178,13,0,1,0
179,13,0,1,0
180,13,0,1,0
181,13,0,1,0
182,13,0,1,0
183,13,0,0,1
184,13,0,1,0
185,13,1,0,0
186,13,1,0,0
187,13,0,1,0
188,13,1,0,0
189,13,0,1,0
190,13,1,0,0
191,13,0,1,0
192,13,0,1,0
193,13,1,0,0
194,13,0,1,0
195,13,0,1,0
196,13,0,1,0
197,13,0,1,0
198,13,0,0,1
199,13,0,1,0
200,13,1,0,0
1,14,1,0,0
2,14,0,1,0
3,14,0,1,0
4,14,0,1,0
5,14,0,1,0
6,14,0,1,0
7,14,1,0,0
8,14,0,1,0
9,14,0,1,0
10,14,0,0,1
11,14,0,1,0
12,14,0,1,0
13,14,0,1,0
14,14,0,0,1
15,14,0,1,0
16,14,1,0,0
17,14,0,1,0
18,14,1,0,0
19,14,0,1,0
20,14,0,1,0
21,14,0,1,0
22,14,0,0,1
23,14,0,1,0
24,14,0,0,1
25,14,1,0,0
26,14,0,1,0
27,14,1,0,0
28,14,0,1,0
29,14,1,0,0
30,14,0,1,0
31,14,1,0,0
32,14,0,0,1
33,14,0,1,0
34,14,0,0,1
35,14,1,0,0
36,14,0,1,0
37,14,0,1,0
38,14,1,0,0
39,14,0,1,0
40,14,1,0,0
41,14,0,1,0
42,14,0,1,0
43,14,0,1,0
44,14,0,0,1
45,14,0,1,0
46,14,1,0,0
47,14,0,1,0
48,14,0,1,0
49,14,0,1,0
50,14,0,1,0
51,14,0,1,0
52,14,0,1,0
53,14,0,1,0
54,14,0,1,0
55,14,0,0,1
56,14,0,1,0
57,14,1,0,0
58,14,0,1,0
59,14,0,1,0
60,14,0,1,0
61,14,1,0,0
62,14,0,0,1
63,14,0,0,1
64,14,0,1,0
65,14,0,1,0
66,14,0,1,0
67,14,1,0,0
68,14,0,1,0
69,14,1,0,0
70,14,0,0,1
71,14,0,0,1
72,14,1,0,0
73,14,1,0,0
74,14,0,1,0
75,14,0,1,0
76,14,0,0,1
77,14,1,0,0
78,14,1,0,0
79,14,0,1,0
80,14,0,1,0
81,14,0,1,0
82,14,0,1,0
83,14,0,0,1
84,14,1,0,0
85,14,0,1,0
86,14,0,1,0
87,14,1,0,0
88,14,0,1,0
89,14,1,0,0
90,14,0,1,0
91,14,0,1,0
92,14,0,0,1
93,14,0,1,0
94,14,0,1,0
95,14,0,1,0
96,14,1,0,0
97,14,1,0,0
98,14,1,0,0
99,14,0,1,0
100,14,0,1,0
101,14,0,1,0
102,14,0,1,0
103,14,0,0,0
104,14,1,0,0
105,14,0,1,0
106,14,0,1,0
107,14,0,1,0
108,14,1,0,0
109,14,1,0,0
110,14,0,0,1
111,14,1,0,0
112,14,0,1,0
113,14,0,1,0
114,14,0,0,1
115,14,0,1,0
116,14,0,1,0
117,14,0,0,1
118,14,0,0,1
119,14,0,1,0
120,14,0,1,0
121,14,0,1,0
122,14,0,0,1
123,14,0,1,0
124,14,1,0,0
125,14,1,0,0
126,14,0,1,0
127,14,1,0,0
128,14,0,0,1
129,14,1,0,0
130,14,1,0,0
131,14,0,0,1
132,14,1,0,0
133,14,1,0,0
134,14,0,0,1
135,14,0,1,0
136,14,0,1,0
137,14,0,0,1
138,14,1,0,0
139,14,1,0,0
140,14,0,1,0
141,14,0,1,0
142,14,0,1,0
143,14,0,1,0
144,14,0,0,1
145,14,0,1,0
146,14,0,1,0
147,14,1,0,0
148,14,0,1,0
149,14,0,1,0
150,14,0,0,1
151,14,1,0,0
152,14,0,1,0
153,14,0,0,1
154,14,0,0,1
155,14,0,1,0
156,14,0,1,0
157,14,0,1,0
158,14,0,1,0
159,14,0,1,0
160,14,0,0,1
161,14,0,1,0
162,14,0,1,0
163,14,0,1,0
164,14,0,1,0
165,14,0,1,0
166,14,0,1,0
167,14,0,1,0
168,14,0,0,1
169,14,0,1,0
170,14,1,0,0
171,14,0,1,0
172,14,0,1,0
173,14,0,1,0
174,14,0,1,0
175,14,0,1,0
176,14,0,1,0
177,14,0,1,0
178,14,0,1,0
179,14,0,1,0
180,14,0,1,0
181,14,0,1,0
182,14,0,1,0
183,14,0,0,1
184,14,0,1,0
185,14,1,0,0
186,14,1,0,0
187,14,0,1,0
188,14,1,0,0
189,14,0,1,0
190,14,1,0,0
191,14,0,1,0
192,14,0,1,0
193,14,1,0,0
194,14,0,1,0
195,14,0,1,0
196,14,0,1,0
197,14,0,1,0
198,14,0,0,1
199,14,0,1,0
200,14,1,0,0
1,15,1,0,0
2,15,0,1,0
3,15,0,1,0
4,15,0,1,0
5,15,0,1,0
6,15,0,1,0
7,15,1,0,0
8,15,0,1,0
9,15,0,1,0
10,15,0,0,1
11,15,0,1,0
12,15,0,1,0
13,15,0,1,0
14,15,0,0,1
15,15,0,1,0
16,15,1,0,0
17,15,0,1,0
18,15,1,0,0
19,15,0,1,0
20,15,0,1,0
21,15,0,1,0
22,15,0,0,1
23,15,0,1,0
24,15,0,0,1
25,15,1,0,0
26,15,0,1,0
27,15,1,0,0
28,15,0,1,0
29,15,1,0,0
30,15,0,1,0
31,15,1,0,0
32,15,0,0,1
33,15,0,1,0
34,15,0,0,1
35,15,1,0,0
36,15,0,1,0
37,15,0,1,0
38,15,1,0,0
39,15,0,1,0
40,15,1,0,0
41,15,0,1,0
42,15,0,1,0
43,15,0,1,0
44,15,0,0,1
45,15,0,1,0
46,15,1,0,0
47,15,0,1,0
48,15,0,1,0
49,15,0,1,0
50,15,0,1,0
51,15,0,1,0
52,15,0,1,0
53,15,0,1,0
54,15,0,1,0
55,15,0,0,1
56,15,0,1,0
57,15,1,0,0
58,15,0,1,0
59,15,0,1,0
60,15,0,1,0
61,15,1,0,0
62,15,0,0,1
63,15,0,0,1
64,15,0,1,0
65,15,0,1,0
66,15,0,1,0
67,15,1,0,0
68,15,0,1,0
69,15,1,0,0
70,15,0,0,1
71,15,0,0,1
72,15,1,0,0
73,15,1,0,0
74,15,0,1,0
75,15,0,1,0
76,15,0,0,1
77,15,1,0,0
78,15,1,0,0
79,15,0,1,0
80,15,0,1,0
81,15,0,1,0
82,15,0,1,0
83,15,0,0,1
84,15,1,0,0
85,15,0,1,0
86,15,0,1,0
87,15,1,0,0
88,15,0,1,0
89,15,1,0,0
90,15,0,1,0
91,15,0,1,0
92,15,0,0,1
93,15,0,1,0
94,15,0,1,0
95,15,0,1,0
96,15,1,0,0
97,15,1,0,0
98,15,1,0,0
99,15,0,1,0
100,15,0,1,0
101,15,0,1,0
102,15,0,1,0
103,15,0,0,0
104,15,1,0,0
105,15,0,1,0
106,15,0,1,0
107,15,0,1,0
108,15,1,0,0
109,15,1,0,0
110,15,0,0,1
111,15,1,0,0
112,15,0,1,0
113,15,0,1,0
114,15,0,0,1
115,15,0,1,0
116,15,0,1,0
117,15,0,0,1
118,15,0,0,1
119,15,0,1,0
120,15,0,1,0
121,15,0,1,0
122,15,0,0,1
123,15,0,1,0
124,15,1,0,0
125,15,1,0,0
126,15,0,1,0
127,15,1,0,0
128,15,0,0,1
129,15,1,0,0
130,15,1,0,0
131,15,0,0,1
132,15,1,0,0
133,15,1,0,0
134,15,0,0,1
135,15,0,1,0
136,15,0,1,0
137,15,0,0,1
138,15,1,0,0
139,15,1,0,0
140,15,0,1,0
141,15,0,1,0
142,15,0,1,0
143,15,0,1,0
144,15,0,0,1
145,15,0,1,0
146,15,0,1,0
147,15,1,0,0
148,15,0,1,0
149,15,0,1,0
150,15,0,0,1
151,15,1,0,0
152,15,0,1,0
153,15,0,0,1
154,15,0,0,1
155,15,0,1,0
156,15,0,1,0
157,15,0,1,0
158,15,0,1,0
159,15,0,1,0
160,15,0,0,1
161,15,0,1,0
162,15,0,1,0
163,15,0,1,0
164,15,0,1,0
165,15,0,1,0
166,15,0,1,0
167,15,0,1,0
168,15,0,0,1
169,15,0,1,0
170,15,1,0,0
171,15,0,1,0
172,15,0,1,0
173,15,0,1,0
174,15,0,1,0
175,15,0,1,0
176,15,0,1,0
177,15,0,1,0
178,15,0,1,0
179,15,0,1,0
180,15,0,1,0
181,15,0,1,0
182,15,0,1,0
183,15,0,0,1
184,15,0,1,0
185,15,1,0,0
186,15,1,0,0
187,15,0,1,0
188,15,1,0,0
189,15,0,1,0
190,15,1,0,0
191,15,0,1,0
192,15,0,1,0
193,15,1,0,0
194,15,0,1,0
195,15,0,1,0
196,15,0,1,0
197,15,0,1,0
198,15,0,0,1
199,15,0,1,0
200,15,1,0,0
1,16,1,0,0
2,16,0,1,0
3,16,0,1,0
4,16,0,1,0
5,16,0,1,0
6,16,0,1,0
7,16,1,0,0
8,16,0,1,0
9,16,0,1,0
10,16,0,0,1
11,16,0,1,0
12,16,0,1,0
13,16,0,1,0
14,16,0,0,1
15,16,0,1,0
16,16,1,0,0
17,16,0,1,0
18,16,1,0,0
19,16,0,1,0
20,16,0,1,0
21,16,0,1,0
22,16,0,0,1
23,16,0,1,0
24,16,0,0,1
25,16,1,0,0
26,16,0,1,0
27,16,1,0,0
28,16,0,1,0
29,16,1,0,0
30,16,0,1,0
31,16,1,0,0
32,16,0,0,1
33,16,0,1,0
34,16,0,0,1
35,16,1,0,0
36,16,0,1,0
37,16,0,1,0
38,16,1,0,0
39,16,0,1,0
40,16,1,0,0
41,16,0,1,0
42,16,0,1,0
43,16,0,1,0
44,16,0,0,1
45,16,0,1,0
46,16,1,0,0
47,16,0,1,0
48,16,0,1,0
49,16,0,1,0
50,16,0,1,0
51,16,0,1,0
52,16,0,1,0
53,16,0,1,0
54,16,0,1,0
55,16,0,0,1
56,16,0,1,0
57,16,1,0,0
58,16,0,1,0
59,16,0,1,0
60,16,0,1,0
61,16,1,0,0
62,16,0,0,1
63,16,0,0,1
64,16,0,1,0
65,16,0,1,0
66,16,0,1,0
67,16,1,0,0
68,16,0,1,0
69,16,1,0,0
70,16,0,0,1
71,16,0,0,1
72,16,1,0,0
73,16,1,0,0
74,16,0,1,0
75,16,0,1,0
76,16,0,0,1
77,16,1,0,0
78,16,1,0,0
79,16,0,1,0
80,16,0,1,0
81,16,0,1,0
82,16,0,1,0
83,16,0,0,1
84,16,1,0,0
85,16,0,1,0
86,16,0,1,0
87,16,1,0,0
88,16,0,1,0
89,16,1,0,0
90,16,0,1,0
91,16,0,1,0
92,16,0,0,1
93,16,0,1,0
94,16,0,1,0
95,16,0,1,0
96,16,1,0,0
97,16,1,0,0
98,16,1,0,0
99,16,0,1,0
100,16,0,1,0
101,16,0,1,0
102,16,0,1,0
103,16,1,0,0
104,16,1,0,0
105,16,0,1,0
106,16,0,1,0
107,16,0,1,0
108,16,1,0,0
109,16,1,0,0
110,16,0,0,1
111,16,1,0,0
112,16,0,1,0
113,16,0,1,0
114,16,0,0,1
115,16,0,1,0
116,16,0,1,0
117,16,0,0,1
118,16,0,0,1
119,16,0,1,0
120,16,0,1,0
121,16,0,1,0
122,16,0,0,1
123,16,0,1,0
124,16,1,0,0
125,16,1,0,0
126,16,0,1,0
127,16,1,0,0
128,16,0,0,1
129,16,1,0,0
130,16,1,0,0
131,16,0,0,1
132,16,1,0,0
133,16,1,0,0
134,16,0,0,1
135,16,0,1,0
136,16,0,1,0
137,16,0,0,1
138,16,1,0,0
139,16,1,0,0
140,16,0,1,0
141,16,0,1,0
142,16,0,1,0
143,16,0,1,0
144,16,0,0,1
145,16,0,1,0
146,16,0,1,0
147,16,1,0,0
148,16,0,1,0
149,16,0,1,0
150,16,0,0,1
151,16,1,0,0
152,16,0,1,0
153,16,0,0,1
154,16,0,0,1
155,16,0,1,0
156,16,0,1,0
157,16,0,1,0
158,16,0,1,0
159,16,0,1,0
160,16,0,0,1
161,16,0,1,0
162,16,0,1,0
163,16,0,1,0
164,16,0,1,0
165,16,0,1,0
166,16,0,1,0
167,16,0,1,0
168,16,0,0,1
169,16,0,1,0
170,16,1,0,0
171,16,0,1,0
172,16,0,1,0
173,16,0,1,0
174,16,0,1,0
175,16,0,1,0
176,16,0,1,0
177,16,0,1,0
178,16,0,1,0
179,16,0,1,0
180,16,0,1,0
181,16,0,1,0
182,16,0,1,0
183,16,0,0,1
184,16,0,1,0
185,16,1,0,0
186,16,1,0,0
187,16,0,1,0
188,16,1,0,0
189,16,0,1,0
190,16,1,0,0
191,16,0,1,0
192,16,0,1,0
193,16,1,0,0
194,16,0,1,0
195,16,0,1,0
196,16,0,1,0
197,16,0,1,0
198,16,0,0,1
199,16,0,1,0
200,16,1,0,0
1,17,1,0,0
2,17,0,1,0
3,17,0,1,0
4,17,0,1,0
5,17,0,1,0
6,17,0,1,0
7,17,1,0,0
8,17,0,1,0
9,17,0,1,0
10,17,0,0,1
11,17,0,1,0
12,17,0,1,0
13,17,0,1,0
14,17,0,0,1
15,17,0,1,0
16,17,1,0,0
17,17,0,1,0
18,17,1,0,0
19,17,0,1,0
20,17,0,1,0
21,17,0,1,0
22,17,0,0,1
23,17,0,1,0
24,17,0,0,1
25,17,1,0,0
26,17,0,1,0
27,17,1,0,0
28,17,0,1,0
29,17,1,0,0
30,17,0,1,0
31,17,1,0,0
32,17,0,0,1
33,17,0,1,0
34,17,0,0,1
35,17,1,0,0
36,17,0,1,0
37,17,0,1,0
38,17,1,0,0
39,17,0,1,0
40,17,1,0,0
41,17,0,1,0
42,17,0,1,0
43,17,0,1,0
44,17,0,0,1
45,17,0,1,0
46,17,1,0,0
47,17,0,1,0
48,17,0,1,0
49,17,0,1,0
50,17,0,1,0
51,17,0,1,0
52,17,0,1,0
53,17,0,1,0
54,17,0,1,0
55,17,0,0,1
56,17,0,1,0
57,17,1,0,0
58,17,0,1,0
59,17,0,1,0
60,17,0,1,0
61,17,1,0,0
62,17,0,0,1
63,17,0,0,1
64,17,0,1,0
65,17,0,1,0
66,17,0,1,0
67,17,1,0,0
68,17,0,1,0
69,17,1,0,0
70,17,0,0,1
71,17,0,0,1
72,17,1,0,0
73,17,1,0,0
74,17,0,1,0
75,17,0,1,0
76,17,0,0,1
77,17,1,0,0
78,17,1,0,0
79,17,0,1,0
80,17,0,1,0
81,17,0,1,0
82,17,0,1,0
83,17,0,0,1
84,17,1,0,0
85,17,0,1,0
86,17,0,1,0
87,17,1,0,0
88,17,0,1,0
89,17,1,0,0
90,17,0,1,0
91,17,0,1,0
92,17,0,0,1
93,17,0,1,0
94,17,0,1,0
95,17,0,1,0
96,17,1,0,0
97,17,1,0,0
98,17,1,0,0
99,17,0,1,0
100,17,0,1,0
101,17,0,1,0
102,17,0,1,0
103,17,1,0,0
104,17,1,0,0
105,17,0,1,0
106,17,0,1,0
107,17,0,1,0
108,17,1,0,0
109,17,1,0,0
110,17,0,0,1
111,17,1,0,0
112,17,0,1,0
113,17,0,1,0
114,17,0,0,1
115,17,0,1,0
116,17,0,1,0
117,17,0,0,1
118,17,0,0,1
119,17,0,1,0
120,17,0,1,0
121,17,0,1,0
122,17,0,0,1
123,17,0,1,0
124,17,1,0,0
125,17,1,0,0
126,17,0,1,0
127,17,1,0,0
128,17,0,0,1
129,17,1,0,0
130,17,1,0,0
131,17,0,0,1
132,17,1,0,0
133,17,1,0,0
134,17,0,0,1
135,17,0,1,0
136,17,0,1,0
137,17,0,0,1
138,17,1,0,0
139,17,1,0,0
140,17,0,1,0
141,17,0,1,0
142,17,0,1,0
143,17,0,1,0
144,17,0,0,1
145,17,0,1,0
146,17,0,1,0
147,17,1,0,0
148,17,0,1,0
149,17,0,1,0
150,17,0,0,1
151,17,1,0,0
152,17,0,1,0
153,17,0,0,1
154,17,0,0,1
155,17,0,1,0
156,17,0,1,0
157,17,0,1,0
158,17,0,1,0
159,17,0,1,0
160,17,0,0,1
161,17,0,1,0
162,17,0,1,0
163,17,0,1,0
164,17,0,1,0
165,17,0,1,0
166,17,0,1,0
167,17,0,1,0
168,17,0,0,1
169,17,0,1,0
170,17,1,0,0
171,17,0,1,0
172,17,0,1,0
173,17,0,1,0
174,17,0,1,0
175,17,0,1,0
176,17,0,1,0
177,17,0,1,0
178,17,0,1,0
179,17,0,1,0
180,17,0,1,0
181,17,0,1,0
182,17,0,1,0
183,17,0,0,1
184,17,0,1,0
185,17,1,0,0
186,17,1,0,0
187,17,0,1,0
188,17,1,0,0
189,17,0,1,0
190,17,1,0,0
191,17,0,1,0
192,17,0,1,0
193,17,1,0,0
194,17,0,1,0
195,17,0,1,0
196,17,0,1,0
197,17,0,1,0
198,17,0,0,1
199,17,0,1,0
200,17,1,0,0
1,18,1,0,0
2,18,0,1,0
3,18,0,1,0
4,18,0,1,0
5,18,0,1,0
6,18,0,1,0
7,18,1,0,0
8,18,0,1,0
9,18,0,1,0
10,18,0,0,1
11,18,0,1,0
12,18,0,1,0
13,18,0,1,0
14,18,0,0,1
15,18,0,1,0
16,18,1,0,0
17,18,0,1,0
18,18,1,0,0
19,18,0,1,0
20,18,0,1,0
21,18,0,1,0
22,18,0,0,1
23,18,0,1,0
24,18,0,0,1
25,18,1,0,0
26,18,0,1,0
27,18,1,0,0
28,18,0,1,0
29,18,1,0,0
30,18,0,1,0
31,18,1,0,0
32,18,0,0,1
33,18,0,1,0
34,18,0,0,1
35,18,1,0,0
36,18,0,1,0
37,18,0,1,0
38,18,1,0,0
39,18,0,1,0
40,18,1,0,0
41,18,0,1,0
42,18,0,1,0
43,18,0,1,0
44,18,0,0,1
45,18,0,1,0
46,18,1,0,0
47,18,0,1,0
48,18,0,1,0
49,18,0,1,0
50,18,0,1,0
51,18,0,1,0
52,18,0,1,0
53,18,0,1,0
54,18,0,1,0
55,18,0,0,1
56,18,0,1,0
57,18,1,0,0
58,18,0,1,0
59,18,0,1,0
60,18,0,1,0
61,18,1,0,0
62,18,0,0,1
63,18,0,0,1
64,18,0,1,0
65,18,0,1,0
66,18,0,1,0
67,18,1,0,0
68,18,0,1,0
69,18,1,0,0
70,18,0,0,1
71,18,0,0,1
72,18,1,0,0
73,18,1,0,0
74,18,0,1,0
75,18,0,1,0
76,18,0,0,1
77,18,1,0,0
78,18,1,0,0
79,18,0,1,0
80,18,0,1,0
81,18,0,1,0
82,18,0,1,0
83,18,0,0,1
84,18,1,0,0
85,18,0,1,0
86,18,0,1,0
87,18,1,0,0
88,18,0,1,0
89,18,1,0,0
90,18,0,1,0
91,18,0,1,0
92,18,0,0,1
93,18,0,1,0
94,18,0,1,0
95,18,0,1,0
96,18,1,0,0
97,18,1,0,0
98,18,1,0,0
99,18,0,1,0
100,18,0,1,0
101,18,0,1,0
102,18,0,1,0
103,18,1,0,0
104,18,1,0,0
105,18,0,1,0
106,18,0,1,0
107,18,0,1,0
108,18,1,0,0
109,18,1,0,0
110,18,0,0,1
111,18,1,0,0
112,18,0,1,0
113,18,0,1,0
114,18,0,0,1
115,18,0,1,0
116,18,0,1,0
117,18,0,0,1
118,18,0,0,1
119,18,0,1,0
120,18,0,1,0
121,18,0,1,0
122,18,0,0,1
123,18,0,1,0
124,18,1,0,0
125,18,1,0,0
126,18,0,1,0
127,18,1,0,0
128,18,0,0,1
129,18,1,0,0
130,18,1,0,0
131,18,0,0,1
132,18,1,0,0
133,18,1,0,0
134,18,0,0,1
135,18,0,1,0
136,18,0,1,0
137,18,0,0,1
138,18,1,0,0
139,18,1,0,0
140,18,0,1,0
141,18,0,1,0
142,18,0,1,0
143,18,0,1,0
144,18,0,0,1
145,18,0,1,0
146,18,0,1,0
147,18,1,0,0
148,18,0,1,0
149,18,0,1,0
150,18,0,0,1
151,18,1,0,0
152,18,0,1,0
153,18,0,0,1
154,18,0,0,1
155,18,0,1,0
156,18,0,1,0
157,18,0,1,0
158,18,0,1,0
159,18,0,1,0
160,18,0,0,1
161,18,0,1,0
162,18,0,1,0
163,18,0,1,0
164,18,0,1,0
165,18,0,1,0
166,18,0,1,0
167,18,0,1,0
168,18,0,0,1
169,18,0,1,0
170,18,1,0,0
171,18,0,1,0
172,18,0,1,0
173,18,0,1,0
174,18,0,1,0
175,18,0,1,0
176,18,0,1,0
177,18,0,1,0
178,18,0,1,0
179,18,0,1,0
180,18,0,1,0
181,18,0,1,0
182,18,0,1,0
183,18,0,0,1
184,18,0,1,0
185,18,1,0,0
186,18,1,0,0
187,18,0,1,0
188,18,1,0,0
189,18,0,1,0
190,18,1,0,0
191,18,0,1,0
192,18,0,1,0
193,18,1,0,0
194,18,0,1,0
195,18,0,1,0
196,18,0,1,0
197,18,0,1,0
198,18,0,0,1
199,18,0,1,0
200,18,1,0,0
1,19,1,0,0
2,19,0,1,0
3,19,0,1,0
4,19,0,1,0
5,19,0,1,0
6,19,0,1,0
7,19,1,0,0
8,19,0,1,0
9,19,0,1,0
10,19,0,0,1
11,19,0,1,0
12,19,0,1,0
13,19,0,1,0
14,19,0,0,1
15,19,0,1,0
16,19,1,0,0
17,19,0,1,0
18,19,1,0,0
19,19,0,1,0
20,19,0,1,0
21,19,0,1,0
22,19,0,0,1
23,19,0,1,0
24,19,0,0,1
25,19,1,0,0
26,19,0,1,0
27,19,1,0,0
28,19,0,1,0
29,19,1,0,0
30,19,0,1,0
31,19,1,0,0
32,19,0,0,1
33,19,0,1,0
34,19,0,0,1
35,19,1,0,0
36,19,0,1,0
37,19,0,1,0
38,19,1,0,0
39,19,0,1,0
40,19,1,0,0
41,19,0,1,0
42,19,0,1,0
43,19,0,1,0
44,19,0,0,1
45,19,0,1,0
46,19,1,0,0
47,19,0,1,0
48,19,0,1,0
49,19,0,1,0
50,19,0,1,0
51,19,0,1,0
52,19,0,1,0
53,19,0,1,0
54,19,0,1,0
55,19,0,0,1
56,19,0,1,0
57,19,1,0,0
58,19,0,1,0
59,19,0,1,0
60,19,0,1,0
61,19,1,0,0
62,19,0,0,1
63,19,0,0,1
64,19,0,1,0
65,19,0,1,0
66,19,0,1,0
67,19,1,0,0
68,19,0,1,0
69,19,1,0,0
70,19,0,0,1
71,19,0,0,1
72,19,1,0,0
73,19,1,0,0
74,19,0,1,0
75,19,0,1,0
76,19,0,0,1
77,19,1,0,0
78,19,1,0,0
79,19,0,1,0
80,19,0,1,0
81,19,0,1,0
82,19,0,1,0
83,19,0,0,1
84,19,1,0,0
85,19,0,1,0
86,19,0,1,0
87,19,1,0,0
88,19,0,1,0
89,19,1,0,0
90,19,0,1,0
91,19,0,1,0
92,19,0,0,1
93,19,0,1,0
94,19,0,1,0
95,19,0,1,0
96,19,1,0,0
97,19,1,0,0
98,19,1,0,0
99,19,0,1,0
100,19,0,1,0
101,19,0,1,0
102,19,0,1,0
103,19,1,0,0
104,19,1,0,0
105,19,0,1,0
106,19,0,1,0
107,19,0,1,0
108,19,1,0,0
109,19,1,0,0
110,19,0,0,1
111,19,1,0,0
112,19,0,1,0
113,19,0,1,0
114,19,0,0,1
115,19,0,1,0
116,19,0,1,0
117,19,0,0,1
118,19,0,0,1
119,19,0,1,0
120,19,0,1,0
121,19,0,1,0
122,19,0,0,1
123,19,0,1,0
124,19,1,0,0
125,19,1,0,0
126,19,0,1,0
127,19,1,0,0
128,19,0,0,1
129,19,1,0,0
130,19,1,0,0
131,19,0,0,1
132,19,1,0,0
133,19,1,0,0
134,19,0,0,1
135,19,0,1,0
136,19,0,1,0
137,19,0,0,1
138,19,1,0,0
139,19,1,0,0
140,19,0,1,0
141,19,0,1,0
142,19,0,1,0
143,19,0,1,0
144,19,0,0,1
145,19,0,1,0
146,19,0,1,0
147,19,1,0,0
148,19,0,1,0
149,19,0,1,0
150,19,0,0,1
151,19,1,0,0
152,19,0,1,0
153,19,0,0,1
154,19,0,0,1
155,19,0,1,0
156,19,0,1,0
157,19,0,1,0
158,19,0,1,0
159,19,0,1,0
160,19,0,0,1
161,19,0,1,0
162,19,0,1,0
163,19,0,1,0
164,19,0,1,0
165,19,0,1,0
166,19,0,1,0
167,19,0,1,0
168,19,0,0,1
169,19,0,1,0
170,19,1,0,0
171,19,0,1,0
172,19,0,1,0
173,19,0,1,0
174,19,0,1,0
175,19,0,1,0
176,19,0,1,0
177,19,0,1,0
178,19,0,1,0
179,19,0,1,0
180,19,0,1,0
181,19,0,1,0
182,19,0,1,0
183,19,0,0,1
184,19,0,1,0
185,19,1,0,0
186,19,1,0,0
187,19,0,1,0
188,19,1,0,0
189,19,0,1,0
190,19,1,0,0
191,19,0,1,0
192,19,0,1,0
193,19,1,0,0
194,19,0,1,0
195,19,0,1,0
196,19,0,1,0
197,19,0,1,0
198,19,0,0,1
199,19,0,1,0
200,19,1,0,0
1,20,1,0,0
2,20,0,1,0
3,20,0,1,0
4,20,0,1,0
5,20,0,1,0
6,20,0,1,0
7,20,1,0,0
8,20,0,1,0
9,20,0,1,0
10,20,0,0,1
11,20,0,1,0
12,20,0,1,0
13,20,0,1,0
14,20,0,0,1
15,20,0,1,0
16,20,1,0,0
17,20,0,1,0
18,20,1,0,0
19,20,0,1,0
20,20,0,1,0
21,20,0,1,0
22,20,0,0,1
23,20,0,1,0
24,20,0,0,1
25,20,1,0,0
26,20,0,1,0
27,20,1,0,0
28,20,0,1,0
29,20,1,0,0
30,20,0,1,0
31,20,1,0,0
32,20,0,0,1
33,20,0,1,0
34,20,0,0,1
35,20,1,0,0
36,20,0,1,0
37,20,0,1,0
38,20,1,0,0
39,20,0,1,0
40,20,1,0,0
41,20,0,1,0
42,20,0,1,0
43,20,0,1,0
44,20,0,0,1
45,20,0,1,0
46,20,1,0,0
47,20,0,1,0
48,20,0,1,0
49,20,0,1,0
50,20,0,1,0
51,20,0,1,0
52,20,0,1,0
53,20,0,1,0
54,20,0,1,0
55,20,0,0,1
56,20,0,1,0
57,20,1,0,0
58,20,0,1,0
59,20,0,1,0
60,20,0,1,0
61,20,1,0,0
62,20,0,0,1
63,20,0,0,1
64,20,0,1,0
65,20,0,1,0
66,20,0,1,0
67,20,1,0,0
68,20,0,1,0
69,20,1,0,0
70,20,0,0,1
71,20,0,0,1
72,20,1,0,0
73,20,1,0,0
74,20,0,1,0
75,20,0,1,0
76,20,0,0,1
77,20,1,0,0
78,20,1,0,0
79,20,0,1,0
80,20,0,1,0
81,20,0,1,0
82,20,0,1,0
83,20,0,0,1
84,20,1,0,0
85,20,0,1,0
86,20,0,1,0
87,20,1,0,0
88,20,0,1,0
89,20,1,0,0
90,20,0,1,0
91,20,0,1,0
92,20,0,0,1
93,20,0,1,0
94,20,0,1,0
95,20,0,1,0
96,20,1,0,0
97,20,1,0,0
98,20,1,0,0
99,20,0,1,0
100,20,0,1,0
101,20,0,1,0
102,20,0,1,0
103,20,1,0,0
104,20,1,0,0
105,20,0,1,0
106,20,0,1,0
107,20,0,1,0
108,20,1,0,0
109,20,1,0,0
110,20,0,0,1
111,20,1,0,0
112,20,0,1,0
113,20,0,1,0
114,20,0,0,1
115,20,0,1,0
116,20,0,1,0
117,20,0,0,1
118,20,0,0,1
119,20,0,1,0
120,20,0,1,0
121,20,0,1,0
122,20,0,0,1
123,20,0,1,0
124,20,1,0,0
125,20,1,0,0
126,20,0,1,0
127,20,1,0,0
128,20,0,0,1
129,20,1,0,0
130,20,1,0,0
131,20,0,0,1
132,20,1,0,0
133,20,1,0,0
134,20,0,0,1
135,20,0,1,0
136,20,0,1,0
137,20,0,0,1
138,20,1,0,0
139,20,1,0,0
140,20,0,1,0
141,20,0,1,0
142,20,0,1,0
143,20,0,1,0
144,20,0,0,1
145,20,0,1,0
146,20,0,1,0
147,20,1,0,0
148,20,0,1,0
149,20,0,1,0
150,20,0,0,1
151,20,1,0,0
152,20,0,1,0
153,20,0,0,1
154,20,0,0,1
155,20,0,1,0
156,20,0,1,0
157,20,0,1,0
158,20,0,1,0
159,20,0,1,0
160,20,0,0,1
161,20,0,1,0
162,20,0,1,0
163,20,0,1,0
164,20,0,1,0
165,20,0,1,0
166,20,0,1,0
167,20,0,1,0
168,20,0,0,1
169,20,0,1,0
170,20,1,0,0
171,20,0,1,0
172,20,0,1,0
173,20,0,1,0
174,20,0,1,0
175,20,0,1,0
176,20,0,1,0
177,20,0,1,0
178,20,0,1,0
179,20,0,1,0
180,20,0,1,0
181,20,0,1,0
182,20,0,1,0
183,20,0,0,1
184,20,0,1,0
185,20,1,0,0
186,20,1,0,0
187,20,0,1,0
188,20,1,0,0
189,20,0,1,0
190,20,1,0,0
191,20,0,1,0
192,20,0,1,0
193,20,1,0,0
194,20,0,1,0
195,20,0,1,0
196,20,0,1,0
197,20,0,1,0
198,20,0,0,1
199,20,0,1,0
200,20,1,0,0
1,21,1,0,0
2,21,0,1,0
3,21,0,1,0
4,21,0,1,0
5,21,0,1,0
6,21,0,1,0
7,21,1,0,0
8,21,0,1,0
9,21,0,1,0
10,21,0,0,1
11,21,0,1,0
12,21,0,1,0
13,21,0,1,0
14,21,0,0,1
15,21,0,1,0
16,21,1,0,0
17,21,0,1,0
18,21,1,0,0
19,21,0,1,0
20,21,0,1,0
21,21,0,1,0
22,21,0,0,1
23,21,0,1,0
24,21,0,0,1
25,21,1,0,0
26,21,0,1,0
27,21,1,0,0
28,21,0,1,0
29,21,1,0,0
30,21,0,1,0
31,21,1,0,0
32,21,0,0,1
33,21,0,1,0
34,21,0,0,1
35,21,1,0,0
36,21,0,1,0
37,21,0,1,0
38,21,1,0,0
39,21,0,1,0
40,21,1,0,0
41,21,0,1,0
42,21,0,1,0
43,21,0,1,0
44,21,0,0,1
45,21,0,1,0
46,21,1,0,0
47,21,0,1,0
48,21,0,1,0
49,21,0,1,0
50,21,0,1,0
51,21,0,1,0
52,21,0,1,0
53,21,0,1,0
54,21,0,1,0
55,21,0,0,1
56,21,0,1,0
57,21,1,0,0
58,21,0,1,0
59,21,0,1,0
60,21,0,1,0
61,21,1,0,0
62,21,0,0,1
63,21,0,0,1
64,21,0,1,0
65,21,0,1,0
66,21,0,1,0
67,21,1,0,0
68,21,0,1,0
69,21,1,0,0
70,21,0,0,1
71,21,0,0,1
72,21,1,0,0
73,21,1,0,0
74,21,0,1,0
75,21,0,1,0
76,21,0,0,1
77,21,1,0,0
78,21,1,0,0
79,21,0,1,0
80,21,0,1,0
81,21,0,1,0
82,21,0,1,0
83,21,0,0,1
84,21,1,0,0
85,21,0,1,0
86,21,0,1,0
87,21,1,0,0
88,21,0,1,0
89,21,1,0,0
90,21,0,1,0
91,21,0,1,0
92,21,0,0,1
93,21,0,1,0
94,21,0,1,0
95,21,0,1,0
96,21,1,0,0
97,21,1,0,0
98,21,1,0,0
99,21,0,1,0
100,21,0,1,0
101,21,0,1,0
102,21,0,1,0
103,21,1,0,0
104,21,1,0,0
105,21,0,1,0
106,21,0,1,0
107,21,0,1,0
108,21,1,0,0
109,21,1,0,0
110,21,0,0,1
111,21,1,0,0
112,21,0,1,0
113,21,0,1,0
114,21,0,0,1
115,21,0,1,0
116,21,0,1,0
117,21,0,0,1
118,21,0,0,1
119,21,0,1,0
120,21,0,1,0
121,21,0,1,0
122,21,0,0,1
123,21,0,1,0
124,21,1,0,0
125,21,1,0,0
126,21,0,1,0
127,21,1,0,0
128,21,0,0,1
129,21,1,0,0
130,21,1,0,0
131,21,0,0,1
132,21,1,0,0
133,21,1,0,0
134,21,0,0,1
135,21,0,1,0
136,21,0,1,0
137,21,0,0,1
138,21,1,0,0
139,21,1,0,0
140,21,0,1,0
141,21,0,1,0
142,21,0,1,0
143,21,0,1,0
144,21,0,0,1
145,21,0,1,0
146,21,0,1,0
147,21,1,0,0
148,21,0,1,0
149,21,0,1,0
150,21,0,0,1
151,21,1,0,0
152,21,0,1,0
153,21,0,0,1
154,21,0,0,1
155,21,0,1,0
156,21,0,1,0
157,21,0,1,0
158,21,0,1,0
159,21,0,1,0
160,21,0,0,1
161,21,0,1,0
162,21,0,1,0
163,21,0,1,0
164,21,0,1,0
165,21,0,1,0
166,21,0,1,0
167,21,0,1,0
168,21,0,0,1
169,21,0,1,0
170,21,1,0,0
171,21,0,1,0
172,21,0,1,0
173,21,0,1,0
174,21,0,1,0
175,21,0,1,0
176,21,0,1,0
177,21,0,1,0
178,21,0,1,0
179,21,0,1,0
180,21,0,1,0
181,21,0,1,0
182,21,0,1,0
183,21,0,0,1
184,21,0,1,0
185,21,1,0,0
186,21,1,0,0
187,21,0,1,0
188,21,1,0,0
189,21,0,1,0
190,21,1,0,0
191,21,0,1,0
192,21,0,1,0
193,21,1,0,0
194,21,0,1,0
195,21,0,1,0
196,21,0,1,0
197,21,0,1,0
198,21,0,0,1
199,21,0,1,0
200,21,1,0,0
1,22,1,0,0
2,22,0,1,0
3,22,0,1,0
4,22,0,1,0
5,22,0,1,0
6,22,0,1,0
7,22,1,0,0
8,22,0,1,0
9,22,0,1,0
10,22,0,0,1
11,22,0,1,0
12,22,0,1,0
13,22,0,1,0
14,22,0,0,1
15,22,0,1,0
16,22,1,0,0
17,22,0,1,0
18,22,1,0,0
19,22,0,1,0
20,22,0,1,0
21,22,0,1,0
22,22,0,0,1
23,22,0,1,0
24,22,0,0,1
25,22,1,0,0
26,22,0,1,0
27,22,1,0,0
28,22,0,1,0
29,22,1,0,0
30,22,0,1,0
31,22,1,0,0
32,22,0,0,1
33,22,0,1,0
34,22,0,0,1
35,22,1,0,0
36,22,0,1,0
37,22,0,1,0
38,22,1,0,0
39,22,0,1,0
40,22,1,0,0
41,22,0,1,0
42,22,0,1,0
43,22,0,1,0
44,22,0,0,1
45,22,0,1,0
46,22,1,0,0
47,22,0,1,0
48,22,0,1,0
49,22,0,1,0
50,22,0,1,0
51,22,0,1,0
52,22,0,1,0
53,22,0,1,0
54,22,0,1,0
55,22,0,0,1
56,22,0,1,0
57,22,1,0,0
58,22,0,1,0
59,22,0,1,0
60,22,0,1,0
61,22,1,0,0
62,22,0,0,1
63,22,0,0,1
64,22,0,1,0
65,22,0,1,0
66,22,0,1,0
67,22,1,0,0
68,22,0,1,0
69,22,1,0,0
70,22,0,0,1
71,22,0,0,1
72,22,1,0,0
73,22,1,0,0
74,22,0,1,0
75,22,0,1,0
76,22,0,0,1
77,22,1,0,0
78,22,1,0,0
79,22,0,1,0
80,22,0,1,0
81,22,0,1,0
82,22,0,1,0
83,22,0,0,1
84,22,1,0,0
85,22,0,1,0
86,22,0,1,0
87,22,1,0,0
88,22,0,1,0
89,22,1,0,0
90,22,0,1,0
91,22,0,1,0
92,22,0,0,1
93,22,0,1,0
94,22,0,1,0
95,22,0,1,0
96,22,1,0,0
97,22,1,0,0
98,22,1,0,0
99,22,0,1,0
100,22,0,1,0
101,22,0,1,0
102,22,0,1,0
103,22,1,0,0
104,22,1,0,0
105,22,0,1,0
106,22,0,1,0
107,22,0,1,0
108,22,1,0,0
109,22,1,0,0
110,22,0,0,1
111,22,1,0,0
112,22,0,1,0
113,22,0,1,0
114,22,0,0,1
115,22,0,1,0
116,22,0,1,0
117,22,0,0,1
118,22,0,0,1
119,22,0,1,0
120,22,0,1,0
121,22,0,1,0
122,22,0,0,1
123,22,0,1,0
124,22,1,0,0
125,22,1,0,0
126,22,0,1,0
127,22,1,0,0
128,22,0,0,1
129,22,1,0,0
130,22,1,0,0
131,22,0,0,1
132,22,1,0,0
133,22,1,0,0
134,22,0,0,1
135,22,0,1,0
136,22,0,1,0
137,22,0,0,1
138,22,1,0,0
139,22,1,0,0
140,22,0,1,0
141,22,0,1,0
142,22,0,1,0
143,22,0,1,0
144,22,0,0,1
145,22,0,1,0
146,22,0,1,0
147,22,1,0,0
148,22,0,1,0
149,22,0,1,0
150,22,0,0,1
151,22,1,0,0
152,22,0,1,0
153,22,0,0,1
154,22,0,0,1
155,22,0,1,0
156,22,0,1,0
157,22,0,1,0
158,22,0,1,0
159,22,0,1,0
160,22,0,0,1
161,22,0,1,0
162,22,0,1,0
163,22,0,1,0
164,22,0,1,0
165,22,0,1,0
166,22,0,1,0
167,22,0,1,0
168,22,0,0,1
169,22,0,1,0
170,22,1,0,0
171,22,0,1,0
172,22,0,1,0
173,22,0,1,0
174,22,0,1,0
175,22,0,1,0
176,22,0,1,0
177,22,0,1,0
178,22,0,1,0
179,22,0,1,0
180,22,0,1,0
181,22,0,1,0
182,22,0,1,0
183,22,0,0,1
184,22,0,1,0
185,22,1,0,0
186,22,1,0,0
187,22,0,1,0
188,22,1,0,0
189,22,0,1,0
190,22,1,0,0
191,22,0,1,0
192,22,0,1,0
193,22,1,0,0
194,22,0,1,0
195,22,0,1,0
196,22,0,1,0
197,22,0,1,0
198,22,0,0,1
199,22,0,1,0
200,22,1,0,0
1,23,1,0,0
2,23,0,1,0
3,23,0,1,0
4,23,0,1,0
5,23,0,1,0
6,23,0,1,0
7,23,1,0,0
8,23,0,1,0
9,23,0,1,0
10,23,0,0,1
11,23,0,1,0
12,23,0,1,0
13,23,0,1,0
14,23,0,0,1
15,23,0,1,0
16,23,1,0,0
17,23,0,1,0
18,23,1,0,0
19,23,0,1,0
20,23,0,1,0
21,23,0,1,0
22,23,0,0,1
23,23,0,1,0
24,23,0,0,1
25,23,1,0,0
26,23,0,1,0
27,23,1,0,0
28,23,0,1,0
29,23,1,0,0
30,23,0,1,0
31,23,1,0,0
32,23,0,0,1
33,23,0,1,0
34,23,0,0,1
35,23,1,0,0
36,23,0,1,0
37,23,0,1,0
38,23,1,0,0
39,23,0,1,0
40,23,1,0,0
41,23,0,1,0
42,23,0,1,0
43,23,0,1,0
44,23,0,0,1
45,23,0,1,0
46,23,1,0,0
47,23,0,1,0
48,23,0,1,0
49,23,0,1,0
50,23,0,1,0
51,23,0,1,0
52,23,0,1,0
53,23,0,1,0
54,23,0,1,0
55,23,0,0,1
56,23,0,1,0
57,23,1,0,0
58,23,0,1,0
59,23,0,1,0
60,23,0,1,0
61,23,1,0,0
62,23,0,0,1
63,23,0,0,1
64,23,0,1,0
65,23,0,1,0
66,23,0,1,0
67,23,1,0,0
68,23,0,1,0
69,23,1,0,0
70,23,0,0,1
71,23,0,0,1
72,23,1,0,0
73,23,1,0,0
74,23,0,1,0
75,23,0,1,0
76,23,0,0,1
77,23,1,0,0
78,23,1,0,0
79,23,0,1,0
80,23,0,1,0
81,23,0,1,0
82,23,0,1,0
83,23,0,0,1
84,23,1,0,0
85,23,0,1,0
86,23,0,1,0
87,23,1,0,0
88,23,0,1,0
89,23,1,0,0
90,23,0,1,0
91,23,0,1,0
92,23,0,0,1
93,23,0,1,0
94,23,0,1,0
95,23,0,1,0
96,23,1,0,0
97,23,1,0,0
98,23,1,0,0
99,23,0,1,0
100,23,0,1,0
101,23,0,1,0
102,23,0,1,0
103,23,1,0,0
104,23,1,0,0
105,23,0,1,0
106,23,0,1,0
107,23,0,1,0
108,23,1,0,0
109,23,1,0,0
110,23,0,0,1
111,23,1,0,0
112,23,0,1,0
113,23,0,1,0
114,23,0,0,1
115,23,0,1,0
116,23,0,1,0
117,23,0,0,1
118,23,0,0,1
119,23,0,1,0
120,23,0,1,0
121,23,0,1,0
122,23,0,0,1
123,23,0,1,0
124,23,1,0,0
125,23,1,0,0
126,23,0,1,0
127,23,1,0,0
128,23,0,0,1
129,23,1,0,0
130,23,1,0,0
131,23,0,0,1
132,23,1,0,0
133,23,1,0,0
134,23,0,0,1
135,23,0,1,0
136,23,0,1,0
137,23,0,0,1
138,23,1,0,0
139,23,1,0,0
140,23,0,1,0
141,23,0,1,0
142,23,0,1,0
143,23,0,1,0
144,23,0,0,1
145,23,0,1,0
146,23,0,1,0
147,23,1,0,0
148,23,0,1,0
149,23,0,1,0
150,23,0,0,1
151,23,1,0,0
152,23,0,1,0
153,23,0,0,1
154,23,0,0,1
155,23,0,1,0
156,23,0,1,0
157,23,0,1,0
158,23,0,1,0
159,23,0,1,0
160,23,0,0,1
161,23,0,1,0
162,23,0,1,0
163,23,0,1,0
164,23,0,1,0
165,23,0,1,0
166,23,0,1,0
167,23,0,1,0
168,23,0,0,1
169,23,0,1,0
170,23,1,0,0
171,23,0,1,0
172,23,0,1,0
173,23,0,1,0
174,23,0,1,0
175,23,0,1,0
176,23,0,1,0
177,23,0,1,0
178,23,0,1,0
179,23,0,1,0
180,23,0,1,0
181,23,0,1,0
182,23,0,1,0
183,23,0,0,1
184,23,0,1,0
185,23,1,0,0
186,23,1,0,0
187,23,0,1,0
188,23,1,0,0
189,23,0,1,0
190,23,1,0,0
191,23,0,1,0
192,23,0,1,0
193,23,1,0,0
194,23,0,1,0
195,23,0,1,0
196,23,0,1,0
197,23,0,1,0
198,23,0,0,1
199,23,0,1,0
200,23,1,0,0
1,24,1,0,0
2,24,0,1,0
3,24,0,1,0
4,24,0,1,0
5,24,0,1,0
6,24,0,1,0
7,24,1,0,0
8,24,0,1,0
9,24,0,1,0
10,24,0,0,1
11,24,0,1,0
12,24,0,1,0
13,24,0,1,0
14,24,0,0,1
15,24,0,1,0
16,24,1,0,0
17,24,0,1,0
18,24,1,0,0
19,24,0,1,0
20,24,0,1,0
21,24,0,1,0
22,24,0,0,1
23,24,0,1,0
24,24,0,0,1
25,24,1,0,0
26,24,0,1,0
27,24,1,0,0
28,24,0,1,0
29,24,1,0,0
30,24,0,1,0
31,24,1,0,0
32,24,0,0,1
33,24,0,1,0
34,24,0,0,1
35,24,1,0,0
36,24,0,1,0
37,24,0,1,0
38,24,1,0,0
39,24,0,1,0
40,24,1,0,0
41,24,0,1,0
42,24,0,1,0
43,24,0,1,0
44,24,0,0,1
45,24,0,1,0
46,24,1,0,0
47,24,0,1,0
48,24,0,1,0
49,24,0,1,0
50,24,0,1,0
51,24,0,1,0
52,24,0,1,0
53,24,0,1,0
54,24,0,1,0
55,24,0,0,1
56,24,0,1,0
57,24,1,0,0
58,24,0,1,0
59,24,0,1,0
60,24,0,1,0
61,24,1,0,0
62,24,0,0,1
63,24,0,0,1
64,24,0,1,0
65,24,0,1,0
66,24,0,1,0
67,24,1,0,0
68,24,0,1,0
69,24,1,0,0
70,24,0,0,1
71,24,0,0,1
72,24,1,0,0
73,24,1,0,0
74,24,0,1,0
75,24,0,1,0
76,24,0,0,1
77,24,1,0,0
78,24,1,0,0
79,24,0,1,0
80,24,0,1,0
81,24,0,1,0
82,24,0,1,0
83,24,0,0,1
84,24,1,0,0
85,24,0,1,0
86,24,0,1,0
87,24,1,0,0
88,24,0,1,0
89,24,1,0,0
90,24,0,1,0
91,24,0,1,0
92,24,0,0,1
93,24,0,1,0
94,24,0,1,0
95,24,0,1,0
96,24,1,0,0
97,24,1,0,0
98,24,1,0,0
99,24,0,1,0
100,24,0,1,0
101,24,0,1,0
102,24,0,1,0
103,24,1,0,0
104,24,1,0,0
105,24,0,1,0
106,24,0,1,0
107,24,0,1,0
108,24,1,0,0
109,24,1,0,0
110,24,0,0,1
111,24,1,0,0
112,24,0,1,0
113,24,0,1,0
114,24,0,0,1
115,24,0,1,0
116,24,0,1,0
117,24,0,0,1
118,24,0,0,1
119,24,0,1,0
120,24,0,1,0
121,24,0,1,0
122,24,0,0,1
123,24,0,1,0
124,24,1,0,0
125,24,1,0,0
126,24,0,1,0
127,24,1,0,0
128,24,0,0,1
129,24,1,0,0
130,24,1,0,0
131,24,0,0,1
132,24,1,0,0
133,24,1,0,0
134,24,0,0,1
135,24,0,1,0
136,24,0,1,0
137,24,0,0,1
138,24,1,0,0
139,24,1,0,0
140,24,0,1,0
141,24,0,1,0
142,24,0,1,0
143,24,0,1,0
144,24,0,0,1
145,24,0,1,0
146,24,0,1,0
147,24,1,0,0
148,24,0,1,0
149,24,0,1,0
150,24,0,0,1
151,24,1,0,0
152,24,0,1,0
153,24,0,0,1
154,24,0,0,1
155,24,0,1,0
156,24,0,1,0
157,24,0,1,0
158,24,0,1,0
159,24,0,1,0
160,24,0,0,1
161,24,0,1,0
162,24,0,1,0
163,24,0,1,0
164,24,0,1,0
165,24,0,1,0
166,24,0,1,0
167,24,0,1,0
168,24,0,0,1
169,24,0,1,0
170,24,1,0,0
171,24,0,1,0
172,24,0,1,0
173,24,0,1,0
174,24,0,1,0
175,24,0,1,0
176,24,0,1,0
177,24,0,1,0
178,24,0,1,0
179,24,0,1,0
180,24,0,1,0
181,24,0,1,0
182,24,0,1,0
183,24,0,0,1
184,24,0,1,0
185,24,1,0,0
186,24,1,0,0
187,24,0,1,0
188,24,1,0,0
189,24,0,1,0
190,24,1,0,0
191,24,0,1,0
192,24,0,1,0
193,24,1,0,0
194,24,0,1,0
195,24,0,1,0
196,24,0,1,0
197,24,0,1,0
198,24,0,0,1
199,24,0,1,0
200,24,1,0,0
