P_no_link,P_bonding,P_bridging
0.8378535102298058,0.014500146910945432,0.14764634285924866
0.8283607301358682,0.011265723147519962,0.16037354671661191
0.9405840630323388,0.0020660515179902078,0.05734988544967104
0.8487927737974451,0.014153302850774032,0.13705392335178074
0.7994478787255429,0.033600516834376565,0.1669516044400806
0.835937471591794,0.01081565321608269,0.15324687519212316
0.8401550390190455,0.005115793468643875,0.15472916751231058
0.7116830170549447,0.04105082772218961,0.24726615522286566
0.698383476378501,0.043780431359347956,0.2578360922621512
0.9974202486466701,9.974202486466682e-09,0.0025797413791276078
0.7380283170171789,0.030925667291032306,0.23104601569178873
0.9714371519308542,0.004067933513959992,0.024494914555185772
0.8424148701463028,0.012210855148283578,0.14537427470541367
0.7583908042776072,0.0359721987272863,0.20563699699510654
0.8640318923061898,0.017424706683524246,0.11854340101028593
0.825809644582055,0.026634600138502516,0.14755575527944237
0.9375194126122969,0.00023049571162877337,0.06225009167607432
0.8852222009426977,0.005949652919710253,0.10882814613759213
0.9591370424360504,0.00021409074447513131,0.04064886681947452
0.89561812379358,0.008242069942586265,0.09613980626383385
0.8312061458609181,0.013596440035670945,0.15519741410341087
0.8946627722353394,0.010575128929472563,0.09476209883518814
0.8269765029515056,0.013322776055046621,0.15970072099344776
0.9345253413499277,0.00016309377615873042,0.06531156487391353
0.8837925674968868,0.0026182157989271303,0.11358921670418598
0.8718014603339761,0.010175498683763433,0.11802304098226037
0.741822515131973,0.026119913825131538,0.2320575710428956
0.83604589467926,0.0152631985881645,0.14869090673257546
0.7563563239046931,0.03207355028226862,0.21157012581303816
0.9440843549334035,0.00165859488391562,0.05425705018268087
0.8475288197586146,0.023271531337813237,0.12919964890357213
0.8794595273804865,0.017323902115071625,0.1032165705044419
0.9703687316302494,0.0008508265275710724,0.028780441842179524
0.8386399482470666,0.012464510282289417,0.14889554147064388
0.7121485141563672,0.05190101084980771,0.2359504749938251
0.782364072604686,0.016440978279185805,0.20119494911612815
0.7945710973644962,0.03688881444762485,0.1685400881878789
0.82876024877378,0.013869002997457936,0.15737074822876204
0.812162522768673,0.00972125634302637,0.1781162208883008
0.8401201296095093,0.0050579990231502375,0.15482187136734046
0.7676006782991435,0.01845352017012311,0.21394580153073334
0.7720048675038466,0.02379505695764403,0.2042000755385093
0.8497313788743583,0.022585651372911523,0.12768296975273002
0.9888616332222422,2.7613369167077778e-05,0.01111075340859074
0.8365205729068452,0.009006587460862145,0.15447283963229255
0.8160356244075994,0.020843584968465348,0.16312079062393536
0.7822579393738754,0.02976232793514677,0.18797973269097765
0.9562506161337315,0.004816217706920652,0.03893316615934784
0.8913462651109711,0.0012112923593901826,0.10744244252963875
0.6893402982243326,0.04633031345566204,0.26432938832000535
0.8687744129036078,0.0060213152878096175,0.12520427180858254
0.8519946094517505,0.023876939348062017,0.12412845120018728
0.8743296988328546,0.020443491021869233,0.10522681014527603
0.7011007053836611,0.04059516484341416,0.2583041297729248
0.7876211274324028,0.017019491059445883,0.19535938150815133
0.8193800525798239,0.0193865962300947,0.1612333511900814
0.8562558323265278,0.009660233844800088,0.13408393382867206
0.9920240505897476,9.920240505897494e-09,0.007975939490011892
0.784026908535821,0.02849946446034239,0.18747362700383657
0.9798663490738408,0.0035241545648922886,0.016609496361267035
0.6913686363749947,0.04240799056696932,0.26622337305803595
0.7912248453800719,0.011076696911204798,0.19769845770872335
0.8189268046091014,0.01124469402098063,0.1698285013699179
0.8519987745385708,0.02543792282122404,0.12256330264020528
0.8680018736293924,0.0030696301961166818,0.1289284961744908
0.9472426631817183,0.002252206491813405,0.05050513032646839
0.9742954021259093,0.0004131851649829731,0.02529141270910774
0.9042928618649447,0.007550206674052123,0.08815693146100316
0.7267249503880594,0.03039644164766587,0.24287860796427474
0.8753762121461443,0.011176577015364158,0.11344721083849171
0.6979982912086123,0.04138518632072335,0.26061652247066425
0.861966422339049,0.002046852362824638,0.13598672529812644
0.9357147890930103,0.0017054851509408406,0.06257972575604895
0.8793900573148953,0.010079833623609057,0.1105301090614957
0.8050316747444644,0.01882287588685835,0.1761454493686775
0.6339465231895111,0.06263008912464846,0.30342338768584043
0.8769306695628978,0.002398219592292988,0.1206711108448093
0.9663793623203103,0.0007122741596601199,0.03290836352002959
0.8060301748089655,0.012633723921157898,0.18133610126987645
0.9025417739167658,0.004815801722379365,0.09264242436085492
0.8908209889930017,0.006436150654602222,0.102742860352396
0.7637097291196566,0.018750589368116483,0.2175396815122269
0.8452361053414679,0.01937849739027663,0.13538539726825552
0.7930268592229617,0.025045570107431494,0.18192757066960677
0.8602090825983143,0.008162016311532204,0.13162890109015335
0.7019067995160897,0.03856859280190001,0.2595246076820102
0.787523437549717,0.02149539812011805,0.19098116433016502
0.7978219898920258,0.014352503895428782,0.18782550621254532
0.8065849955064804,0.022806744242919664,0.1706082602505999
0.8414975796536373,0.008538460969618964,0.1499639593767438
0.7972206413070809,0.024112183854314028,0.17866717483860511
0.993663757711485,0.000157399988887537,0.006178842299627412
0.7842383207506174,0.016705350578331515,0.19905632867105116
0.829762702072279,0.004280316718243835,0.16595698120947716
0.7725060100561733,0.016435005048362414,0.21105898489546435
0.8877244349919092,0.017462330560816256,0.09481323444727455
0.9376186884196845,0.001325681262728504,0.06105563031758691
0.8943008546765412,0.0033773890579388384,0.10232175626551991
0.8594379196796749,0.023265005284568985,0.11729707503575618
0.8558713478345339,0.025781533793203172,0.11834711837226286
0.6532494812416382,0.0598470409054907,0.2869034778528711
0.819575978959239,0.011641921806256252,0.1687820992345049
0.8405849655979658,0.01303452395433706,0.1463805104476972
0.8589302118394438,0.0061545584415271855,0.13491522971902903
0.992291553363958,9.922915533639811e-09,0.007708436713126479
0.8091760707534325,0.023326978759849442,0.16749695048671823
0.9784064918877702,0.0035578136741039024,0.01803569443812593
0.7319973276391196,0.03009441207623244,0.2379082602846478
0.8413697716687307,0.0037185757030631546,0.15491165262820597
0.8693664832811708,0.002972235972164161,0.12766128074666502
0.8684700376278964,0.02086001551695879,0.11066994685514488
0.8373601277651922,0.006750492131817078,0.15588938010299078
0.9355654886493291,0.003157039682094253,0.06127747166857658
0.9726320635203285,0.00045343793301678666,0.026914498546654682
0.8773402291516534,0.016484955225587846,0.10617481562275864
0.6793613096049386,0.0522235350195303,0.2684151553755312
0.8399622044261567,0.0262962257164062,0.13374156985743715
0.6702780694194633,0.052748144920676976,0.27697378565985975
0.8286908080367478,0.007041476516539454,0.16426771544671273
0.9153080895834934,0.004725801185543638,0.0799661092309629
0.8418350288555686,0.025233382746880265,0.13293158839755115
0.7683122638343173,0.03311713298107507,0.19857060318460767
0.6991253861107511,0.042873347385163615,0.25800126650408517
0.8639394499509203,0.0027793428166500572,0.13328120723242962
0.9568197252664519,0.001996830103043362,0.041183444630504815
0.8561960487112551,0.004363758251430088,0.1394401930373148
0.8922000571257227,0.003929659263680505,0.1038702836105969
0.9253510856169268,0.003213254529630243,0.07143565985344291
0.7253218603638312,0.033412711240291194,0.24126542839587758
0.8270737573564918,0.02487219708193807,0.1480540455615702
0.7844166102527966,0.025904403185055914,0.1896789865621476
0.8913096370169736,0.002928595408866475,0.10576176757415992
0.6679343827941561,0.05486387584424596,0.277201741361598
0.7769392283820813,0.020548442750535,0.20251232886738368
0.7992796437970117,0.012155423917349759,0.1885649322856385
0.7748245694290613,0.028817276151241453,0.1963581544196971
0.8167045074401389,0.01627335862600592,0.16702213393385518
0.7851736985378969,0.03184280355186513,0.18298349791023805
0.9907016012968733,0.00038699741772020454,0.008911401285406441
0.7169223645237645,0.044355925976740845,0.2387217094994949
0.8236577565658945,0.004746533971280144,0.17159570946282535
0.7685593350752767,0.013260968455736013,0.2181796964689873
0.8232004621820822,0.05314194803331314,0.12365758978460464
0.9158472429046715,0.004133677808917494,0.08001907928641094
0.9704232576030357,0.0005371742756501861,0.0290395681213142
0.9249950218604737,0.005898201528783982,0.06910677661074248
0.905378946967204,0.00143402068640613,0.09318703234638984
0.8361009343897198,0.0281941144491601,0.13570495116112016
0.9087051129400167,0.009320080404051816,0.08197480665593157
0.9171709498352629,0.007973165331389916,0.07485588483334725
0.9936465711978127,9.93646571197811e-09,0.006353418865721583
0.9190771317757381,0.0060811362198697795,0.07484173200439213
0.9612343071251123,0.010383896178869242,0.028381796696018608
0.8054674069473882,0.024858107514155858,0.16967448553845604
0.9099360903898106,0.002442448179397577,0.08762146143079189
0.8332970678196077,0.008890646897739359,0.1578122852826531
0.8303706807772264,0.010070880842955838,0.15955843837981765
0.8345559516703521,0.010201340208307276,0.15524270812134078
0.8137990718944016,0.018853345331557515,0.1673475827740408
0.9085102559016899,0.010275097405293535,0.08121464669301656
0.8257193842921979,0.012692524362265771,0.16158809134553626
0.8868145959228588,0.0070706413491825205,0.10611476272795868
0.8824261970478521,0.010894480922490946,0.10667932202965684
0.8605320130758092,0.011278352140425642,0.1281896347837652
0.9152362769284642,0.003188662107030058,0.08157506096450576
0.9084104235516043,0.006047636789878538,0.08554193965851717
0.9409918214256898,0.006457478995150645,0.05255069957915969
0.9473454940461211,0.0019384957812066104,0.050716010172672216
0.8744752397048808,0.005006992143888877,0.12051776815123044
0.9407846998805954,0.0013169704066942603,0.05789832971271034
0.9536807466079746,0.001407136667300652,0.044912116724724706
0.8204442034219505,0.00979639475970041,0.16975940181834917
0.7882880518452403,0.01621224829150878,0.195499699863251
0.8920845183770396,0.00426883063448743,0.10364665098847298
0.8714755386888713,0.011006142770557979,0.11751831854057065
0.9512983636879804,0.0031012553249356325,0.04560038098708406
0.9451579975432259,0.0012472729237419265,0.05359472953303207
0.8790440863464695,0.003237415438021804,0.11771849821550871
0.8715765619058178,0.008905041152396426,0.11951839694178573
0.8417424715651348,0.026891227082872043,0.1313663013519932
0.8210388453639289,0.03174614444404712,0.14721501019202393
0.9511262764060222,0.0009898838699963766,0.04788383972398138
0.9152992144622428,0.006307547014178274,0.07839323852357896
0.8507500843412061,0.008350462111667926,0.14089945354712602
0.9797424554264601,0.002615467735089088,0.01764207683845098
0.9247543285285936,0.0025365693012135804,0.07270910217019276
0.918242750570181,0.0015417970775519977,0.0802154523522669
0.8725231646804809,0.008960931887210703,0.11851590343230839
0.9736013793390211,0.0011221536380146703,0.025276467022964152
0.9141173519732317,0.004946443672602466,0.08093620435416596
0.8337316619963356,0.033060101686196865,0.13320823631746745
0.8303337183611583,0.020998137439338614,0.14866814419950306
0.8624537742064468,0.0056833905262116124,0.13186283526734155
0.7925019085439711,0.017189844461249854,0.190308246994779
0.8338273473970588,0.006471374769281825,0.15970127783365928
0.9960360232270978,9.960360232271067e-09,0.003963966812542092
0.7415400846313975,0.03794466350271559,0.22051525186588689
0.9848563974778497,0.002521440250164269,0.012622162271986004
0.8780144756671984,0.008585753716338042,0.11339977061646371
0.8855353706457775,0.0029781125351130517,0.11148651681910934
0.9424335308129101,0.001387752715536939,0.05617871647155289
0.8745085877732329,0.022309294652188855,0.1031821175745781
0.9564212235128701,0.0006223975559210101,0.042956378931208815
0.931706710712102,0.0015962697520090353,0.06669701953588897
0.9599755314932658,0.0004027980193177817,0.03962167048741648
0.9383980457188081,0.004235005475845905,0.057366948805346006
0.8771053395616435,0.011507235707943817,0.11138742473041274
0.9388372003612337,0.004596661943390825,0.05656613769537538
0.8771083743135403,0.012227769728472901,0.11066385595798679
0.9535023300409343,0.00029055837018501194,0.046207111588880696
0.9047758405666197,0.001916768232280503,0.09330739120109975
0.919565983371104,0.005791668301237438,0.07464234832765854
0.7589670584037091,0.0348337938026362,0.20619914779365456
0.8301745626803779,0.023094044062702865,0.14673139325691917
0.9178281118463515,0.0008115621458619155,0.08136032600778662
0.9521021314995742,0.0014043077645218194,0.04649356073590387
0.9357228821746141,0.0016596768849871171,0.06261744094039869
0.9641989717560616,0.0007459651655099341,0.03505506307842824
0.969441423996951,0.0015926158528059558,0.028965960150242942
0.9041614576674601,0.00508386332911923,0.0907546790034206
0.8220005217638737,0.024528143702658396,0.15347133453346778
0.6751991826300677,0.06245974685037951,0.26234107051955285
0.9142485578029145,0.0025148901728070483,0.08323655202427861
0.8761063579242198,0.012467023376342352,0.11142661869943778
0.8712312319318304,0.007365773659389401,0.12140299440878036
0.8863111139058928,0.00371046114831651,0.10997842494579076
0.6846000208303583,0.05984212146402738,0.25555785770561434
0.883015624395521,0.004542780990355325,0.11244159461412367
0.934737808760312,0.004923327873148312,0.060338863366539756
0.9918154173273036,0.00017625737971470307,0.008008325292981676
0.8612018598052216,0.011926336754801415,0.1268718034399769
0.9443671851922201,0.0005530241967237526,0.05507979061105609
0.9220693772660615,0.0023185628803269625,0.0756120598536115
0.9569568591193214,0.007400379175801218,0.03564276170487737
0.9131923106090645,0.0014359775831246531,0.08537171180781095
0.8737018281943222,0.019910891129120957,0.10638728067655676
0.8788779603094309,0.016314223565649294,0.10480781612491984
0.7769949556765423,0.04388917414382208,0.1791158701796355
0.8047758587347464,0.02932695970670933,0.16589718155854427
0.9957452562264282,9.9574525622643e-09,0.004254733816119236
0.7428188753510125,0.05276667201488394,0.2044144526341034
0.9465296856697862,0.01945157586579341,0.0340187384644203
0.8819206610968818,0.01982215989729225,0.09825717900582591
0.9097495286775407,0.007455983107857131,0.08279448821460217
0.9034597231999855,0.005091933108620783,0.09144834369139371
0.7745636403663441,0.052210852657890175,0.1732255069757658
0.900793822911583,0.003476680623520673,0.09572949646489631
0.8183801929907404,0.023178963119596045,0.1584408438896636
0.9216151552842924,0.004606732385024952,0.07377811233068263
0.8294818312708827,0.03542133487436977,0.13509683385474752
0.8485229141481311,0.02972291311536006,0.12175417273650874
0.8342326268993435,0.03142162021644266,0.1343457528842138
0.8480479108380066,0.02709647720811252,0.12485561195388102
0.9505083384632338,0.001737071289412747,0.04775459024735333
0.7960968741997475,0.0180491182478651,0.18585400755238743
0.883826965843926,0.030850515783043465,0.08532251837303062
0.7409563368940989,0.05678859286524821,0.20225507024065303
0.8804251082075124,0.01878161479637205,0.10079327699611536
0.8975490361926441,0.008763729667582215,0.0936872341397735
0.8781757282833001,0.01405121841743356,0.1077730532992662
0.8920775911074839,0.007285646414551171,0.10063676247796485
0.8945156232279222,0.01234319824410771,0.09314117852797008
0.9565369264855765,0.0033366804058177976,0.040126393108605725
0.8674230774807798,0.024539640625869955,0.1080372818933501
0.7743333545935819,0.05788343844384252,0.16778320696257568
0.7810195653305874,0.04358009645947481,0.17540033820993783
0.8630301069153228,0.009123600141667526,0.12784629294300984
0.8482509357882836,0.027965424776414786,0.12378363943530163
0.8505928547597464,0.026523250915784013,0.12288389432446954
0.8809340567358567,0.01572947767036399,0.10333646559377947
0.7687818521131216,0.047174741026235506,0.18404340686064297
0.8323396041916404,0.03241128189501522,0.13524911391334435
0.8377447947140838,0.021927909007683752,0.14032729627823234
0.9792119391713802,0.0017738920031943116,0.01901416882542553
0.8503088440750523,0.02950286967491894,0.12018828625002881
0.9321794027822023,0.004901024787403549,0.06291957243039398
0.8964147186016558,0.01323256777840232,0.09035271361994193
0.9583708874943502,0.014259651023587557,0.027369461482062273
0.8105745593178448,0.012448562938695873,0.1769768777434594
0.8502663692414801,0.005172101362929271,0.14456152939559075
0.8607159727138823,0.008504681540234626,0.13077934574588307
0.874608822361081,0.004009973507972221,0.12138120413094683
0.9932405640159171,9.932405640159224e-09,0.006759426051677314
0.8350535777141551,0.01633142849086566,0.14861499379497925
0.9822276257719855,0.002560883452549482,0.015211490775464995
0.7572251631665178,0.018909826158972277,0.22386501067451006
0.848830919321692,0.0035500505819288874,0.1476190300963792
0.8768439330564357,0.002382006246096331,0.12077406069746785
0.8821433704501792,0.017209452069546154,0.10064717748027471
0.851433574655784,0.002781828676781873,0.14578459666743418
0.9455448388580412,0.0014478523837016468,0.053007308758257266
0.97847694826244,0.0001686151839334311,0.02135443655362647
0.8960670216901336,0.010908377553841534,0.09302460075602492
0.706943064939636,0.04237971843095918,0.25067721662940484
0.8630728760567328,0.018208894983564823,0.11871822895970237
0.6899641006328803,0.04008361095390834,0.2699522884132114
0.8410528015064112,0.003340630306773199,0.15560656818681573
0.9295461963909947,0.0021453236660484236,0.06830847994295686
0.8665220567219724,0.01621746010279705,0.11726048317523055
0.7867710047403316,0.028303770550270255,0.18492522470939823
0.7032712731904698,0.03886862300925367,0.2578601038002765
0.8678889749960103,0.0025979125554568975,0.12951311244853284
0.96293451212533,0.0015723136696993154,0.035493174204970855
0.8635743910185859,0.0036178905634879494,0.13280771841792616
0.8998797693440213,0.0028674127371772686,0.09725281791880157
0.9257052350148408,0.002865987879037884,0.07142877710612136
0.7527578569600242,0.02363039186060355,0.2236117511793723
0.836233152580094,0.021339916155622588,0.1424269312642834
0.8066387466939061,0.021843557925539856,0.17151769538055403
0.8970753750964764,0.0027999580208557108,0.10012466688266779
0.6884052220297022,0.04377207082717292,0.2678227071431248
0.811959262474596,0.010611203691118934,0.17742953383428506
0.8314274966061309,0.005419783482682935,0.1631527199111861
0.7869342935474141,0.025623730460411515,0.1874419759921744
0.8347933500960731,0.011441253289765963,0.15376539661416083
0.7820576346723386,0.02999347095332498,0.1879488943743364
0.9924073796853229,0.0001443285823452687,0.007448291732331923
0.7449555573867281,0.03743516543551212,0.2176092771777597
0.8151123911151951,0.004965220817296326,0.1799223880675086
0.7663824535433322,0.010967300108818296,0.22265024634784938
0.8267039027500513,0.052436034830053914,0.12086006241989472
0.9300401389085169,0.0017661492295568968,0.06819371186192627
0.7733537307662417,0.027106361672051802,0.19953990756170648
0.8066872799268964,0.015977297106911467,0.17733542296619212
0.9916999340514833,9.916999340514885e-09,0.008300056031517488
0.770271932650392,0.028010801718107745,0.20171726563150028
0.9773811380726745,0.002930903534479347,0.019687958392846046
0.7260235199077609,0.04493502706558326,0.2290414530266559
0.810400916884946,0.00281149570088407,0.18678758741417
0.8777690478667055,0.004754345094840121,0.11747660703845442
0.8682358333444152,0.01189286033903589,0.11987130631654885
0.8518889394219284,0.016849649717788094,0.13126141086028345
0.8736028764079224,0.01607997795152849,0.11031714564054912
0.9304314827210693,0.0045629560233884595,0.06500556125554227
0.8590919886887044,0.010957175817669865,0.12995083549362568
0.8010017523436805,0.017191578307817357,0.18180666934850212
0.8524561006467093,0.01371152094301157,0.1338323784102791
0.7854043150176934,0.025360611046035687,0.18923507393627081
0.8581772233944079,0.007022005948337715,0.13480077065725438
0.8463152627301278,0.01326913850558779,0.14041559876428455
0.8157002684264241,0.016991294532715324,0.16730843704086049
0.8308451080096662,0.010677565368287498,0.15847732662204622
0.7988026769123103,0.014049255039876715,0.18714806804781306
0.8527485920225322,0.0012416848222661712,0.14600972315520164
0.9657280539238606,0.0006378133412893237,0.03363413273485011
0.8672127454621983,0.005179981892652857,0.1276072726451489
0.9080645739245881,0.004776570967374733,0.08715885510803711
0.9591226462896985,0.0010919980942924235,0.03978535561600916
0.78736303641441,0.019485992107327557,0.1931509714782624
0.8528459289600435,0.01097908030429751,0.13617499073565895
0.8211678317968637,0.011041304054209031,0.16779086414892733
0.8535784942236553,0.0022141219972573404,0.14420738377908737
0.7975020858995641,0.0207016019777989,0.18179631212263705
0.6648952055477245,0.0561767890777041,0.2789280053745714
0.6566809063192228,0.06011081861242847,0.2832082750683487
0.8373677048269738,0.008588100127568143,0.15404419504545805
0.7893709527216356,0.011739385582726662,0.1988896616956377
0.8912406573859436,0.006843125477555672,0.10191621713650068
0.9844715850088893,0.0016382015512864236,0.013890213439824437
0.8060331590636592,0.008928203079966867,0.18503863785637384
0.8957266390049999,0.0010586957693654844,0.10321466522563448
0.8420693517580171,0.008263072834604694,0.14966757540737818
0.9517066910879244,0.0037800489833949855,0.044513259928680646
0.8558212777172642,0.012177539292378465,0.1320011829903573
0.6641027447700533,0.055690998425430564,0.28020625680451616
0.996587848578231,9.965878485782293e-09,0.003412141455890528
0.665942254324227,0.05372905573128519,0.2803286899444878
0.9678878697735173,0.0059512476019426275,0.026160882624540256
0.7848556416071137,0.02808529509562822,0.18705906329725816
0.7982644780291867,0.021278071812763626,0.18045745015804968
0.8729029851152554,0.01572758993913328,0.1113694249456113
0.8117479419465488,0.03142118291597391,0.15683087513747732
0.9290407503389403,0.0016954633442693202,0.06926378631679046
0.8427625536534638,0.017811720469138575,0.13942572587739765
0.9318875253545301,0.0016789979642810589,0.06643347668118885
0.8830511911220829,0.013342211638342953,0.10360659723957406
0.8284006426134897,0.0175738936380196,0.15402546374849063
0.8827890768009463,0.015275483882401271,0.10193543931665237
0.8186295760377355,0.020628618010405452,0.16074180595185916
0.9271105877519196,0.000777042872539945,0.07211236937554069
0.8456253621876203,0.009531029224044951,0.14484360858833467
0.8553870256584127,0.017928792128305792,0.1266841822132816
0.7331592337311349,0.028982458783687978,0.23785830748517722
0.8238600602649577,0.018476834503118374,0.15766310523192376
0.8191033670018474,0.01305665149915695,0.1678399814989958
0.9362023788323905,0.0018350842639365667,0.06196253690367305
0.8601270010474671,0.018477772282871462,0.12139522666966146
0.8934373358293366,0.01458705596596383,0.09197560820469965
0.9675948122545738,0.0011647080016701811,0.031240479743756135
0.8228414790563142,0.018084998600725134,0.15907352234296065
0.7283899679654174,0.045874443325570384,0.22573558870901217
0.7369549658999569,0.025013081866402786,0.23803195223364026
0.8336737371375511,0.020231352921913536,0.14609490994053542
0.8249607523156632,0.019041512669281616,0.1559977350150551
0.7607880079802635,0.033215442687646375,0.20599654933209016
0.7810007599940326,0.024085114045808494,0.19491412596015883
0.7435163425156378,0.023273844043932564,0.23320981344042951
0.751983580712362,0.026083886920717572,0.22193253236692037
0.8743392958454175,0.014974203701737908,0.11068650045284459
0.9870076624875989,0.00027119912478426855,0.012721138387617058
0.8390179925141237,0.011011351802717393,0.14997065568315895
0.8758224798906288,0.006965124251094131,0.11721239585827713
0.8133949658316466,0.021862822313559974,0.1647422118547933
0.9609222757983614,0.004130836026600024,0.03494688817503849
0.8570896473882575,0.005645583989905278,0.1372647686218373
0.9974304536977796,9.974304536977779e-09,0.0025695363279158354
0.7172650385183476,0.03367396537886899,0.2490609961027836
0.9726153994271187,0.0042297204262949605,0.023154880146586326
0.8230335589340352,0.018490452537940957,0.15847598852802386
0.7869942628487443,0.027405426582585,0.18560031056867068
0.8604870861570517,0.019211167005469133,0.12030174683747917
0.8439681117187368,0.021188193522478492,0.13484369475878483
0.9345237470434994,0.0007194818295314549,0.06475677112696918
0.8437492159048291,0.017376875215068182,0.1388739088801027
0.9416686511944738,0.0008690929268799194,0.057462255878646215
0.8950737992209361,0.010384276578862027,0.0945419242002019
0.8475560258937089,0.011220825515469768,0.14122314859082133
0.8948016197564729,0.01233939105816894,0.09285898918535816
0.8394712860509311,0.01259613085281724,0.1479325830962517
0.9327397928300138,0.00037284513800777227,0.06688736203197848
0.8561364058701956,0.0069784460933747326,0.13688514803642965
0.8694535826137865,0.013641082111749433,0.11690533527446402
0.7566316815450138,0.017550780196908058,0.22581753825807804
0.8588304493993796,0.00933690987237799,0.13183264072824247
0.7791001699213664,0.025610339158407526,0.19528949092022607
0.9444354790183093,0.001275709417370289,0.0542888115643204
0.8464807274171531,0.02365913957975167,0.12986013300309526
0.8605959945614359,0.0225071253451683,0.11689688009339592
0.9751699835522071,0.0005218826857924259,0.02430813376200062
0.8383558935002746,0.014598649081854128,0.1470454574178713
0.7424864108713383,0.039037995205690894,0.21847559392297086
0.7847748812952756,0.010528165857797877,0.2046969528469265
0.8206228754405358,0.027966956930705687,0.15141016762875847
0.844987512617689,0.0117539111696519,0.14325857621265922
0.7787021247961151,0.022224811868494263,0.1990730633353905
0.804367567784769,0.016091005131158936,0.1795414270840722
0.7741514592316671,0.010264798617331553,0.21558374215100143
0.7625621526814161,0.02877592008538342,0.20866192723320054
0.8800848439568328,0.014244720890053105,0.10567043515311401
0.9882274756904406,9.525895108778748e-05,0.011677265358471746
0.856573523058412,0.006305974274041798,0.1371205026675461
0.8498611135356343,0.012646473459944615,0.13749241300442108
0.78481247018741,0.027915241073226394,0.18727228873936375
0.9667759437961446,0.002125012844205033,0.03109904335965047
0.8676177175538141,0.003533656140385615,0.12884862630580027
0.9956692310323616,9.956692310323635e-09,0.004330759010946156
0.9994307387157185,9.994307387157168e-09,0.0005692512899742721
0.9926333491130492,9.92633349113051e-09,0.007366640960617423
0.9960699722731712,9.960699722731693e-09,0.003930017766129243
0.9944210524355219,9.944210524355202e-09,0.0055789376202675925
0.9950922392150005,9.950922392149987e-09,0.004907750834077165
0.9851593485663787,9.851593486644326e-09,0.01484064158202785
0.997084320300913,9.970843203009111e-09,0.0029156697282439197
0.9978175137030139,9.978175137030442e-09,0.0021824763188110557
0.9952931808186848,9.952931808186866e-09,0.004706809228383536
0.9935173027551853,9.93517302755187e-09,0.006482687309641739
0.9936226086827193,9.936226086827211e-09,0.0063773813810547066
0.9933959431606504,9.933959431606522e-09,0.006604046905390213
0.9936051015267985,9.936051015626016e-09,0.0063948885371506135
0.9949496694057745,9.949496694057834e-09,0.0050503206447288385
0.9970985541142291,9.97098554114231e-09,0.0029014359147854314
0.9962987064454474,9.962987064454493e-09,0.0037012835915655067
0.992555240808397,9.925552408083988e-09,0.007444749266050561
0.9980080847976038,9.98008084797602e-09,0.0019919052223152833
0.9987489906148433,9.987489906148451e-09,0.0012509993976667427
0.9937233162998694,9.937233162998677e-09,0.006276673762897385
0.996372252971609,9.963722529716073e-09,0.0036277370646685047
0.9974214192863144,9.974214192863126e-09,0.002578570739471431
0.9944611423853751,9.944611423853769e-09,0.005538847670013597
0.9976690666741994,9.976690666741976e-09,0.0023309233491099614
0.9950828937025404,9.950828937025528e-09,0.0049170963466307165
0.9947679568991517,9.947679568991498e-09,0.005232033153168851
0.9935861127561303,9.935861127561321e-09,0.006413877308008558
0.9928934210725091,9.92893421072511e-09,0.007106568998556776
0.99207638728068,9.920763872806819e-09,0.007923602798556266
0.9955737702370179,9.955737702370269e-09,0.004426219807244444
0.9967473735262755,9.967473735262737e-09,0.0032526165062509147
0.9941988774815392,9.941988774815375e-09,0.0058011125764719585
0.9990858969743963,9.990858971369636e-09,0.0009140930347447548
0.9935742168564269,9.935742168564641e-09,0.0064257732078311
0.9978981008842718,9.9789810088427e-09,0.002101889136747327
0.9966709297025615,9.966709297025597e-09,0.003329060330729367
0.9983395759586216,9.983395759586871e-09,0.0016604140579827226
0.9939048597760044,9.939048597762499e-09,0.006095130284947023
0.9652987576934331,0.006309128285957812,0.028392114020608983
0.7782261199748495,0.02868941776934899,0.1930844622558015
0.8259838173025733,0.011068417315300613,0.16294776538212602
0.8980528791390952,0.007678198407251863,0.09426892245365322
0.7989870795588311,0.036057651943367776,0.1649552684978012
0.9238765559689279,0.0028100289139539793,0.07331341511711806
0.8573867604630115,0.012777694764812693,0.12983554477217585
0.9289496668486674,0.0020439496574787496,0.0690063834938537
0.8758226208248295,0.014243057194122886,0.10993432198104755
0.8013861635749786,0.022857576135046104,0.1757562602899752
0.8753942848313802,0.016010826800037598,0.10859488836858225
0.7930115486504284,0.026074754005678727,0.18091369734389282
0.9213581783535006,0.001272036244174769,0.07736978540232466
0.8401455744722817,0.010175367435647387,0.149679058092071
0.8461432676268351,0.0198565138326565,0.13400021854050834
0.6987133308066308,0.04196884433097987,0.2593178248623892
0.7921639913722927,0.02687197228300859,0.18096403634469874
0.8542048919870074,0.005377105601109172,0.14041800241188354
0.9200813066824799,0.0024527841290893013,0.07746590918843083
0.8872421686699309,0.009107059844730462,0.1036507714853386
0.9221547133166479,0.006574444666189887,0.07127084201716224
0.9596786655905797,0.001813037888007103,0.03850829652141323
0.8168478523493555,0.018126056866983795,0.16502609078366065
0.7279064309592893,0.04595346687019646,0.2261401021705141
0.6830207939310915,0.0479096286566075,0.2690695774123009
0.8600467106110476,0.009955969880078915,0.12999731950887336
0.797508754680698,0.024616118008978026,0.17787512731032393
0.7643752204474856,0.03335119992129973,0.20227357963121465
0.7890038975211422,0.022776332035377232,0.18821977044348076
0.6980385285151088,0.0447025289432545,0.2572589425416367
0.7800922905437844,0.020379240143122097,0.19952846931309343
0.8799381437470738,0.013268808870885999,0.10679304738204017
0.9855780760607216,0.0005570912805029336,0.013864832658775732
0.8103120165898772,0.01767018850551216,0.17201779490461067
0.8996368597631716,0.0031466431481224073,0.09721649708870607
0.8508457795938417,0.012550122946625676,0.13660409745953267
0.9494812855494208,0.007982886166232312,0.04253582828434676
0.8489080115062035,0.007038203959356662,0.14405378453443962
0.9660620235288648,0.004135734520797401,0.029802241950337774
0.9751017409228251,0.001419686059173774,0.02347857301800128
0.969730498483794,0.0034237328388227782,0.026845768677383364
0.8488353970153812,0.04025977638514415,0.1109048265994746
0.9743489416993244,0.0015377881702218889,0.024113270130453775
0.9173083505332958,0.01874895335994058,0.06394269610676356
0.8613662390111293,0.02005512574376026,0.11857863524511039
0.8900210072837459,0.02703431280624389,0.08294467991001037
0.9645547863045573,0.004336255069890255,0.031108958625552584
0.9506688617850552,0.010800820526690938,0.038530317688253816
0.9625893657922028,0.004573645120890319,0.032836989086906895
0.9887462073282484,0.00029451833213794905,0.01095927433961373
0.9614067137680181,0.00473026363414615,0.03386302259783564
0.9742934249451237,0.0035385624614973007,0.02216801259337899
0.9562527836790029,0.005220078816682859,0.03852713750431424
0.9712001540164826,0.0032049176834456137,0.02559492830007174
0.9737201633140057,0.0012545287571400978,0.025025307928854244
0.8227244741466199,0.039094669139392,0.13818085671398808
0.9653356290749283,0.00464281852698483,0.030021552398086775
0.9275865349094491,0.01579962717953091,0.05661383791101997
0.8779208239552555,0.02353133741895332,0.09854783862579133
0.9662533651590954,0.003910570371087573,0.029836064469817004
0.9590983266096579,0.0060949497957147585,0.03480672359462749
0.9657505611054666,0.003706948945379158,0.03054248994915417
0.9563505877345247,0.004305525505211768,0.039343886760263465
0.9637858268735462,0.004477077915114461,0.03173709521133935
0.9566659853538035,0.004445579786915958,0.038888434859280466
0.9658138660300493,0.0029169866195706824,0.03126914735038008
0.9632054544381013,0.003830199857230012,0.03296434570466861
0.9540215037299162,0.004084640658483828,0.04189385561160013
0.9503069339764243,0.010176187796355766,0.039516878227219956
0.9564381529191196,0.006877511410653137,0.03668433567022732
0.9669477402047297,0.0031764619555260843,0.029875797839744173
0.9833955684272483,0.0009464479153664463,0.015657983657385282
0.972795460536808,0.0028056502308651137,0.024398889232326786
0.9929386614835495,0.001579813960854533,0.005481524555595822
0.9647276123507154,0.003227411895364345,0.032044975753920235
0.8009504075329585,0.010200321300586223,0.18884927116645522
0.8146670076310417,0.014422770094930943,0.17091022227402716
0.8660729913514327,0.020805306028853745,0.11312170261971354
0.8321454133021693,0.010707920704891549,0.15714666599293922
0.9154525650381288,0.009044200055912187,0.07550323490595914
0.9621110917063667,0.0014603545370053504,0.03642855375662796
0.8707129625240025,0.014031237619780739,0.11525579985621681
0.7227315317165122,0.034628198147010035,0.2426402701364779
0.8352714614399458,0.020653312255889494,0.14407522630416467
0.6839760009598791,0.04798592978283564,0.2680380692572851
0.8301739414142811,0.006768965840718498,0.16305709274500027
0.9065168046521672,0.006337914369590627,0.08714528097824206
0.8391414659861537,0.020310255164017226,0.140548278849829
0.8380685819940454,0.015372384557522703,0.14655903344843185
0.7020666973546571,0.038533898855880065,0.2593994037894628
0.8641407983899293,0.004103011161821295,0.13175619044824935
0.9690492729141509,0.0007941003603552159,0.03015662672549392
0.7991615252568826,0.016527160601871496,0.184311314141246
0.8768862252013012,0.011307450201638534,0.11180632459706036
0.925789953484814,0.003434941345277096,0.07077510516990894
0.7079320112136491,0.032518775211301094,0.2595492135750498
0.8523306972729983,0.018561900061711153,0.12910740266529064
0.8337052408386955,0.013430199866145692,0.15286455929515883
0.8582972064844495,0.007765928031834461,0.13393686548371594
0.6980266692783124,0.04228227103146451,0.25969105969022316
0.7123599336145726,0.05057299321556473,0.23706707316986264
0.7209339104692241,0.04480064151481922,0.23426544801595678
0.8478755154534163,0.011806714988519668,0.14031776955806388
0.7977033632750328,0.017446114954056523,0.18485052177091077
0.8000545498901473,0.025127645812470064,0.17481780429738253
0.9915345204977916,0.0004984817343766701,0.007966997767831734
0.794311702924094,0.01696666283701102,0.18872163423889507
0.8209446368948661,0.005821450554935395,0.17323391255019838
0.7464767393556262,0.025647807887539797,0.22787545275683393
0.9085050339844025,0.012304393371767907,0.07919057264382938
0.9126109517582818,0.005153924061299243,0.08223512418041906
0.7465729808480082,0.05095425222488922,0.20247276692710256
0.8778253473187961,0.012118486544538211,0.11005616613666552
0.9370558514150165,4.4264187022041125e-05,0.06289988439796142
0.9444084873780182,0.0012805029297726543,0.05431100969220928
0.978387118439503,4.235416755997021e-05,0.021570527392936974
0.9246237552968265,0.0014287055565681977,0.07394753914660515
0.8436341470856417,0.003816209906650532,0.15254964300770785
0.9027250666868362,0.0019380224123729428,0.09533691090079092
0.8368848111145355,0.005618326231927002,0.15749686265353743
0.9344486799053122,2.520529746592262e-05,0.06552611479722191
0.9457729639558247,0.0002253047745098425,0.054001731269665385
0.9063860539475869,0.0014875761345997012,0.09212636991781344
0.8693181059364337,0.004098131163421132,0.12658376290014514
0.7887042512260735,0.0128936084195371,0.19840214035438944
0.7581070644904001,0.01675413148158206,0.22513880402801784
0.9777802607881129,0.00014621972028777705,0.022073519491599424
0.7357722119536048,0.0523957797965683,0.21183200824982698
0.8604489833169779,0.015008869515438495,0.12454214716758352
0.955643162082964,0.0010423982018236638,0.04331443971521229
0.845913408255,0.0037004349393406004,0.15038615680565928
0.851408277205885,0.01438202104105772,0.1342097017530574
0.8633142317991067,0.0034638523489589545,0.13322191585193424
0.6969426949681565,0.058109702581689175,0.24494760245015418
0.840251627617466,0.005130724057183898,0.15461764832535005
0.8137547007168882,0.0040837072448263925,0.18216159203828536
0.8147287659887529,0.0024628046169097176,0.18280842939433745
0.8717700762432705,0.0032402487047807024,0.12498967505194886
0.8359966816238287,0.005417910519750699,0.1585854078564207
0.862427270422425,0.01265870523020221,0.12491402434737278
0.9955217271881541,2.226706744088238e-06,0.004476046105101733
0.8501748806823629,0.0012032458737508962,0.14862187344388614
0.7746998181470302,0.017616213514597925,0.20768396833837197
0.7646952765172845,0.03000757560883409,0.2052971478738814
0.9623274797020067,0.0007567009553663128,0.03691581934262684
0.9497567821911151,8.966212201976045e-05,0.050153555686865116
0.8673992495242289,0.013969942462198836,0.11863080801357229
0.884140258916007,0.00010893637791209688,0.11575080470608085
0.9314991655199365,0.0019752935950521715,0.06652554088501125
0.973452723361601,0.00017693266008545687,0.026370343978313553
0.9126604008430093,0.0019125739611457117,0.08542702519584507
0.8749489840086927,0.003261393204471784,0.12178962278683551
0.8877603165175927,0.0019901220977905187,0.11024956138461674
0.8565851835305082,0.005735175051579405,0.13767964141791245
0.9421363899395584,4.387359359059462e-05,0.05781973646685108
0.9349880662996631,0.00023153780319623037,0.06478039589714078
0.9483724491320304,0.0011426360900054788,0.05048491477796398
0.9304971444825931,0.0019409469117934609,0.06756190860561344
0.8134105778276564,0.012580425312410713,0.1740089968599328
0.8470103414962301,0.008476217212734937,0.14451344129103497
0.9750168900942303,0.00021402941955893045,0.024769080486210883
0.6398780941934822,0.06084035172699483,0.29928155407952295
0.8011864789981281,0.021769228805264138,0.17704429219660778
0.909006642486904,0.0038271584461166486,0.08716619906697942
0.8729045024434688,0.003508102846521867,0.12358739471000925
0.9201368178424738,0.006943357301039496,0.07291982485648661
0.927451485904901,0.0018346451866846083,0.07071386890841437
0.7134290822214124,0.050230539575454446,0.23634037820313308
0.8609688453568938,0.0048073973967254725,0.13422375724638072
0.8811209967279773,0.005534754833699093,0.11334424843832364
0.8808173669103352,0.004169259089372427,0.11501337400029246
0.933305102824648,0.0015126905264542876,0.0651822066488976
0.9012859610339732,0.0035959809944850203,0.09511805797154164
0.7942074837447672,0.011894022329665162,0.19389849392556766
0.9945902846765922,9.545191319558299e-06,0.005400170132088284
0.9162685215529012,0.0008138529634173664,0.08291762548368159
0.8159790901598206,0.011135998434612254,0.17288491140556725
0.7835682719557079,0.026409568689789647,0.1900221593545023
0.9700408006071539,0.0004959832628896979,0.029463216129956366
0.939823048993242,0.00010346720725356299,0.06007348379950454
0.9139390129180984,0.0021061281324757713,0.08395485894942581
0.799315002971389,0.015352546129646389,0.18533245089896463
0.8905979801712964,0.006098242014166219,0.10330377781453734
0.7572194051826203,0.024934752157009805,0.2178458426603698
0.8725643200876778,0.019129675456433202,0.10830600445588892
0.8585094032275747,0.01920165899588041,0.1222889377765448
0.8676222650590386,0.021611272864679964,0.11076646207628138
0.9581142930347999,0.0006983498506998067,0.04118735711450026
0.8802428885669799,0.006396844990149334,0.11336026644287087
0.9115655595954235,0.011715805587305051,0.07671863481727151
0.8309083795550355,0.027237444280506923,0.1418541761644576
0.8536992769882187,0.024956977055835283,0.12134374595594595
0.8966108569322596,0.005921206059586999,0.0974679370081533
0.8653628732832592,0.015183532129750365,0.11945359458699031
0.8532188856965578,0.017200053982720835,0.12958106032072153
0.8046420530122336,0.01847994034501136,0.1768780066427549
0.8777431505944442,0.01824969273781843,0.10400715666773723
0.8874618917124,0.014377467272657471,0.09816064101494257
0.8305409184855006,0.03285773138686747,0.13660135012763186
0.83562179245611,0.026799118507439705,0.1375790890364501
0.8188902296078827,0.017916863836462585,0.16319290655565474
0.8691511173006855,0.02109419943501814,0.10975468326429627
0.8543384605292963,0.01694417367223521,0.12871736579846857
0.8726991333705029,0.010355372802406022,0.11694549382709132
0.8363071201089424,0.02646782436371361,0.13722505552734413
0.853880548872045,0.014309526774629528,0.1318099243533255
0.8283259329677152,0.02650468613611481,0.14516938089617007
0.9710912808304535,0.0016531554255235577,0.027255563744022993
0.8785414378713391,0.013155952964200458,0.10830260916446047
0.9291875657916387,0.004904827418958496,0.0659076067894027
0.8934132555717994,0.014270920535758558,0.09231582389244207
0.9679149607472541,0.0076884723451638185,0.024396566907581924
0.8868549158815647,0.004108902838698837,0.10903618127973648
0.8897145685707075,0.008022962745186374,0.10226246868410613
0.9392114895779256,0.005245032138844714,0.05554347828322959
0.8533131535082542,0.014999364036075635,0.13168748245567025
0.8138027080374176,0.01336868714889837,0.17282860481368387
0.8200461116573489,0.017576804139945227,0.16237708420270588
0.8062860178801328,0.014131627531067312,0.17958235458879998
0.7415358372598632,0.04954300688193311,0.20892115585820378
0.8302351865970002,0.017724579547836315,0.1520402338551634
0.8906689315808103,0.018677614412241056,0.09065345400694862
0.9058624433627731,0.003258265081550509,0.09087929155567648
0.8766752068672911,0.0020726724544516254,0.12125212067825747
0.9323878126822654,0.00010526044646741625,0.06750692687126725
0.9614746721115559,0.0011920458886102465,0.03733328199983378
0.8731776922976514,0.000173632580155979,0.12664867512219252
0.879480250270321,0.0008719952877708497,0.11964775444190817
0.9503379895169,0.00040421847531515846,0.04925779200778481
0.8130509573857533,0.01600519533157269,0.17094384728267403
0.9318008742796787,0.0015135960338144077,0.0666855296865068
0.9348381455593703,0.0015659260255329605,0.0635959284150967
0.9141882770534464,4.341007255044883e-05,0.08576831287400323
0.8068952264618487,0.012791025170336744,0.18031374836781452
0.8317728408135582,0.021632299256101863,0.14659485993033985
0.8250645927894593,0.023611446501539686,0.1513239607090011
0.9312690993199743,0.001555763561363893,0.0671751371186619
0.8919877068338405,0.005103061414409628,0.10290923175174996
0.8116005922188088,0.0028300791729253603,0.18556932860826575
0.9601184548968841,0.011302847092783905,0.028578698010332068
0.8500207394064427,0.012099968563446039,0.13787929203011118
0.9057685017334782,0.00013958193444062975,0.0940919163320813
0.8681300161098603,0.001047329473192682,0.13082265441694704
0.9379537921356407,0.0077660018564652935,0.05428020600789393
0.8028937046098885,0.024628843177021034,0.17247745221309047
0.8348055514123818,0.021215773233611342,0.14397867535400694
0.7459022636502456,0.038795750201423014,0.2153019861483314
0.9035331731805387,0.009321923884867859,0.08714490293459344
0.850850968085493,0.02921373720043296,0.11993529471407409
0.9147920958549113,0.00869794044892105,0.07650996369616778
0.9441753120379848,0.0029015701411468403,0.05292311782086854
0.7509469074349373,0.042245976338268716,0.20680711622679393
0.8960818397544457,0.023591038337659746,0.08032712190789451
0.8517199989630341,0.010437942391763023,0.13784205864520296
0.9505352342073049,0.0017609449967352767,0.047703820795959785
0.9117498793118652,0.004580313504288053,0.0836698071838468
0.8500187121691495,0.013721215577564182,0.13626007225328646
0.9240475327841967,0.003045839123905,0.07290662809189828
0.8115414996627136,0.01720503870695137,0.17125346163033486
0.9596060136258013,0.0008899166256925831,0.03950406974850618
0.8877094431247841,0.015488332027809228,0.09680222484740658
0.8727502502179633,0.013375959984669807,0.11387378979736697
0.899399420041332,0.003869560613363733,0.09673101934530437
0.9096385978148409,0.002359693225719226,0.08800170895943998
0.9141102210367598,0.008189164188790964,0.07770061477444935
0.8552215816816761,0.024206453923161834,0.12057196439516206
0.8651160511263764,0.021105902369068636,0.1137780465045549
0.8936115042612267,0.004139663901327643,0.10224883183744571
0.8472271348595736,0.02474013232357013,0.12803273281685634
0.891632419352008,0.007946288400944548,0.1004212922470474
0.9505430066395224,0.008161153631872278,0.04129583972860548
0.906220929256324,0.007941725355909325,0.08583734538776663
0.9459180881832869,0.0018494610949395102,0.052232450721773675
0.9230773438749358,0.006135437819189835,0.07078721830587446
0.9811435538469138,0.0021783373190368176,0.01667810883404948
0.7700994514891016,0.031700325402198505,0.19820022310869978
0.8964422415833216,0.011127602041969553,0.09243015637470883
0.9696187188281201,0.0008756333646532264,0.029505647807226764
0.9541225748518346,0.0036351204447472455,0.04224230470341813
0.9674612820129964,0.0010299522737087137,0.03150876571329492
0.974372373256436,0.0005914940341435484,0.02503613270942041
0.8702934101650366,0.009347858058037329,0.12035873177692606
0.970375927728171,0.0017855160910952143,0.027838556180733713
0.9463007477664876,0.0010470583702964031,0.05265219386321587
0.976270280781562,0.00030645486423651975,0.023423264354201542
0.9790722352952378,4.543404283458226e-05,0.02088233066192754
0.793603325380134,0.01008023382640639,0.19631644079345972
0.9704871371859191,0.00022260145746434408,0.02929026135661667
0.9449235701360962,0.0015171417294966712,0.053559288134407114
0.9042237205394656,0.002298037624428821,0.09347824183610551
0.9677580358587354,0.0010855127345971924,0.031156451406667427
0.9607528074573389,0.0007600806820608271,0.03848711186060034
0.9395307589371239,0.000918252143408651,0.059550988919467536
0.9633371339926555,0.0001270031406120293,0.036535862866732494
0.969596866005775,0.0008728327605764045,0.02953030123364847
0.9331538476488335,0.0041175370061295544,0.06272861534503703
0.9295877455982436,0.004332107363000706,0.06608014703875566
0.9394709869881993,0.0007573539300728804,0.059771659081727865
0.9605714133525339,0.0009744995505558144,0.03845408709691035
0.9700526976994642,0.0006030634173445187,0.02934423888319127
0.8526354635499805,0.044675314248646895,0.10268922220137242
0.9681783883121108,0.0007482606536803025,0.031073351034208874
0.9874828196605647,1.9210002581855147e-05,0.012497970336853466
0.9794291199189518,0.00017355302221208282,0.020397327058836203
0.9943736623847713,0.00018402337193817116,0.005442314243290411
0.8741939045233186,0.009404332478425662,0.11640176299825575
0.8248668789923999,0.031621234914609636,0.1435118860929904
0.7303562996894082,0.05987703965051536,0.20976666066007651
0.845685302147569,0.0259314563401599,0.1283832415122711
0.9022602087490854,0.009395831685779366,0.0883439595651353
0.7933236725582039,0.03675340173428031,0.16992292570751594
0.8089187904161927,0.0420218217990336,0.1490593877847738
0.8505555843888879,0.02424887447938339,0.1251955411317287
0.910908200740789,0.0061085779565915,0.0829832213026194
0.8673782684658811,0.00577183999036389,0.12684989154375526
0.8310320547392122,0.029569796698777948,0.13939814856200977
0.9027043961027362,0.0034172775967167297,0.09387832630054715
0.7841642951519219,0.018477855582170213,0.19735784926590788
0.926977569570479,0.00310153779146319,0.06992089263805773
0.798998193153811,0.03562314467689715,0.16537866216929176
0.8770735923365146,0.022283396005439292,0.10064301165804591
0.9078300678306397,0.008064170243033965,0.08410576192632623
0.881647468356505,0.0024107855314027572,0.11594174611209222
0.8429285913560998,0.027333097686164386,0.12973831095773597
0.8268370113731675,0.023260304944086582,0.1499026836827459
0.8566542052551229,0.016133765638509233,0.12721202910636795
0.9009939710138549,0.010257628681657095,0.08874840030448808
0.7896444619610391,0.034160168733350225,0.17619536930561056
0.8234440651122238,0.028322195304271713,0.14823373958350447
0.9586408344782773,0.008710823137644862,0.03264834238407778
0.8043355104448734,0.03108237575690824,0.16458211379821847
0.9099739648091997,0.004758902944092816,0.08526713224670737
0.8959123245756115,0.011165443419368808,0.09292223200501948
0.9424506484731934,0.019037434796298932,0.03851191673050777
0.804617188675347,0.030369959879022045,0.16501285144563077
0.7748236421454886,0.05107285290630019,0.1741035049482111
0.6539121977738774,0.06028005525579129,0.28580774697033134
0.7947339884374519,0.015835080036581295,0.18943093152596677
0.8766706116740959,0.014034008795746799,0.10929537953015729
0.776804956738075,0.0512355144479599,0.171959528813965
0.7552319280958044,0.035969525262297346,0.20879854664189812
0.7397870149360047,0.026457580612114645,0.2337554044518805
0.8289768331528959,0.00693475051578122,0.1640884163313228
0.9416227024868726,0.003173245604007107,0.05520405190912039
0.8617395839109211,0.005348793897674995,0.132911622191404
0.8614030758984887,0.009132486461240073,0.12946443764027124
0.9405644639935621,0.0016213527778745887,0.05781418322856334
0.6581847927229494,0.05709233796566841,0.2847228693113822
0.8046755604060536,0.031654496701017595,0.1636699428929288
0.8287875813095553,0.01724827639718667,0.15396414229325792
0.8927244363511416,0.0032925340039267805,0.10398302964493163
0.6430336644077954,0.062157616962283724,0.2948087186299207
0.7508399799588787,0.03410067418449427,0.21505934585662692
0.7762976756146355,0.022347105070677067,0.20135521931468744
0.8185779697373462,0.020789575997223638,0.16063245426543002
0.7542759352697086,0.03715400699396698,0.20857005773632448
0.7546577350603471,0.04181908393979783,0.2035231809998551
0.9890418731201326,0.0007279056133127569,0.010230221266554564
0.6844355489546607,0.05660017614367171,0.25896427490166773
0.7967788314683902,0.009569821942605354,0.19365134658900432
0.7505378312832317,0.02268583652995929,0.22677633218680898
0.8283380156850609,0.056946061157525985,0.11471592315741323
0.880685239260085,0.012008226705908375,0.10730653403400665
0.8003424422416238,0.04145818679770099,0.15819937096067524
0.8629682643949066,0.017782090274348832,0.11924964533074459
0.789379590533214,0.034332880815646324,0.17628752865113975
0.7849670487425169,0.06379765521453805,0.15123529604294503
0.8460024355700823,0.03101132195101913,0.12298624247889849
0.8836728824681053,0.009033054801318885,0.10729406273057578
0.8570084509707686,0.00924097635266442,0.13375057267656695
0.9120795861021457,0.012356071444116141,0.07556434245373825
0.8758793858459236,0.0037003867885047805,0.12042022736557154
0.8461397085601935,0.017505999901039074,0.13635429153876735
0.9558241410001679,0.0013653808511076941,0.04281047814872444
0.7452771298136888,0.05820527294780989,0.19651759723850126
0.8723370596686668,0.028785467592656683,0.09887747273867645
0.9082021152009614,0.008861422775757492,0.0829364620232811
0.8713039182196746,0.0023719633394212554,0.126324118440904
0.7962567697265166,0.0442663482405368,0.15947688203294655
0.8045517222302988,0.03134459869905383,0.1641036790706474
0.8277417164410447,0.021394590219807885,0.1508636933391474
0.900750184748291,0.011764423880455703,0.08748539137125319
0.7682746317396253,0.05109807727079578,0.1806272909895788
0.7817019843736991,0.03672166406431963,0.18157635156198124
0.983106458661972,0.0030960949043694116,0.013797446433658584
0.7548223248918747,0.048421635153244394,0.1967560399548808
0.8783499312119462,0.009101261366642638,0.11254880742141112
0.8626643845780138,0.019040088333140012,0.11829552708884628
0.9098140570236216,0.035569032627327406,0.054616910349051105
0.8000088347027448,0.028789170063596017,0.17120199523365912
0.7986041199155951,0.014099365556328463,0.18729651452807647
0.8937811445581422,0.010538767310354788,0.09568008813150286
0.803763952276363,0.04050190294650936,0.15573414477712755
0.7815977187734784,0.029622908560110812,0.18877937266641082
0.7106212647931491,0.03671542398333698,0.25266331122351376
0.8500287827889745,0.0057051937439256545,0.14426602346709974
0.9535524188130438,0.002117278604235845,0.04433030258272054
0.8415803436547583,0.008327373267829195,0.15009228307741249
0.8713983426305977,0.009913749653726907,0.11868790771567528
0.9299504091181097,0.002647608122830052,0.0674019827590602
0.6793738663397231,0.05333978905285649,0.26728634460742046
0.818415598963767,0.02763798353534325,0.15394641750088967
0.8290216917611206,0.01800613568499821,0.15297217255388113
0.8874848074664714,0.004543026946906792,0.10797216558662162
0.6352892436238388,0.06264953352992375,0.30206122284623743
0.7358168780119885,0.04121507487940433,0.2229680471086072
0.7611167024668706,0.029735216505724964,0.20914808102740456
0.8205781970529246,0.01939470789074788,0.16002709505632756
0.7800815781948092,0.029727115848841686,0.19019130595634914
0.7594405609292522,0.04046095042412828,0.20009848864661958
0.9893869720659849,0.0006869070599076522,0.009926120874107405
0.7223966714334722,0.0446216817683931,0.2329816467981347
0.800184129648629,0.008606383207681525,0.19120948714368957
0.7313638482748428,0.024901364915762385,0.24373478680939478
0.8475053939159801,0.04312941553080503,0.10936519055321492
0.8976690523715026,0.00905270077722485,0.09327824685127231
0.8799271925341825,0.011285462410020458,0.10878734505579715
0.8511894091129033,0.021126168447273597,0.1276844224398231
0.8995527448042027,0.0026710933325386622,0.09777616186325862
0.8698349347324623,0.0013588636279013233,0.12880620163963638
0.9031689913497308,0.00013477894887052632,0.09669622970139878
0.9743826988195962,0.000362341326172696,0.025254959854231093
0.9356886372884341,8.492168216750798e-05,0.06422644102939844
0.9387779589721877,0.0005009879785454755,0.06072105304926671
0.9718775894125041,6.720967078835002e-05,0.028055200916707657
0.779575829909669,0.019395536845698797,0.20102863324463235
0.9285079006115206,0.0012038430231901005,0.07028825636528928
0.9311484191421474,0.0007488961754864577,0.06810268468236617
0.9585286300486741,1.957008377966652e-05,0.04145179986754631
0.7981820296127028,0.013915954845951818,0.18790201554134542
0.8355614369625752,0.013009476848635137,0.1514290861887898
0.8326736486377334,0.012647130963070494,0.1546792203991962
0.9272013676418237,0.0009006150535751821,0.07189801730460103
0.8517657155275078,0.005678417673441281,0.14255586679905094
0.8672951204199494,0.0031322169039365213,0.1295726626761141
0.9855612128561702,0.0018877127813182878,0.012551074362511773
0.8035773986954987,0.015728763940712712,0.18069383736378847
0.8546022294616236,0.0002295084529933017,0.1451682620853833
0.8546093971222967,0.001144474022025667,0.14424612885567756
0.8986043709818116,0.013881039331185646,0.08751458968700268
0.8586282352369721,0.0159839755079537,0.12538778925507435
0.8286777639635673,0.04311828528245761,0.12820395075397503
0.8199438310105107,0.015636943516522516,0.16441922547296672
0.9404213810073967,0.00120985645535487,0.05836876253724838
0.8927859022095502,0.0017490413739140284,0.10546505641653563
0.8791547320264236,0.008190565542594482,0.11265470243098202
0.9282192194603966,0.00042866893452588706,0.07135211160507755
0.909123079083117,0.003947974661329393,0.08692894625555367
0.9783400474481739,0.00015301683693506884,0.021506935714890887
0.853235496376265,0.020623554912329704,0.12614094871140535
0.8624983513304939,0.011616994301509807,0.1258846543679961
0.8630047161891804,0.004790640875395944,0.13220464293542356
0.9123752810990798,0.0003094839015641753,0.08731523499935594
0.8922074948835356,0.010693305482308397,0.09709919963415616
0.8318200584457991,0.02384207011145651,0.14433787144274438
0.8412175004167869,0.019625457384055918,0.1391570421991573
0.8559223850172115,0.005779353343680661,0.13829826163910786
0.8080096094909952,0.02625704542195376,0.16573334508705098
0.8834692227608939,0.004599085253736967,0.11193169198536913
0.9600548399696156,0.009418689665870127,0.03052647036451422
0.8463591926589231,0.018199065378201287,0.13544174196287567
0.9341888913661088,0.0007095380637568973,0.0651015705701342
0.9268858297601326,0.0025862240205159776,0.07052794621935127
0.9629537372297536,0.005882055556724994,0.031164207213521432
0.6476173363827867,0.06075795367057417,0.29162470994663897
0.7840371767275054,0.0363203992408863,0.17964242403160827
0.8660251107595333,0.00772955927682611,0.1262453299636408
0.801515213709229,0.007297797604375047,0.19118698868639603
0.9372491718075153,0.004764882469264759,0.05798594572322014
0.9282507569268277,0.0021118473651279704,0.06963739570804438
0.9097679882468621,0.008511607156196404,0.08172040459694144
0.9766325181422798,0.0003318881891169618,0.02303559366860316
0.7229874978316928,0.05729758478159163,0.21971491738671556
0.822324980069143,0.030919680822343365,0.1467553391085138
0.8587990055240854,0.011203049611279112,0.12999794486463553
0.9115785880162245,0.001419859358145719,0.0870015526256298
0.7735847985115376,0.041628022525452744,0.18478717896300978
0.7480441902359195,0.03558993803687333,0.21636587172720714
0.7834139749007689,0.025371297105745354,0.19121472799348566
0.8495234985946151,0.014577946853526482,0.13589855455185842
0.7041661810452947,0.05237412971857347,0.24345968923613182
0.8620325135822552,0.023636668553939002,0.11433081786380583
0.986929690408997,0.0016196399922549422,0.011450669598748098
0.7184503207076647,0.05168472021550984,0.22986495907682553
0.8630353857781546,0.006084670624125758,0.13087994359771962
0.847755279710912,0.014526858353828435,0.13771786193525942
0.8981675576138376,0.03352670055193834,0.06830574183422396
0.8144147492957513,0.0364615073296699,0.14912374337457882
0.8157247678768266,0.017073459810648367,0.1672017723125249
0.8324579126697451,0.007082990056873925,0.16045909727338117
0.8956325661144309,0.005888108730843025,0.0984793251547263
0.9219409532007715,0.0031205084704751065,0.07493853832875344
0.9139223545508268,0.005006171760266885,0.0810714736889063
0.9649878791721395,0.0008600271263465798,0.03415209370151387
0.7910304354550809,0.02750465475791822,0.18146490978700083
0.6975096946709305,0.05482906182232162,0.2476612435067478
0.7012426010734104,0.04346114562532426,0.2552962533012654
0.8974426927849104,0.0040258068445243106,0.0985315003705653
0.7683179265998311,0.03202411237652157,0.19965796102364738
0.79866314418227,0.02080943831421603,0.18052741750351384
0.8329449874901459,0.011190293424829242,0.15586471908502478
0.6854634793113998,0.051907176650069435,0.2626293440385306
0.7555872615954643,0.03263494015199542,0.21177779825254023
0.8543890088814006,0.019338657782309508,0.12627233333628984
0.9826195642624702,0.0006164478908325915,0.016763987846697095
0.7408262824211727,0.04301973126574188,0.21615398631308552
0.8808426254191022,0.0045128047877596115,0.11464456979313828
0.8449167708495406,0.01046006382739262,0.1446231653230667
0.9073953609244669,0.027216302278820523,0.0653883367967126
0.8259129456064916,0.011442406306194574,0.16264464808731388
0.8769680748621231,0.0024141464921338803,0.12061777864574312
0.9689685637295492,0.0005981702949939105,0.03043326597545689
0.8053912497083778,0.013920368615160758,0.18068838167646137
0.9042055652450659,0.004607748617429014,0.09118668613750511
0.8841486836253821,0.006612259312719664,0.10923905706189826
0.7746254339569376,0.015677389551263018,0.20969717649179928
0.8467109990925694,0.01841166612885111,0.13487733477857944
0.7997089513827778,0.023915351604357572,0.1763756970128647
0.8582891323014524,0.009467093705986824,0.13224377399256074
0.7148993488401457,0.03425747127203606,0.2508431798878181
0.799062071101832,0.017736007189483066,0.1832019217086849
0.8086748471387556,0.011489843579179725,0.1798353092820646
0.8118401231698236,0.021601511569649158,0.1665583652605273
0.8474454923874358,0.007258095267992094,0.14529641234457205
0.7977768605116204,0.022947613745081537,0.17927552574329803
0.9942179431160277,0.0001037555550312145,0.0056783013289411835
0.7962017324507328,0.013933586204977907,0.18986468134428924
0.8280033938132946,0.004400285322941675,0.16759632086376375
0.7729098109239552,0.016192985524003167,0.21089720355204158
0.8939423560637272,0.014859732094515021,0.09119791184175775
0.9423276273720645,0.0009027782440376177,0.05676959438389782
0.955733798052096,0.0007325221224389302,0.043533679825465015
0.8321493394131804,0.014571208599005262,0.15327945198781426
0.8340592110853112,0.02794970056213067,0.13799108835255816
0.978364558005163,0.00010035410754657238,0.02153508788729055
0.8098317766833008,0.010606149484821897,0.17956207383187742
0.8141032369639783,0.02246647696369253,0.163430286072329
0.8900347922070494,0.0013695435687758,0.10859566422417492
0.791204076459559,0.0192852328087298,0.18951069073171126
0.8439290203213512,0.006262037006065157,0.14980894267258377
0.8288385504067486,0.003839245328947383,0.16732220426430391
0.8502433870395377,0.002025700496700709,0.14773091246376155
0.880489544525979,0.0019844007272210844,0.11752605474680002
0.7279667296513447,0.025799951019192104,0.2462333193294633
0.8450728270711293,0.020569341999854922,0.13435783092901582
0.9939219381294595,5.506735028196267e-06,0.006072555135512261
0.8072881638109999,0.004056960130993007,0.18865487605800718
0.71126378634151,0.04894582917775049,0.23979038448073947
0.7582027721804655,0.03686669293072678,0.2049305348888077
0.9451983877032332,0.0023731702094434174,0.05242844208732338
0.900696515937069,0.0007102764873759017,0.0985932075755551
0.9718175360698008,0.00040907420271757726,0.027773389727481654
0.9266475930322748,0.004729229604383731,0.06862317736334136
0.8806063122912344,0.003013597117270577,0.11638009059149501
0.9476213205091315,0.00289457795360492,0.04948410153726365
0.9307138336457662,0.004650291584300846,0.06463587476993297
0.9288772653053767,0.002208843610089635,0.06891389108453361
0.9623513887989574,0.0005316065474298277,0.037117004653612534
0.9491339381813938,0.0024366418724389083,0.04842941994616732
0.9574531138509982,0.0016068899850169367,0.04093999616398479
0.9662820372718097,0.0008345418275316452,0.032883420900658517
0.9237442977316971,0.0030752546350357748,0.07318044763326703
0.9247602638278367,0.004219472047402985,0.07102026412476031
0.9405612311579454,0.00487827419115128,0.054560494650903485
0.9182646394401224,0.008842942865842985,0.07289241769403479
0.9265679593627039,0.00463781257244649,0.06879422806484965
0.9730771457969626,0.00038448077694648114,0.026538373426090858
0.9718952713941018,0.0007376653350232616,0.02736706327087485
0.983290098469314,0.0023333093803988947,0.01437659215028714
0.8867898005290196,0.0061702082669191725,0.10703999120406117
0.7819918574270698,0.031356276148602466,0.18665186642432785
0.9145533224702713,0.003896091812997683,0.08155058571673098
0.8595947245410838,0.005978183058101438,0.13442709240081482
0.9088686817479917,0.010540286662656419,0.0805910315893518
0.9192677311382895,0.0022693379642847703,0.07846293089742565
0.6986214276919561,0.053472787646655716,0.2479057846613883
0.8461561146045802,0.007303532370678015,0.14654035302474192
0.8695960280195368,0.007113779670637212,0.12329019230982578
0.8700112785827016,0.005075467308218035,0.12491325410908044
0.9255071973586848,0.002055834753413375,0.07243696788790166
0.8894877051957871,0.006500242008089692,0.10401205279612304
0.7734020532927032,0.01889716389914582,0.20770078280815096
0.993939922035146,1.4924501490614492e-05,0.006045153463363355
0.9069090763061415,0.0015333797476640364,0.09155754394619445
0.7961935030979265,0.01881087099397675,0.18499562590809684
0.760815461031798,0.036965066001838284,0.2022194729663637
0.9658133116716272,0.0009858077955207975,0.03320088053285189
0.9335333246198049,0.00019397896637073276,0.06627269641382443
0.9204451889778034,0.0027830656559332165,0.07677174536626333
0.8507216656082195,0.014442330378298064,0.1348360040134825
0.9042784919123426,0.013806453829588108,0.08191505425806937
0.948407119531447,0.001415727744335179,0.05017715272421786
0.8138411908375,0.0249413535069516,0.1612174556555485
0.8678202282816838,0.009586190989720881,0.12259358072859536
0.8805159852265748,0.00977315855529519,0.10971085621812987
0.8887247418713352,0.006903976975890644,0.10437128115277415
0.9438952784187502,0.0016572989143013753,0.05444742266694837
0.8597711747454537,0.021027942204525547,0.11920088305002081
0.7885004204986699,0.03188000006853792,0.17961957943279228
0.9837052777000591,0.0002176043313911317,0.01607711796854967
0.8943171479553831,0.00418935422543684,0.1014934978191801
0.8350575385871273,0.027034016788999853,0.1379084446238728
0.7946411079076829,0.036415256877995336,0.1689436352143218
0.9698722331894704,0.002328325159973212,0.027799441650556443
0.917059832689002,0.001994026938058346,0.08094614037293958
0.9516964839875497,0.0008619847773314067,0.04744153123511888
0.9737379121855246,0.0009187747523536367,0.025343313062121762
0.9609705705040039,0.001608122039675228,0.03742130745632093
0.9428889833821579,0.0022985680756417845,0.05481244854220031
0.9313778044137685,0.0023536410322897118,0.06626855455394177
0.9600678905214125,0.0011799855365101275,0.03875212394207741
0.9618178872667833,0.0007992434765305672,0.0373828692566861
0.9642860361371995,0.0013095489135402554,0.03440441494926034
0.9721245762269163,0.0003093101140131783,0.027566113659070527
0.9003935784976034,0.004517574960413195,0.09508884654198346
0.973651435444233,0.0007244199857120967,0.025624144570054803
0.9583914067397331,0.0006893893942468257,0.04091920386602014
0.9602834584322318,0.0002200965887666701,0.03949644497900143
0.94744599441529,0.0010354270072698052,0.051518578577440216
0.982192494292453,0.0007075722837986162,0.01709993342374833
0.9789979492308348,0.00011575022653942296,0.02088630054262576
0.8180204180699399,0.02848090446304542,0.15349867746701487
0.8626136458936239,0.009315128710024491,0.12807122539635152
0.8941544643110313,0.0033511284781597393,0.10249440721080898
0.6762458389826553,0.054643507496024465,0.2691106535213202
0.7331556045559244,0.039643109046255114,0.22720128639782047
0.7582433974419789,0.02883963597097142,0.21291696658704967
0.8539761930918066,0.011496874889616428,0.13452693201857696
0.7197664129204336,0.04875491626065871,0.2314786708189076
0.7626689357470007,0.040577151459326104,0.19675391279367332
0.9893628528024669,0.0007749445454423896,0.009862202652090786
0.7059406210499315,0.04707340899810283,0.24698596995196567
0.7796189673184108,0.01285108940903623,0.20752994327255292
0.7431921813193084,0.02852029629405346,0.2282875223866381
0.8552049143919825,0.03963340680418193,0.10516167880383552
0.8620260680359366,0.01710101880273126,0.12087291316133218
0.7735960941551907,0.032306968809408074,0.19409693703540112
0.880365363254707,0.014616476134427686,0.10501816061086525
0.8094556905059167,0.02926981380649316,0.16127449568759
0.8207554168332208,0.02170868170206254,0.15753590146471672
0.8531248719094919,0.011845053551097804,0.13503007453941032
0.757411112022329,0.038162298947453564,0.20442658903021738
0.7581022299290171,0.043669998801669815,0.19822777126931304
0.8423489129477041,0.027834761007861832,0.12981632604443416
0.9879927512433166,0.00022215051730299523,0.011785098239380272
0.8082051785982948,0.029267997987186933,0.16252682341451832
0.8681487208869071,0.013820575077217451,0.11803070403587558
0.8241871257892049,0.02456380925714322,0.1512490649536518
0.9423139863761723,0.016003150511476254,0.04168286311235146
0.8721798940617191,0.00690346361053033,0.12091664232775066
0.8928577194744769,0.0030045186974245177,0.10413776182809865
0.8280906969607454,0.018063760674491294,0.15384554236476328
0.8196427361236379,0.014139379405332182,0.16621788447102986
0.839193358750783,0.00791239153978665,0.15289424970943036
0.641554421033659,0.061139316369149044,0.2973062625971919
0.8382504305255288,0.008683574965723551,0.1530659945087476
0.9097611417661241,0.007058967626642979,0.08317989060723291
0.9873423094050648,0.0004268505810665842,0.01223084001386869
0.809795279372807,0.017644967781390648,0.17255975284580236
0.924643492658432,0.0008648235037492484,0.07449168383781873
0.8930169163075674,0.0037162754021211886,0.1032668082903113
0.9386791271874415,0.010051872849591718,0.05126899996296675
0.8745410221603107,0.0037187959155602266,0.1217401819241291
0.8901138377250697,0.004230078616496529,0.10565608365843385
0.8541914459646128,0.0034369331345105096,0.1423716209008768
0.8648332390746609,0.0020275199709661727,0.1331392409543729
0.899864043320655,0.0029249357423511073,0.09721102093699409
0.8679380156244973,0.0057271493802494074,0.12633483499525328
0.825066702621397,0.01389302320594673,0.1610402741726562
0.9922402317863721,6.557965498446817e-06,0.007753210248129526
0.8967510630726477,0.0011176720376270934,0.10213126488972517
0.8315697206061134,0.018105680504419897,0.15032459888946678
0.823368042832684,0.027683278175647766,0.14894867899166805
0.9766695872506576,0.0006267093003834718,0.022703703448958928
0.9183881584815246,0.0001191127073171209,0.08149272881115847
0.7478735855226636,0.036803116784787496,0.21532329769254888
0.7733363419923116,0.02514681881896736,0.20151683918872107
0.8187725181512384,0.02039668293602215,0.1608307989127395
0.7746061008751627,0.0316874229405391,0.19370647618429818
0.7527924693419806,0.042679046891885675,0.20452848376613364
0.9891997714051498,0.0006314249368005869,0.010168803658049652
0.7091236820766789,0.04949048193526951,0.2413858359880517
0.7956393110773592,0.009410188810571688,0.19495050011206905
0.7289622334075698,0.024389814588214934,0.24664795200421516
0.8357578800170478,0.05007487891602778,0.11416724106692447
0.8959148505750695,0.009109493133591046,0.0949756562913395
0.652095748223164,0.06074173979543317,0.2871625119814028
0.813379419170021,0.012788730199423073,0.17383185063055592
0.7508195703894625,0.02787748049517432,0.22130294911536325
0.8540923406059627,0.01650442290235358,0.12940323649168375
0.9833375768842469,0.0018360494848383973,0.014826373630914734
0.7607849755041485,0.02117562415065529,0.2180394003451962
0.8660087295828588,0.0034397346280675405,0.1305515357890737
0.801121945819349,0.016729014078794523,0.1821490401018565
0.9312820801728771,0.010918881521495396,0.057799038305627604
0.842855948324289,0.020896450196926698,0.13624760147878434
0.8417279570514037,0.006693892669162185,0.15157815027943422
0.7838563291189878,0.018346383705000743,0.1977972871760113
0.8722480118680418,0.00962045344030167,0.11813153469165658
0.9841982030912307,0.0018565594709060592,0.013945237437863273
0.7829353913855874,0.012249093154934169,0.20481551545947843
0.8764605510316064,0.0018096062350046402,0.12172984273338898
0.8164004817390456,0.011187905954679715,0.17241161230627464
0.942422314722274,0.005631913482789685,0.05194577179493632
0.8501115017207196,0.01810535966209519,0.1317831386171852
0.827269983048444,0.011592227981935776,0.16113778896962028
0.9009308850058314,0.009024760664403426,0.09004435432976511
0.9865747910000875,0.0004062782680154607,0.013018930731896989
0.797761555427258,0.02375264964584586,0.17848579492689604
0.9173028723010649,0.0012593651608539887,0.08143776253808126
0.8844507331991777,0.004293166995443563,0.11125609980537876
0.9307243253070784,0.0145637201051305,0.05471195458779111
0.8681050198702258,0.004414058591537365,0.1274809215382367
0.8191863494493791,0.03180989041190265,0.14900376013871816
0.9878521637869268,0.00042240066535598523,0.011725435547717421
0.7340594037858063,0.03259957887967616,0.23334101733451745
0.8013909376282051,0.01887128124577657,0.17973778112601815
0.7820045287003352,0.030077732696354893,0.1879177386033098
0.9103489243486271,0.018811992290228955,0.07083908336114388
0.823992693317375,0.01757426464440082,0.15843304203822417
0.9903967962228474,0.000241447506508453,0.009361756270644053
0.8169888817265138,0.02726617555829004,0.15574494271519615
0.7664559962916582,0.03204042902716154,0.20150357468118035
0.7401144388788042,0.045247985434325476,0.2146375756868702
0.8987899012836115,0.028705045777262697,0.07250505293912582
0.8904150257829064,0.002966494277399914,0.10661847993969353
0.9800686593362496,0.0009653234710301498,0.018966017192720185
0.9940181157510439,3.03419386210151e-06,0.005978850055093969
0.9901922848940322,3.0185718016714698e-05,0.009777529387951267
0.9962696868787868,0.0003228902798620606,0.0034074228413510043
0.9297438199550062,0.012779311611712313,0.05747686843328143
0.8270759609105213,0.004699965728112143,0.16822407336136652
0.817866581349775,0.010512240695378554,0.17162117795484638
0.8190605544650439,0.06514784624020903,0.11579159929474715
0.8471972115232028,0.016540216192978435,0.13626257228381866
0.692336088669352,0.04738765312477043,0.2602762582058776
0.9153761783317466,0.004405754440870771,0.08021806722738263
0.9391383038529688,0.0003130064899469416,0.06054868965708428
0.9118299458086571,0.008300363349817853,0.07986969084152507
0.9329650309851439,0.0013843954036383077,0.0656505736112178
0.9443550657340116,0.005488922455034519,0.05015601181095376
