household_id_1,household_id_2,link_type,timestep
41,8,2.0,0
41,40,2.0,0
41,37,2.0,0
41,19,2.0,0
41,43,2.0,0
41,27,2.0,0
41,46,2.0,0
41,44,2.0,0
41,32,2.0,0
41,38,2.0,0
41,35,2.0,0
41,45,2.0,0
12,49,2.0,0
12,14,2.0,0
12,30,2.0,0
12,16,2.0,0
12,50,2.0,0
12,15,2.0,0
12,35,2.0,0
12,23,2.0,0
8,40,2.0,0
8,4,1.0,0
8,34,2.0,0
8,20,2.0,0
8,13,2.0,0
8,38,2.0,0
8,35,2.0,0
8,23,2.0,0
8,26,2.0,0
40,5,2.0,0
40,20,2.0,0
40,27,2.0,0
40,16,2.0,0
40,28,2.0,0
40,46,2.0,0
40,7,2.0,0
40,32,2.0,0
4,30,2.0,0
4,28,2.0,0
4,23,2.0,0
4,3,2.0,0
4,2,2.0,0
17,49,2.0,0
17,14,2.0,0
17,16,2.0,0
17,9,2.0,0
17,13,2.0,0
17,10,2.0,0
17,7,2.0,0
17,3,2.0,0
17,2,2.0,0
5,37,2.0,0
5,49,2.0,0
5,19,2.0,0
5,7,2.0,0
5,22,1.0,0
37,39,2.0,0
37,28,2.0,0
37,9,2.0,0
37,11,2.0,0
37,10,2.0,0
37,32,2.0,0
37,6,2.0,0
37,23,2.0,0
37,2,2.0,0
34,49,2.0,0
34,19,1.0,0
34,33,2.0,0
34,9,2.0,0
34,48,2.0,0
34,21,2.0,0
34,7,1.0,0
34,26,2.0,0
49,20,2.0,0
49,27,2.0,0
49,30,2.0,0
49,24,2.0,0
49,9,2.0,0
49,48,2.0,0
49,13,2.0,0
49,46,2.0,0
49,50,1.0,0
49,10,1.0,0
49,7,2.0,0
49,32,2.0,0
49,35,2.0,0
49,45,2.0,0
1,25,2.0,0
1,39,2.0,0
1,11,2.0,0
19,33,2.0,0
19,47,2.0,0
19,18,1.0,0
19,36,1.0,0
19,9,2.0,0
19,50,2.0,0
19,32,2.0,0
19,42,2.0,0
20,18,1.0,0
20,27,2.0,0
20,16,2.0,0
20,21,2.0,0
20,15,2.0,0
20,23,2.0,0
20,26,2.0,0
33,43,2.0,0
33,25,2.0,0
33,36,1.0,0
33,28,2.0,0
33,31,2.0,0
33,26,2.0,0
43,18,2.0,0
43,48,2.0,0
43,32,2.0,0
43,26,2.0,0
47,25,2.0,0
47,27,2.0,0
47,11,2.0,0
47,46,1.0,0
47,50,1.0,0
47,42,2.0,0
18,10,2.0,0
18,7,2.0,0
18,38,2.0,0
18,22,2.0,0
25,39,2.0,0
25,30,2.0,0
25,24,2.0,0
25,28,2.0,0
25,15,2.0,0
25,38,1.0,0
25,22,2.0,0
25,26,2.0,0
39,29,1.0,0
39,3,2.0,0
27,29,2.0,0
27,28,2.0,0
27,11,2.0,0
27,46,2.0,0
27,50,2.0,0
27,38,1.0,0
27,35,2.0,0
27,23,1.0,0
29,11,2.0,0
29,15,1.0,0
29,6,2.0,0
29,35,2.0,0
29,23,2.0,0
29,42,2.0,0
14,24,2.0,0
14,36,2.0,0
14,11,2.0,0
30,36,1.0,0
30,31,2.0,0
30,15,2.0,0
30,32,2.0,0
30,6,2.0,0
30,35,2.0,0
16,36,2.0,0
16,9,1.0,0
16,11,2.0,0
16,48,2.0,0
16,50,2.0,0
16,7,2.0,0
16,15,2.0,0
16,6,2.0,0
16,23,2.0,0
16,3,2.0,0
16,45,2.0,0
24,28,2.0,0
24,48,2.0,0
24,6,2.0,0
24,2,2.0,0
36,46,2.0,0
36,10,2.0,0
36,23,2.0,0
28,9,2.0,0
28,11,2.0,0
28,3,2.0,0
9,13,1.0,0
9,50,1.0,0
9,31,2.0,0
9,32,2.0,0
9,6,2.0,0
9,35,2.0,0
9,42,1.0,0
9,26,2.0,0
11,48,2.0,0
11,31,2.0,0
11,21,2.0,0
11,26,2.0,0
48,46,2.0,0
48,44,2.0,0
13,10,2.0,0
13,7,2.0,0
13,15,2.0,0
13,3,2.0,0
13,42,2.0,0
46,32,2.0,0
46,42,2.0,0
50,3,2.0,0
50,45,2.0,0
50,42,2.0,0
10,42,2.0,0
31,7,2.0,0
31,22,2.0,0
31,23,2.0,0
31,2,1.0,0
21,2,1.0,0
7,6,2.0,0
7,35,2.0,0
7,3,2.0,0
7,2,2.0,0
44,6,2.0,0
44,45,1.0,0
44,26,2.0,0
15,22,2.0,0
15,3,2.0,0
32,38,2.0,0
32,6,2.0,0
38,6,2.0,0
38,45,2.0,0
6,42,2.0,0
35,22,2.0,0
35,2,2.0,0
35,26,2.0,0
23,2,2.0,0
3,2,2.0,0
3,26,2.0,0
45,2,2.0,0
45,26,2.0,0
41,8,2.0,1
41,40,2.0,1
41,37,2.0,1
41,19,2.0,1
41,43,2.0,1
41,27,2.0,1
41,46,2.0,1
41,44,2.0,1
41,32,2.0,1
41,35,2.0,1
41,45,2.0,1
12,4,2.0,1
12,49,2.0,1
12,14,2.0,1
12,30,2.0,1
12,16,2.0,1
12,15,2.0,1
12,35,2.0,1
12,23,2.0,1
8,40,2.0,1
8,4,1.0,1
8,34,2.0,1
8,20,2.0,1
8,13,2.0,1
8,35,2.0,1
8,23,2.0,1
8,26,2.0,1
40,5,2.0,1
40,20,2.0,1
40,27,2.0,1
40,16,2.0,1
40,46,2.0,1
40,7,2.0,1
40,32,2.0,1
4,30,2.0,1
4,10,2.0,1
4,23,2.0,1
4,3,2.0,1
4,2,2.0,1
17,49,2.0,1
17,14,2.0,1
17,16,2.0,1
17,9,2.0,1
17,13,2.0,1
17,10,2.0,1
17,7,2.0,1
17,3,2.0,1
17,2,2.0,1
5,37,2.0,1
5,49,2.0,1
5,19,2.0,1
5,7,2.0,1
5,22,1.0,1
37,39,2.0,1
37,9,2.0,1
37,11,2.0,1
37,10,2.0,1
37,32,2.0,1
37,6,2.0,1
37,23,2.0,1
37,2,2.0,1
34,49,2.0,1
34,19,1.0,1
34,33,2.0,1
34,9,2.0,1
34,48,2.0,1
34,21,2.0,1
34,7,1.0,1
34,26,2.0,1
49,20,2.0,1
49,27,2.0,1
49,30,2.0,1
49,24,2.0,1
49,9,2.0,1
49,48,2.0,1
49,13,2.0,1
49,46,2.0,1
49,50,1.0,1
49,10,1.0,1
49,7,2.0,1
49,32,2.0,1
49,35,2.0,1
49,45,2.0,1
1,25,2.0,1
1,39,2.0,1
1,11,2.0,1
19,33,2.0,1
19,47,2.0,1
19,18,1.0,1
19,36,1.0,1
19,9,2.0,1
19,32,2.0,1
20,33,2.0,1
20,18,1.0,1
20,27,2.0,1
20,16,2.0,1
20,21,2.0,1
20,15,2.0,1
20,23,2.0,1
20,26,2.0,1
33,43,2.0,1
33,25,2.0,1
33,36,1.0,1
33,31,2.0,1
33,26,2.0,1
43,18,2.0,1
43,48,2.0,1
43,32,2.0,1
43,26,2.0,1
47,25,2.0,1
47,27,2.0,1
47,11,2.0,1
47,46,1.0,1
47,50,1.0,1
18,10,2.0,1
18,7,2.0,1
18,22,2.0,1
25,39,2.0,1
25,30,2.0,1
25,24,2.0,1
25,15,2.0,1
25,38,1.0,1
25,22,2.0,1
25,26,2.0,1
39,29,1.0,1
39,3,2.0,1
27,29,2.0,1
27,11,2.0,1
27,46,2.0,1
27,38,1.0,1
27,35,2.0,1
27,23,1.0,1
29,11,2.0,1
29,15,1.0,1
29,6,2.0,1
29,35,2.0,1
29,23,2.0,1
14,24,2.0,1
14,36,2.0,1
14,11,2.0,1
30,36,1.0,1
30,31,2.0,1
30,15,2.0,1
30,32,2.0,1
30,6,2.0,1
30,35,2.0,1
16,36,2.0,1
16,9,1.0,1
16,11,2.0,1
16,48,2.0,1
16,13,2.0,1
16,7,2.0,1
16,15,2.0,1
16,6,2.0,1
16,23,2.0,1
16,3,2.0,1
16,45,2.0,1
24,48,2.0,1
24,6,2.0,1
24,2,2.0,1
36,46,2.0,1
36,10,2.0,1
36,23,2.0,1
9,13,1.0,1
9,50,1.0,1
9,31,2.0,1
9,32,2.0,1
9,6,2.0,1
9,35,2.0,1
9,42,1.0,1
9,26,2.0,1
11,48,2.0,1
11,31,2.0,1
11,21,2.0,1
11,26,2.0,1
48,46,2.0,1
48,44,2.0,1
13,10,2.0,1
13,7,2.0,1
13,15,2.0,1
13,3,2.0,1
46,32,2.0,1
31,7,2.0,1
31,22,2.0,1
31,23,2.0,1
31,2,1.0,1
21,2,1.0,1
7,6,2.0,1
7,35,2.0,1
7,3,2.0,1
7,2,2.0,1
44,6,2.0,1
44,45,1.0,1
44,26,2.0,1
15,22,2.0,1
15,3,2.0,1
32,6,2.0,1
35,22,2.0,1
35,2,2.0,1
35,26,2.0,1
23,2,2.0,1
3,2,2.0,1
3,26,2.0,1
45,2,2.0,1
45,26,2.0,1
41,8,2.0,2
41,40,2.0,2
41,37,2.0,2
41,19,2.0,2
41,43,2.0,2
41,46,2.0,2
41,44,2.0,2
41,32,2.0,2
41,35,2.0,2
41,45,2.0,2
12,4,2.0,2
12,49,2.0,2
12,20,2.0,2
12,14,2.0,2
12,16,2.0,2
12,15,2.0,2
12,35,2.0,2
12,23,2.0,2
8,40,2.0,2
8,4,1.0,2
8,34,2.0,2
8,20,2.0,2
8,13,2.0,2
8,35,2.0,2
8,23,2.0,2
8,26,2.0,2
40,5,2.0,2
40,20,2.0,2
40,16,2.0,2
40,46,2.0,2
40,7,2.0,2
40,32,2.0,2
40,23,2.0,2
4,10,2.0,2
4,23,2.0,2
4,3,2.0,2
4,2,2.0,2
17,49,2.0,2
17,14,2.0,2
17,16,2.0,2
17,9,2.0,2
17,13,2.0,2
17,10,2.0,2
17,7,2.0,2
17,3,2.0,2
17,2,2.0,2
5,37,2.0,2
5,49,2.0,2
5,19,2.0,2
5,7,2.0,2
5,22,1.0,2
37,39,2.0,2
37,9,2.0,2
37,11,2.0,2
37,10,2.0,2
37,32,2.0,2
37,6,2.0,2
37,23,2.0,2
37,2,2.0,2
34,49,2.0,2
34,19,1.0,2
34,33,2.0,2
34,9,2.0,2
34,48,2.0,2
34,21,2.0,2
34,7,1.0,2
34,26,2.0,2
49,20,2.0,2
49,24,2.0,2
49,9,2.0,2
49,48,2.0,2
49,13,2.0,2
49,46,2.0,2
49,50,1.0,2
49,10,1.0,2
49,7,2.0,2
49,32,2.0,2
49,35,2.0,2
49,45,2.0,2
1,25,2.0,2
1,39,2.0,2
1,11,2.0,2
19,33,2.0,2
19,47,2.0,2
19,18,1.0,2
19,25,2.0,2
19,36,1.0,2
19,9,2.0,2
19,32,2.0,2
20,33,2.0,2
20,18,1.0,2
20,16,2.0,2
20,10,2.0,2
20,21,2.0,2
20,15,2.0,2
20,23,2.0,2
20,26,2.0,2
33,43,2.0,2
33,25,2.0,2
33,36,1.0,2
33,31,2.0,2
33,26,2.0,2
43,18,2.0,2
43,48,2.0,2
43,32,2.0,2
43,26,2.0,2
47,25,2.0,2
47,11,2.0,2
47,46,1.0,2
47,50,1.0,2
18,10,2.0,2
18,7,2.0,2
18,22,2.0,2
25,39,2.0,2
25,24,2.0,2
25,15,2.0,2
25,38,1.0,2
25,22,2.0,2
25,26,2.0,2
39,29,1.0,2
39,3,2.0,2
27,38,1.0,2
27,23,1.0,2
29,36,2.0,2
29,11,2.0,2
29,15,1.0,2
29,6,2.0,2
29,35,2.0,2
29,23,2.0,2
14,24,2.0,2
14,36,2.0,2
14,11,2.0,2
30,36,1.0,2
16,36,2.0,2
16,9,1.0,2
16,11,2.0,2
16,48,2.0,2
16,13,2.0,2
16,7,2.0,2
16,15,2.0,2
16,6,2.0,2
16,23,2.0,2
16,3,2.0,2
16,45,2.0,2
24,48,2.0,2
24,6,2.0,2
24,2,2.0,2
36,46,2.0,2
36,10,2.0,2
36,23,2.0,2
9,13,1.0,2
9,50,1.0,2
9,31,2.0,2
9,32,2.0,2
9,6,2.0,2
9,35,2.0,2
9,42,1.0,2
9,26,2.0,2
11,48,2.0,2
11,31,2.0,2
11,21,2.0,2
11,26,2.0,2
48,46,2.0,2
48,44,2.0,2
13,10,2.0,2
13,7,2.0,2
13,15,2.0,2
13,3,2.0,2
46,32,2.0,2
31,7,2.0,2
31,22,2.0,2
31,23,2.0,2
31,2,1.0,2
21,2,1.0,2
7,6,2.0,2
7,35,2.0,2
7,3,2.0,2
7,2,2.0,2
44,6,2.0,2
44,45,1.0,2
44,26,2.0,2
15,22,2.0,2
15,3,2.0,2
15,26,2.0,2
32,6,2.0,2
35,22,2.0,2
35,2,2.0,2
35,26,2.0,2
23,2,2.0,2
3,2,2.0,2
3,26,2.0,2
45,2,2.0,2
45,26,2.0,2
41,8,2.0,3
41,40,2.0,3
41,37,2.0,3
41,19,2.0,3
41,43,2.0,3
41,18,2.0,3
41,46,2.0,3
41,44,2.0,3
41,32,2.0,3
41,35,2.0,3
41,45,2.0,3
12,4,2.0,3
12,49,2.0,3
12,20,2.0,3
12,14,2.0,3
12,16,2.0,3
12,15,2.0,3
12,35,2.0,3
12,23,2.0,3
8,40,2.0,3
8,4,1.0,3
8,5,2.0,3
8,34,2.0,3
8,20,2.0,3
8,13,2.0,3
8,35,2.0,3
8,23,2.0,3
8,26,2.0,3
40,5,2.0,3
40,20,2.0,3
40,16,2.0,3
40,46,2.0,3
40,7,2.0,3
40,32,2.0,3
40,23,2.0,3
4,10,2.0,3
4,23,2.0,3
4,3,2.0,3
4,2,2.0,3
17,49,2.0,3
17,14,2.0,3
17,16,2.0,3
17,9,2.0,3
17,13,2.0,3
17,10,2.0,3
17,7,2.0,3
17,3,2.0,3
17,2,2.0,3
5,37,2.0,3
5,49,2.0,3
5,19,2.0,3
5,7,2.0,3
5,22,1.0,3
37,39,2.0,3
37,9,2.0,3
37,11,2.0,3
37,10,2.0,3
37,32,2.0,3
37,6,2.0,3
37,23,2.0,3
37,2,2.0,3
34,49,2.0,3
34,19,1.0,3
34,33,2.0,3
34,9,2.0,3
34,48,2.0,3
34,21,2.0,3
34,7,1.0,3
34,26,2.0,3
49,20,2.0,3
49,24,2.0,3
49,9,2.0,3
49,48,2.0,3
49,13,2.0,3
49,46,2.0,3
49,50,1.0,3
49,10,1.0,3
49,7,2.0,3
49,32,2.0,3
49,35,2.0,3
49,45,2.0,3
1,25,2.0,3
1,39,2.0,3
1,11,2.0,3
19,33,2.0,3
19,47,2.0,3
19,18,1.0,3
19,25,2.0,3
19,36,1.0,3
19,9,2.0,3
19,32,2.0,3
20,33,2.0,3
20,18,1.0,3
20,16,2.0,3
20,11,2.0,3
20,10,2.0,3
20,21,2.0,3
20,15,2.0,3
20,23,2.0,3
20,26,2.0,3
33,43,2.0,3
33,25,2.0,3
33,36,1.0,3
33,31,2.0,3
33,26,2.0,3
43,18,2.0,3
43,9,2.0,3
43,48,2.0,3
43,32,2.0,3
43,26,2.0,3
47,25,2.0,3
47,11,2.0,3
47,46,1.0,3
47,50,1.0,3
18,10,2.0,3
18,7,2.0,3
18,22,2.0,3
25,39,2.0,3
25,24,2.0,3
25,15,2.0,3
25,38,1.0,3
25,22,2.0,3
25,26,2.0,3
39,29,1.0,3
39,3,2.0,3
27,38,1.0,3
27,23,1.0,3
29,36,2.0,3
29,11,2.0,3
29,15,1.0,3
29,6,2.0,3
29,35,2.0,3
29,23,2.0,3
14,24,2.0,3
14,36,2.0,3
14,11,2.0,3
14,31,2.0,3
30,36,1.0,3
16,36,2.0,3
16,9,1.0,3
16,11,2.0,3
16,48,2.0,3
16,13,2.0,3
16,7,2.0,3
16,15,2.0,3
16,6,2.0,3
16,23,2.0,3
16,3,2.0,3
16,45,2.0,3
24,48,2.0,3
24,6,2.0,3
24,2,2.0,3
36,46,2.0,3
36,10,2.0,3
36,23,2.0,3
9,13,1.0,3
9,50,1.0,3
9,31,2.0,3
9,32,2.0,3
9,6,2.0,3
9,35,2.0,3
9,42,1.0,3
9,26,2.0,3
11,48,2.0,3
11,31,2.0,3
11,21,2.0,3
11,26,2.0,3
48,46,2.0,3
48,44,2.0,3
13,10,2.0,3
13,7,2.0,3
13,15,2.0,3
13,3,2.0,3
46,32,2.0,3
31,7,2.0,3
31,22,2.0,3
31,23,2.0,3
31,2,1.0,3
21,2,1.0,3
7,6,2.0,3
7,35,2.0,3
7,3,2.0,3
7,2,2.0,3
44,6,2.0,3
44,45,1.0,3
44,26,2.0,3
15,22,2.0,3
15,3,2.0,3
15,26,2.0,3
32,6,2.0,3
35,22,2.0,3
35,2,2.0,3
35,26,2.0,3
23,2,2.0,3
3,2,2.0,3
3,26,2.0,3
45,2,2.0,3
45,26,2.0,3
41,8,2.0,4
41,40,2.0,4
41,37,2.0,4
41,19,2.0,4
41,43,2.0,4
41,18,2.0,4
41,46,2.0,4
41,44,2.0,4
41,32,2.0,4
41,35,2.0,4
41,45,2.0,4
12,4,2.0,4
12,49,2.0,4
12,20,2.0,4
12,14,2.0,4
12,16,2.0,4
12,10,2.0,4
12,15,2.0,4
12,35,2.0,4
12,23,2.0,4
8,40,2.0,4
8,4,1.0,4
8,5,2.0,4
8,34,2.0,4
8,20,2.0,4
8,13,2.0,4
8,35,2.0,4
8,23,2.0,4
8,26,2.0,4
40,5,2.0,4
40,20,2.0,4
40,16,2.0,4
40,46,2.0,4
40,7,2.0,4
40,32,2.0,4
40,23,2.0,4
4,20,2.0,4
4,10,2.0,4
4,23,2.0,4
4,3,2.0,4
4,2,2.0,4
17,49,2.0,4
17,14,2.0,4
17,16,2.0,4
17,9,2.0,4
17,13,2.0,4
17,10,2.0,4
17,7,2.0,4
17,3,2.0,4
17,2,2.0,4
5,37,2.0,4
5,49,2.0,4
5,19,2.0,4
5,7,2.0,4
5,22,1.0,4
37,39,2.0,4
37,9,2.0,4
37,11,2.0,4
37,10,2.0,4
37,32,2.0,4
37,6,2.0,4
37,23,2.0,4
37,2,2.0,4
34,49,2.0,4
34,19,1.0,4
34,33,2.0,4
34,9,2.0,4
34,48,2.0,4
34,13,2.0,4
34,21,2.0,4
34,7,1.0,4
34,26,2.0,4
49,20,2.0,4
49,24,2.0,4
49,9,2.0,4
49,48,2.0,4
49,13,2.0,4
49,46,2.0,4
49,50,1.0,4
49,10,1.0,4
49,7,2.0,4
49,32,2.0,4
49,35,2.0,4
49,45,2.0,4
1,25,2.0,4
1,39,2.0,4
1,11,2.0,4
19,33,2.0,4
19,47,2.0,4
19,18,1.0,4
19,25,2.0,4
19,36,1.0,4
19,9,2.0,4
19,32,2.0,4
20,33,2.0,4
20,18,1.0,4
20,16,2.0,4
20,11,2.0,4
20,10,2.0,4
20,21,2.0,4
20,15,2.0,4
20,23,2.0,4
20,26,2.0,4
33,43,2.0,4
33,25,2.0,4
33,36,1.0,4
33,31,2.0,4
33,26,2.0,4
43,18,2.0,4
43,9,2.0,4
43,48,2.0,4
43,32,2.0,4
43,26,2.0,4
47,25,2.0,4
47,11,2.0,4
47,46,1.0,4
47,50,1.0,4
18,10,2.0,4
18,7,2.0,4
18,22,2.0,4
25,39,2.0,4
25,24,2.0,4
25,15,2.0,4
25,38,1.0,4
25,22,2.0,4
25,26,2.0,4
39,29,1.0,4
39,3,2.0,4
27,38,1.0,4
27,23,1.0,4
29,36,2.0,4
29,11,2.0,4
29,15,1.0,4
29,6,2.0,4
29,35,2.0,4
29,23,2.0,4
14,24,2.0,4
14,36,2.0,4
14,11,2.0,4
14,31,2.0,4
30,36,1.0,4
16,36,2.0,4
16,9,1.0,4
16,11,2.0,4
16,48,2.0,4
16,13,2.0,4
16,7,2.0,4
16,15,2.0,4
16,6,2.0,4
16,23,2.0,4
16,3,2.0,4
16,45,2.0,4
24,48,2.0,4
24,6,2.0,4
24,2,2.0,4
36,46,2.0,4
36,10,2.0,4
36,23,2.0,4
9,13,1.0,4
9,50,1.0,4
9,31,2.0,4
9,15,2.0,4
9,32,2.0,4
9,6,2.0,4
9,35,2.0,4
9,42,1.0,4
9,26,2.0,4
11,48,2.0,4
11,31,2.0,4
11,21,2.0,4
11,26,2.0,4
48,46,2.0,4
48,44,2.0,4
13,10,2.0,4
13,7,2.0,4
13,15,2.0,4
13,3,2.0,4
46,32,2.0,4
31,7,2.0,4
31,22,2.0,4
31,23,2.0,4
31,2,1.0,4
21,2,1.0,4
7,6,2.0,4
7,35,2.0,4
7,3,2.0,4
7,2,2.0,4
44,6,2.0,4
44,45,1.0,4
44,26,2.0,4
15,22,2.0,4
15,3,2.0,4
15,26,2.0,4
32,6,2.0,4
35,22,2.0,4
35,2,2.0,4
35,26,2.0,4
23,2,2.0,4
3,2,2.0,4
3,26,2.0,4
45,2,2.0,4
45,26,2.0,4
41,8,2.0,5
41,40,2.0,5
41,37,2.0,5
41,19,2.0,5
41,43,2.0,5
41,18,2.0,5
41,46,2.0,5
41,44,2.0,5
41,32,2.0,5
41,35,2.0,5
41,45,2.0,5
12,4,2.0,5
12,49,2.0,5
12,20,2.0,5
12,14,2.0,5
12,16,2.0,5
12,10,2.0,5
12,15,2.0,5
12,35,2.0,5
12,23,2.0,5
8,40,2.0,5
8,4,1.0,5
8,5,2.0,5
8,34,2.0,5
8,20,2.0,5
8,13,2.0,5
8,35,2.0,5
8,23,2.0,5
8,26,2.0,5
40,5,2.0,5
40,20,2.0,5
40,16,2.0,5
40,46,2.0,5
40,7,2.0,5
40,32,2.0,5
40,23,2.0,5
4,20,2.0,5
4,10,2.0,5
4,23,2.0,5
4,3,2.0,5
4,2,2.0,5
17,49,2.0,5
17,14,2.0,5
17,16,2.0,5
17,9,2.0,5
17,13,2.0,5
17,10,2.0,5
17,7,2.0,5
17,3,2.0,5
17,2,2.0,5
5,37,2.0,5
5,49,2.0,5
5,19,2.0,5
5,7,2.0,5
5,22,1.0,5
37,39,2.0,5
37,9,2.0,5
37,11,2.0,5
37,10,2.0,5
37,32,2.0,5
37,6,2.0,5
37,23,2.0,5
37,2,2.0,5
34,49,2.0,5
34,19,1.0,5
34,33,2.0,5
34,9,2.0,5
34,48,2.0,5
34,13,2.0,5
34,21,2.0,5
34,7,1.0,5
34,26,2.0,5
49,20,2.0,5
49,24,2.0,5
49,9,2.0,5
49,48,2.0,5
49,13,2.0,5
49,46,2.0,5
49,50,1.0,5
49,10,1.0,5
49,7,2.0,5
49,32,2.0,5
49,35,2.0,5
49,45,2.0,5
1,25,2.0,5
1,39,2.0,5
1,11,2.0,5
19,33,2.0,5
19,47,2.0,5
19,18,1.0,5
19,25,2.0,5
19,36,1.0,5
19,9,2.0,5
19,32,2.0,5
20,33,2.0,5
20,18,1.0,5
20,16,2.0,5
20,11,2.0,5
20,10,2.0,5
20,21,2.0,5
20,15,2.0,5
20,23,2.0,5
20,26,2.0,5
33,43,2.0,5
33,25,2.0,5
33,36,1.0,5
33,31,2.0,5
33,26,2.0,5
43,18,2.0,5
43,9,2.0,5
43,48,2.0,5
43,32,2.0,5
43,26,2.0,5
47,25,2.0,5
47,11,2.0,5
47,46,1.0,5
47,50,1.0,5
18,10,2.0,5
18,7,2.0,5
18,22,2.0,5
25,39,2.0,5
25,24,2.0,5
25,15,2.0,5
25,38,1.0,5
25,22,2.0,5
25,26,2.0,5
39,29,1.0,5
39,3,2.0,5
27,38,1.0,5
27,23,1.0,5
29,36,2.0,5
29,11,2.0,5
29,15,1.0,5
29,6,2.0,5
29,35,2.0,5
29,23,2.0,5
14,24,2.0,5
14,36,2.0,5
14,11,2.0,5
14,31,2.0,5
30,36,1.0,5
16,36,2.0,5
16,9,1.0,5
16,11,2.0,5
16,48,2.0,5
16,13,2.0,5
16,7,2.0,5
16,15,2.0,5
16,6,2.0,5
16,23,2.0,5
16,3,2.0,5
16,45,2.0,5
24,48,2.0,5
24,6,2.0,5
24,2,2.0,5
36,46,2.0,5
36,10,2.0,5
36,23,2.0,5
9,13,1.0,5
9,50,1.0,5
9,31,2.0,5
9,15,2.0,5
9,32,2.0,5
9,6,2.0,5
9,35,2.0,5
9,42,1.0,5
9,26,2.0,5
11,48,2.0,5
11,31,2.0,5
11,21,2.0,5
11,26,2.0,5
48,46,2.0,5
48,44,2.0,5
13,10,2.0,5
13,7,2.0,5
13,15,2.0,5
13,3,2.0,5
46,32,2.0,5
31,7,2.0,5
31,22,2.0,5
31,23,2.0,5
31,2,1.0,5
21,2,1.0,5
7,6,2.0,5
7,35,2.0,5
7,3,2.0,5
7,2,2.0,5
44,6,2.0,5
44,45,1.0,5
44,26,2.0,5
15,22,2.0,5
15,3,2.0,5
15,26,2.0,5
32,6,2.0,5
35,22,2.0,5
35,2,2.0,5
35,26,2.0,5
23,2,2.0,5
3,2,2.0,5
3,26,2.0,5
45,2,2.0,5
45,26,2.0,5
41,8,2.0,6
41,40,2.0,6
41,37,2.0,6
41,19,2.0,6
41,43,2.0,6
41,18,2.0,6
41,46,2.0,6
41,44,2.0,6
41,32,2.0,6
41,35,2.0,6
41,45,2.0,6
12,4,2.0,6
12,49,2.0,6
12,20,2.0,6
12,14,2.0,6
12,16,2.0,6
12,10,2.0,6
12,15,2.0,6
12,35,2.0,6
12,23,2.0,6
8,40,2.0,6
8,4,1.0,6
8,5,2.0,6
8,34,2.0,6
8,20,2.0,6
8,13,2.0,6
8,35,2.0,6
8,23,2.0,6
8,26,2.0,6
40,5,2.0,6
40,20,2.0,6
40,16,2.0,6
40,46,2.0,6
40,7,2.0,6
40,32,2.0,6
40,23,2.0,6
4,20,2.0,6
4,10,2.0,6
4,23,2.0,6
4,3,2.0,6
4,2,2.0,6
17,49,2.0,6
17,14,2.0,6
17,16,2.0,6
17,9,2.0,6
17,13,2.0,6
17,10,2.0,6
17,7,2.0,6
17,3,2.0,6
17,2,2.0,6
5,37,2.0,6
5,49,2.0,6
5,19,2.0,6
5,7,2.0,6
5,22,1.0,6
37,39,2.0,6
37,9,2.0,6
37,11,2.0,6
37,10,2.0,6
37,32,2.0,6
37,6,2.0,6
37,23,2.0,6
37,2,2.0,6
34,49,2.0,6
34,19,1.0,6
34,33,2.0,6
34,9,2.0,6
34,48,2.0,6
34,13,2.0,6
34,21,2.0,6
34,7,1.0,6
34,26,2.0,6
49,20,2.0,6
49,24,2.0,6
49,9,2.0,6
49,48,2.0,6
49,13,2.0,6
49,46,2.0,6
49,50,1.0,6
49,10,1.0,6
49,7,2.0,6
49,32,2.0,6
49,35,2.0,6
49,45,2.0,6
1,25,2.0,6
1,39,2.0,6
1,11,2.0,6
19,33,2.0,6
19,47,2.0,6
19,18,1.0,6
19,25,2.0,6
19,36,1.0,6
19,9,2.0,6
19,32,2.0,6
20,33,2.0,6
20,18,1.0,6
20,16,2.0,6
20,11,2.0,6
20,10,2.0,6
20,21,2.0,6
20,15,2.0,6
20,23,2.0,6
20,26,2.0,6
33,43,2.0,6
33,25,2.0,6
33,36,1.0,6
33,31,2.0,6
33,26,2.0,6
43,18,2.0,6
43,9,2.0,6
43,48,2.0,6
43,32,2.0,6
43,26,2.0,6
47,25,2.0,6
47,11,2.0,6
47,46,1.0,6
47,50,1.0,6
18,10,2.0,6
18,7,2.0,6
18,22,2.0,6
25,39,2.0,6
25,24,2.0,6
25,15,2.0,6
25,38,1.0,6
25,22,2.0,6
25,26,2.0,6
39,29,1.0,6
39,36,2.0,6
39,3,2.0,6
27,38,1.0,6
27,23,1.0,6
29,36,2.0,6
29,11,2.0,6
29,15,1.0,6
29,6,2.0,6
29,35,2.0,6
29,23,2.0,6
14,24,2.0,6
14,36,2.0,6
14,11,2.0,6
14,31,2.0,6
30,36,1.0,6
16,36,2.0,6
16,9,1.0,6
16,11,2.0,6
16,48,2.0,6
16,13,2.0,6
16,7,2.0,6
16,15,2.0,6
16,6,2.0,6
16,23,2.0,6
16,3,2.0,6
16,45,2.0,6
24,48,2.0,6
24,6,2.0,6
24,2,2.0,6
36,46,2.0,6
36,10,2.0,6
36,23,2.0,6
9,13,1.0,6
9,50,1.0,6
9,31,2.0,6
9,15,2.0,6
9,32,2.0,6
9,6,2.0,6
9,35,2.0,6
9,42,1.0,6
9,26,2.0,6
11,48,2.0,6
11,31,2.0,6
11,21,2.0,6
11,26,2.0,6
48,46,2.0,6
48,44,2.0,6
13,10,2.0,6
13,7,2.0,6
13,15,2.0,6
13,3,2.0,6
46,32,2.0,6
31,7,2.0,6
31,22,2.0,6
31,23,2.0,6
31,2,1.0,6
21,2,1.0,6
7,6,2.0,6
7,35,2.0,6
7,3,2.0,6
7,2,2.0,6
44,6,2.0,6
44,45,1.0,6
44,26,2.0,6
15,22,2.0,6
15,3,2.0,6
15,26,2.0,6
32,6,2.0,6
35,22,2.0,6
35,2,2.0,6
35,26,2.0,6
23,2,2.0,6
3,2,2.0,6
3,26,2.0,6
45,2,2.0,6
45,26,2.0,6
41,8,2.0,7
41,40,2.0,7
41,37,2.0,7
41,19,2.0,7
41,43,2.0,7
41,18,2.0,7
41,46,2.0,7
41,44,2.0,7
41,32,2.0,7
41,35,2.0,7
41,45,2.0,7
12,4,2.0,7
12,49,2.0,7
12,20,2.0,7
12,14,2.0,7
12,16,2.0,7
12,10,2.0,7
12,15,2.0,7
12,35,2.0,7
12,23,2.0,7
8,40,2.0,7
8,4,1.0,7
8,5,2.0,7
8,34,2.0,7
8,20,2.0,7
8,13,2.0,7
8,35,2.0,7
8,23,2.0,7
8,26,2.0,7
40,5,2.0,7
40,20,2.0,7
40,16,2.0,7
40,46,2.0,7
40,7,2.0,7
40,32,2.0,7
40,23,2.0,7
4,20,2.0,7
4,10,2.0,7
4,23,2.0,7
4,3,2.0,7
4,2,2.0,7
17,49,2.0,7
17,14,2.0,7
17,16,2.0,7
17,9,2.0,7
17,13,2.0,7
17,10,2.0,7
17,7,2.0,7
17,3,2.0,7
17,2,2.0,7
5,37,2.0,7
5,49,2.0,7
5,19,2.0,7
5,7,2.0,7
5,22,1.0,7
37,39,2.0,7
37,9,2.0,7
37,11,2.0,7
37,10,2.0,7
37,32,2.0,7
37,6,2.0,7
37,23,2.0,7
37,2,2.0,7
34,49,2.0,7
34,19,1.0,7
34,33,2.0,7
34,16,2.0,7
34,9,2.0,7
34,48,2.0,7
34,13,2.0,7
34,21,2.0,7
34,7,1.0,7
34,26,2.0,7
49,20,2.0,7
49,24,2.0,7
49,9,2.0,7
49,48,2.0,7
49,13,2.0,7
49,46,2.0,7
49,50,1.0,7
49,10,1.0,7
49,7,2.0,7
49,32,2.0,7
49,35,2.0,7
49,45,2.0,7
1,25,2.0,7
1,39,2.0,7
1,11,2.0,7
19,33,2.0,7
19,47,2.0,7
19,18,1.0,7
19,25,2.0,7
19,36,1.0,7
19,9,2.0,7
19,32,2.0,7
20,33,2.0,7
20,18,1.0,7
20,16,2.0,7
20,11,2.0,7
20,10,2.0,7
20,21,2.0,7
20,15,2.0,7
20,23,2.0,7
20,26,2.0,7
33,43,2.0,7
33,25,2.0,7
33,36,1.0,7
33,31,2.0,7
33,26,2.0,7
43,18,2.0,7
43,9,2.0,7
43,48,2.0,7
43,32,2.0,7
43,26,2.0,7
47,25,2.0,7
47,11,2.0,7
47,46,1.0,7
47,50,1.0,7
18,10,2.0,7
18,7,2.0,7
18,22,2.0,7
25,39,2.0,7
25,24,2.0,7
25,15,2.0,7
25,38,1.0,7
25,22,2.0,7
25,26,2.0,7
39,29,1.0,7
39,36,2.0,7
39,3,2.0,7
27,38,1.0,7
27,23,1.0,7
29,36,2.0,7
29,11,2.0,7
29,15,1.0,7
29,6,2.0,7
29,35,2.0,7
29,23,2.0,7
29,3,2.0,7
14,24,2.0,7
14,36,2.0,7
14,11,2.0,7
14,31,2.0,7
30,36,1.0,7
16,36,2.0,7
16,9,1.0,7
16,11,2.0,7
16,48,2.0,7
16,13,2.0,7
16,7,2.0,7
16,15,2.0,7
16,6,2.0,7
16,23,2.0,7
16,3,2.0,7
16,45,2.0,7
24,48,2.0,7
24,6,2.0,7
24,2,2.0,7
36,46,2.0,7
36,10,2.0,7
36,23,2.0,7
9,13,1.0,7
9,50,1.0,7
9,31,2.0,7
9,15,2.0,7
9,32,2.0,7
9,6,2.0,7
9,35,2.0,7
9,42,1.0,7
9,26,2.0,7
11,48,2.0,7
11,31,2.0,7
11,21,2.0,7
11,26,2.0,7
48,46,2.0,7
48,44,2.0,7
13,10,2.0,7
13,7,2.0,7
13,15,2.0,7
13,3,2.0,7
13,2,2.0,7
46,32,2.0,7
31,7,2.0,7
31,22,2.0,7
31,23,2.0,7
31,2,1.0,7
21,2,1.0,7
7,6,2.0,7
7,35,2.0,7
7,3,2.0,7
7,2,2.0,7
44,6,2.0,7
44,45,1.0,7
44,26,2.0,7
15,22,2.0,7
15,3,2.0,7
15,26,2.0,7
32,6,2.0,7
35,22,2.0,7
35,2,2.0,7
35,26,2.0,7
23,2,2.0,7
3,2,2.0,7
3,26,2.0,7
45,2,2.0,7
45,26,2.0,7
41,8,2.0,8
41,40,2.0,8
41,37,2.0,8
41,19,2.0,8
41,43,2.0,8
41,18,2.0,8
41,46,2.0,8
41,44,2.0,8
41,32,2.0,8
41,35,2.0,8
41,45,2.0,8
12,4,2.0,8
12,49,2.0,8
12,20,2.0,8
12,14,2.0,8
12,16,2.0,8
12,10,2.0,8
12,15,2.0,8
12,35,2.0,8
12,23,2.0,8
8,40,2.0,8
8,4,1.0,8
8,5,2.0,8
8,34,2.0,8
8,20,2.0,8
8,13,2.0,8
8,35,2.0,8
8,23,2.0,8
8,26,2.0,8
40,5,2.0,8
40,20,2.0,8
40,16,2.0,8
40,46,2.0,8
40,7,2.0,8
40,32,2.0,8
40,23,2.0,8
4,20,2.0,8
4,10,2.0,8
4,23,2.0,8
4,3,2.0,8
4,2,2.0,8
17,49,2.0,8
17,14,2.0,8
17,16,2.0,8
17,9,2.0,8
17,13,2.0,8
17,10,2.0,8
17,7,2.0,8
17,3,2.0,8
17,2,2.0,8
5,37,2.0,8
5,49,2.0,8
5,19,2.0,8
5,7,2.0,8
5,22,1.0,8
37,39,2.0,8
37,9,2.0,8
37,11,2.0,8
37,10,2.0,8
37,32,2.0,8
37,6,2.0,8
37,23,2.0,8
37,2,2.0,8
34,49,2.0,8
34,19,1.0,8
34,33,2.0,8
34,16,2.0,8
34,9,2.0,8
34,48,2.0,8
34,13,2.0,8
34,21,2.0,8
34,7,1.0,8
34,26,2.0,8
49,20,2.0,8
49,24,2.0,8
49,9,2.0,8
49,48,2.0,8
49,13,2.0,8
49,46,2.0,8
49,50,1.0,8
49,10,1.0,8
49,7,2.0,8
49,32,2.0,8
49,35,2.0,8
49,45,2.0,8
1,25,2.0,8
1,39,2.0,8
1,11,2.0,8
19,33,2.0,8
19,47,2.0,8
19,18,1.0,8
19,25,2.0,8
19,36,1.0,8
19,9,2.0,8
19,32,2.0,8
20,33,2.0,8
20,18,1.0,8
20,16,2.0,8
20,11,2.0,8
20,10,2.0,8
20,21,2.0,8
20,15,2.0,8
20,23,2.0,8
20,26,2.0,8
33,43,2.0,8
33,25,2.0,8
33,36,1.0,8
33,31,2.0,8
33,26,2.0,8
43,18,2.0,8
43,9,2.0,8
43,48,2.0,8
43,32,2.0,8
43,26,2.0,8
47,25,2.0,8
47,11,2.0,8
47,46,1.0,8
47,50,1.0,8
18,10,2.0,8
18,7,2.0,8
18,22,2.0,8
25,39,2.0,8
25,24,2.0,8
25,15,2.0,8
25,38,1.0,8
25,22,2.0,8
25,26,2.0,8
39,29,1.0,8
39,36,2.0,8
39,3,2.0,8
27,38,1.0,8
27,23,1.0,8
29,36,2.0,8
29,11,2.0,8
29,15,1.0,8
29,6,2.0,8
29,35,2.0,8
29,23,2.0,8
29,3,2.0,8
14,24,2.0,8
14,36,2.0,8
14,11,2.0,8
14,31,2.0,8
30,36,1.0,8
16,36,2.0,8
16,9,1.0,8
16,11,2.0,8
16,48,2.0,8
16,13,2.0,8
16,7,2.0,8
16,15,2.0,8
16,6,2.0,8
16,23,2.0,8
16,3,2.0,8
16,45,2.0,8
24,48,2.0,8
24,6,2.0,8
24,2,2.0,8
36,46,2.0,8
36,10,2.0,8
36,23,2.0,8
9,13,1.0,8
9,50,1.0,8
9,31,2.0,8
9,15,2.0,8
9,32,2.0,8
9,6,2.0,8
9,35,2.0,8
9,42,1.0,8
9,26,2.0,8
11,48,2.0,8
11,31,2.0,8
11,21,2.0,8
11,26,2.0,8
48,46,2.0,8
48,44,2.0,8
13,10,2.0,8
13,7,2.0,8
13,15,2.0,8
13,3,2.0,8
13,2,2.0,8
46,32,2.0,8
31,7,2.0,8
31,22,2.0,8
31,23,2.0,8
31,2,1.0,8
21,2,1.0,8
7,6,2.0,8
7,35,2.0,8
7,3,2.0,8
7,2,2.0,8
44,6,2.0,8
44,45,1.0,8
44,26,2.0,8
15,22,2.0,8
15,3,2.0,8
15,26,2.0,8
32,6,2.0,8
35,22,2.0,8
35,2,2.0,8
35,26,2.0,8
23,2,2.0,8
3,2,2.0,8
3,26,2.0,8
45,2,2.0,8
45,26,2.0,8
41,8,2.0,9
41,40,2.0,9
41,37,2.0,9
41,49,2.0,9
41,19,2.0,9
41,43,2.0,9
41,18,2.0,9
41,46,2.0,9
41,44,2.0,9
41,32,2.0,9
41,35,2.0,9
41,45,2.0,9
12,4,2.0,9
12,49,2.0,9
12,20,2.0,9
12,14,2.0,9
12,16,2.0,9
12,10,2.0,9
12,15,2.0,9
12,35,2.0,9
12,23,2.0,9
8,40,2.0,9
8,4,1.0,9
8,5,2.0,9
8,34,2.0,9
8,20,2.0,9
8,13,2.0,9
8,35,2.0,9
8,23,2.0,9
8,26,2.0,9
40,5,2.0,9
40,20,2.0,9
40,16,2.0,9
40,9,2.0,9
40,46,2.0,9
40,7,2.0,9
40,32,2.0,9
40,23,2.0,9
4,20,2.0,9
4,10,2.0,9
4,23,2.0,9
4,3,2.0,9
4,2,2.0,9
17,49,2.0,9
17,14,2.0,9
17,16,2.0,9
17,9,2.0,9
17,13,2.0,9
17,10,2.0,9
17,7,2.0,9
17,3,2.0,9
17,2,2.0,9
5,37,2.0,9
5,49,2.0,9
5,19,2.0,9
5,7,2.0,9
5,22,1.0,9
37,39,2.0,9
37,9,2.0,9
37,11,2.0,9
37,10,2.0,9
37,32,2.0,9
37,6,2.0,9
37,23,2.0,9
37,2,2.0,9
34,49,2.0,9
34,19,1.0,9
34,33,2.0,9
34,16,2.0,9
34,9,2.0,9
34,48,2.0,9
34,13,2.0,9
34,21,2.0,9
34,7,1.0,9
34,26,2.0,9
49,20,2.0,9
49,24,2.0,9
49,9,2.0,9
49,48,2.0,9
49,13,2.0,9
49,46,2.0,9
49,50,1.0,9
49,10,1.0,9
49,7,2.0,9
49,32,2.0,9
49,35,2.0,9
49,45,2.0,9
1,25,2.0,9
1,39,2.0,9
1,11,2.0,9
19,33,2.0,9
19,47,2.0,9
19,18,1.0,9
19,25,2.0,9
19,36,1.0,9
19,9,2.0,9
19,32,2.0,9
20,33,2.0,9
20,18,1.0,9
20,16,2.0,9
20,11,2.0,9
20,10,2.0,9
20,21,2.0,9
20,15,2.0,9
20,23,2.0,9
20,26,2.0,9
33,43,2.0,9
33,25,2.0,9
33,36,1.0,9
33,31,2.0,9
33,26,2.0,9
43,18,2.0,9
43,9,2.0,9
43,48,2.0,9
43,32,2.0,9
43,26,2.0,9
47,25,2.0,9
47,11,2.0,9
47,46,1.0,9
47,50,1.0,9
18,10,2.0,9
18,7,2.0,9
18,22,2.0,9
25,39,2.0,9
25,24,2.0,9
25,15,2.0,9
25,38,1.0,9
25,22,2.0,9
25,26,2.0,9
39,29,1.0,9
39,36,2.0,9
39,3,2.0,9
27,38,1.0,9
27,23,1.0,9
29,36,2.0,9
29,11,2.0,9
29,15,1.0,9
29,6,2.0,9
29,35,2.0,9
29,23,2.0,9
29,3,2.0,9
14,24,2.0,9
14,36,2.0,9
14,11,2.0,9
14,31,2.0,9
14,21,2.0,9
30,36,1.0,9
16,36,2.0,9
16,9,1.0,9
16,11,2.0,9
16,48,2.0,9
16,13,2.0,9
16,7,2.0,9
16,15,2.0,9
16,6,2.0,9
16,23,2.0,9
16,3,2.0,9
16,45,2.0,9
16,26,2.0,9
24,48,2.0,9
24,6,2.0,9
24,2,2.0,9
36,46,2.0,9
36,10,2.0,9
36,23,2.0,9
9,13,1.0,9
9,50,1.0,9
9,31,2.0,9
9,15,2.0,9
9,32,2.0,9
9,6,2.0,9
9,35,2.0,9
9,42,1.0,9
9,26,2.0,9
11,48,2.0,9
11,31,2.0,9
11,21,2.0,9
11,26,2.0,9
48,46,2.0,9
48,44,2.0,9
13,10,2.0,9
13,7,2.0,9
13,15,2.0,9
13,3,2.0,9
13,2,2.0,9
46,32,2.0,9
31,7,2.0,9
31,22,2.0,9
31,23,2.0,9
31,2,1.0,9
21,2,1.0,9
7,6,2.0,9
7,35,2.0,9
7,3,2.0,9
7,2,2.0,9
44,6,2.0,9
44,45,1.0,9
44,26,2.0,9
15,22,2.0,9
15,3,2.0,9
15,26,2.0,9
32,6,2.0,9
35,22,2.0,9
35,2,2.0,9
35,26,2.0,9
23,2,2.0,9
3,2,2.0,9
3,26,2.0,9
45,2,2.0,9
45,26,2.0,9
41,8,2.0,10
41,40,2.0,10
41,37,2.0,10
41,49,2.0,10
41,19,2.0,10
41,43,2.0,10
41,18,2.0,10
41,25,2.0,10
41,36,2.0,10
41,46,2.0,10
41,44,2.0,10
41,32,2.0,10
41,35,2.0,10
41,45,2.0,10
12,4,2.0,10
12,49,2.0,10
12,20,2.0,10
12,14,2.0,10
12,16,2.0,10
12,10,2.0,10
12,15,2.0,10
12,35,2.0,10
12,23,2.0,10
8,40,2.0,10
8,4,1.0,10
8,5,2.0,10
8,34,2.0,10
8,20,2.0,10
8,13,2.0,10
8,35,2.0,10
8,23,2.0,10
8,26,2.0,10
40,5,2.0,10
40,49,2.0,10
40,20,2.0,10
40,16,2.0,10
40,9,2.0,10
40,46,2.0,10
40,7,2.0,10
40,32,2.0,10
40,23,2.0,10
4,20,2.0,10
4,10,2.0,10
4,23,2.0,10
4,3,2.0,10
4,2,2.0,10
17,49,2.0,10
17,14,2.0,10
17,16,2.0,10
17,9,2.0,10
17,13,2.0,10
17,10,2.0,10
17,7,2.0,10
17,3,2.0,10
17,2,2.0,10
5,37,2.0,10
5,49,2.0,10
5,19,2.0,10
5,7,2.0,10
5,22,1.0,10
37,39,2.0,10
37,9,2.0,10
37,11,2.0,10
37,10,2.0,10
37,32,2.0,10
37,6,2.0,10
37,23,2.0,10
37,2,2.0,10
34,49,2.0,10
34,19,1.0,10
34,33,2.0,10
34,16,2.0,10
34,9,2.0,10
34,48,2.0,10
34,13,2.0,10
34,21,2.0,10
34,7,1.0,10
34,26,2.0,10
49,20,2.0,10
49,24,2.0,10
49,9,2.0,10
49,48,2.0,10
49,13,2.0,10
49,46,2.0,10
49,50,1.0,10
49,10,1.0,10
49,7,2.0,10
49,32,2.0,10
49,35,2.0,10
49,45,2.0,10
1,25,2.0,10
1,39,2.0,10
1,11,2.0,10
19,33,2.0,10
19,47,2.0,10
19,18,1.0,10
19,25,2.0,10
19,36,1.0,10
19,9,2.0,10
19,32,2.0,10
20,33,2.0,10
20,18,1.0,10
20,16,2.0,10
20,11,2.0,10
20,10,2.0,10
20,21,2.0,10
20,15,2.0,10
20,23,2.0,10
20,26,2.0,10
33,43,2.0,10
33,25,2.0,10
33,36,1.0,10
33,31,2.0,10
33,26,2.0,10
43,18,2.0,10
43,9,2.0,10
43,48,2.0,10
43,32,2.0,10
43,26,2.0,10
47,25,2.0,10
47,11,2.0,10
47,46,1.0,10
47,50,1.0,10
18,10,2.0,10
18,7,2.0,10
18,22,2.0,10
25,39,2.0,10
25,24,2.0,10
25,15,2.0,10
25,38,1.0,10
25,22,2.0,10
25,26,2.0,10
39,29,1.0,10
39,36,2.0,10
39,3,2.0,10
27,38,1.0,10
27,23,1.0,10
29,36,2.0,10
29,11,2.0,10
29,15,1.0,10
29,6,2.0,10
29,35,2.0,10
29,23,2.0,10
29,3,2.0,10
14,24,2.0,10
14,36,2.0,10
14,11,2.0,10
14,31,2.0,10
14,21,2.0,10
30,36,1.0,10
16,36,2.0,10
16,9,1.0,10
16,11,2.0,10
16,48,2.0,10
16,13,2.0,10
16,7,2.0,10
16,15,2.0,10
16,6,2.0,10
16,23,2.0,10
16,3,2.0,10
16,45,2.0,10
16,26,2.0,10
24,48,2.0,10
24,6,2.0,10
24,2,2.0,10
36,46,2.0,10
36,10,2.0,10
36,23,2.0,10
9,13,1.0,10
9,50,1.0,10
9,31,2.0,10
9,15,2.0,10
9,32,2.0,10
9,6,2.0,10
9,35,2.0,10
9,42,1.0,10
9,26,2.0,10
11,48,2.0,10
11,31,2.0,10
11,21,2.0,10
11,26,2.0,10
48,46,2.0,10
48,44,2.0,10
13,10,2.0,10
13,7,2.0,10
13,15,2.0,10
13,3,2.0,10
13,2,2.0,10
46,32,2.0,10
31,7,2.0,10
31,22,2.0,10
31,23,2.0,10
31,2,1.0,10
21,2,1.0,10
7,6,2.0,10
7,35,2.0,10
7,3,2.0,10
7,2,2.0,10
44,6,2.0,10
44,45,1.0,10
44,26,2.0,10
15,22,2.0,10
15,3,2.0,10
15,26,2.0,10
32,6,2.0,10
35,22,2.0,10
35,2,2.0,10
35,26,2.0,10
23,2,2.0,10
3,2,2.0,10
3,26,2.0,10
45,2,2.0,10
45,26,2.0,10
41,8,2.0,11
41,40,2.0,11
41,37,2.0,11
41,49,2.0,11
41,19,2.0,11
41,43,2.0,11
41,18,2.0,11
41,25,2.0,11
41,36,2.0,11
41,46,2.0,11
41,44,2.0,11
41,32,2.0,11
41,35,2.0,11
41,45,2.0,11
12,4,2.0,11
12,49,2.0,11
12,20,2.0,11
12,14,2.0,11
12,16,2.0,11
12,10,2.0,11
12,15,2.0,11
12,35,2.0,11
12,23,2.0,11
8,40,2.0,11
8,4,1.0,11
8,5,2.0,11
8,34,2.0,11
8,20,2.0,11
8,13,2.0,11
8,35,2.0,11
8,23,2.0,11
8,26,2.0,11
40,5,2.0,11
40,49,2.0,11
40,20,2.0,11
40,16,2.0,11
40,9,2.0,11
40,46,2.0,11
40,7,2.0,11
40,32,2.0,11
40,23,2.0,11
4,20,2.0,11
4,10,2.0,11
4,23,2.0,11
4,3,2.0,11
4,2,2.0,11
17,49,2.0,11
17,14,2.0,11
17,16,2.0,11
17,9,2.0,11
17,13,2.0,11
17,10,2.0,11
17,7,2.0,11
17,3,2.0,11
17,2,2.0,11
5,37,2.0,11
5,49,2.0,11
5,19,2.0,11
5,7,2.0,11
5,22,1.0,11
37,39,2.0,11
37,9,2.0,11
37,11,2.0,11
37,10,2.0,11
37,32,2.0,11
37,6,2.0,11
37,23,2.0,11
37,2,2.0,11
34,49,2.0,11
34,19,1.0,11
34,33,2.0,11
34,16,2.0,11
34,9,2.0,11
34,48,2.0,11
34,13,2.0,11
34,21,2.0,11
34,7,1.0,11
34,26,2.0,11
49,20,2.0,11
49,24,2.0,11
49,9,2.0,11
49,48,2.0,11
49,13,2.0,11
49,46,2.0,11
49,50,1.0,11
49,10,1.0,11
49,7,2.0,11
49,32,2.0,11
49,35,2.0,11
49,45,2.0,11
1,25,2.0,11
1,39,2.0,11
1,11,2.0,11
19,33,2.0,11
19,47,2.0,11
19,18,1.0,11
19,25,2.0,11
19,36,1.0,11
19,9,2.0,11
19,32,2.0,11
19,3,2.0,11
20,33,2.0,11
20,18,1.0,11
20,16,2.0,11
20,11,2.0,11
20,10,2.0,11
20,21,2.0,11
20,15,2.0,11
20,23,2.0,11
20,26,2.0,11
33,43,2.0,11
33,25,2.0,11
33,36,1.0,11
33,31,2.0,11
33,26,2.0,11
43,18,2.0,11
43,9,2.0,11
43,48,2.0,11
43,32,2.0,11
43,26,2.0,11
47,25,2.0,11
47,11,2.0,11
47,46,1.0,11
47,50,1.0,11
18,10,2.0,11
18,7,2.0,11
18,22,2.0,11
25,39,2.0,11
25,24,2.0,11
25,15,2.0,11
25,38,1.0,11
25,22,2.0,11
25,26,2.0,11
39,29,1.0,11
39,36,2.0,11
39,3,2.0,11
27,38,1.0,11
27,23,1.0,11
29,36,2.0,11
29,11,2.0,11
29,15,1.0,11
29,6,2.0,11
29,35,2.0,11
29,23,2.0,11
29,3,2.0,11
14,24,2.0,11
14,36,2.0,11
14,11,2.0,11
14,31,2.0,11
14,21,2.0,11
30,36,1.0,11
16,36,2.0,11
16,9,1.0,11
16,11,2.0,11
16,48,2.0,11
16,13,2.0,11
16,7,2.0,11
16,15,2.0,11
16,6,2.0,11
16,23,2.0,11
16,3,2.0,11
16,45,2.0,11
16,26,2.0,11
24,48,2.0,11
24,6,2.0,11
24,2,2.0,11
36,46,2.0,11
36,10,2.0,11
36,23,2.0,11
9,13,1.0,11
9,50,1.0,11
9,31,2.0,11
9,15,2.0,11
9,32,2.0,11
9,6,2.0,11
9,35,2.0,11
9,42,1.0,11
9,26,2.0,11
11,48,2.0,11
11,10,2.0,11
11,31,2.0,11
11,21,2.0,11
11,26,2.0,11
48,46,2.0,11
48,44,2.0,11
13,10,2.0,11
13,7,2.0,11
13,15,2.0,11
13,3,2.0,11
13,2,2.0,11
46,32,2.0,11
31,7,2.0,11
31,22,2.0,11
31,23,2.0,11
31,2,1.0,11
21,2,1.0,11
7,6,2.0,11
7,35,2.0,11
7,3,2.0,11
7,2,2.0,11
44,6,2.0,11
44,45,1.0,11
44,26,2.0,11
15,22,2.0,11
15,3,2.0,11
15,26,2.0,11
32,6,2.0,11
35,22,2.0,11
35,2,2.0,11
35,26,2.0,11
23,2,2.0,11
3,2,2.0,11
3,26,2.0,11
45,2,2.0,11
45,26,2.0,11
41,8,2.0,12
41,40,2.0,12
41,37,2.0,12
41,49,2.0,12
41,19,2.0,12
41,43,2.0,12
41,18,2.0,12
41,25,2.0,12
41,36,2.0,12
41,46,2.0,12
41,44,2.0,12
41,32,2.0,12
41,35,2.0,12
41,45,2.0,12
12,4,2.0,12
12,49,2.0,12
12,20,2.0,12
12,14,2.0,12
12,16,2.0,12
12,10,2.0,12
12,15,2.0,12
12,35,2.0,12
12,23,2.0,12
8,40,2.0,12
8,4,1.0,12
8,5,2.0,12
8,34,2.0,12
8,20,2.0,12
8,13,2.0,12
8,35,2.0,12
8,23,2.0,12
8,26,2.0,12
40,5,2.0,12
40,49,2.0,12
40,20,2.0,12
40,16,2.0,12
40,9,2.0,12
40,46,2.0,12
40,7,2.0,12
40,32,2.0,12
40,23,2.0,12
4,20,2.0,12
4,10,2.0,12
4,23,2.0,12
4,3,2.0,12
4,2,2.0,12
17,49,2.0,12
17,14,2.0,12
17,16,2.0,12
17,9,2.0,12
17,13,2.0,12
17,10,2.0,12
17,7,2.0,12
17,3,2.0,12
17,2,2.0,12
5,37,2.0,12
5,49,2.0,12
5,19,2.0,12
5,7,2.0,12
5,22,1.0,12
37,39,2.0,12
37,9,2.0,12
37,11,2.0,12
37,10,2.0,12
37,32,2.0,12
37,6,2.0,12
37,23,2.0,12
37,2,2.0,12
34,49,2.0,12
34,19,1.0,12
34,33,2.0,12
34,16,2.0,12
34,9,2.0,12
34,48,2.0,12
34,13,2.0,12
34,21,2.0,12
34,7,1.0,12
34,26,2.0,12
49,20,2.0,12
49,24,2.0,12
49,9,2.0,12
49,48,2.0,12
49,13,2.0,12
49,46,2.0,12
49,50,1.0,12
49,10,1.0,12
49,7,2.0,12
49,32,2.0,12
49,35,2.0,12
49,45,2.0,12
1,25,2.0,12
1,39,2.0,12
1,11,2.0,12
19,33,2.0,12
19,47,2.0,12
19,18,1.0,12
19,25,2.0,12
19,36,1.0,12
19,9,2.0,12
19,32,2.0,12
19,3,2.0,12
20,33,2.0,12
20,18,1.0,12
20,16,2.0,12
20,11,2.0,12
20,10,2.0,12
20,21,2.0,12
20,15,2.0,12
20,23,2.0,12
20,26,2.0,12
33,43,2.0,12
33,25,2.0,12
33,16,2.0,12
33,36,1.0,12
33,31,2.0,12
33,26,2.0,12
43,18,2.0,12
43,9,2.0,12
43,48,2.0,12
43,32,2.0,12
43,26,2.0,12
47,25,2.0,12
47,11,2.0,12
47,46,1.0,12
47,50,1.0,12
18,10,2.0,12
18,7,2.0,12
18,22,2.0,12
25,39,2.0,12
25,24,2.0,12
25,15,2.0,12
25,38,1.0,12
25,22,2.0,12
25,26,2.0,12
39,29,1.0,12
39,36,2.0,12
39,3,2.0,12
27,38,1.0,12
27,23,1.0,12
29,36,2.0,12
29,11,2.0,12
29,15,1.0,12
29,6,2.0,12
29,35,2.0,12
29,23,2.0,12
29,3,2.0,12
14,24,2.0,12
14,36,2.0,12
14,11,2.0,12
14,31,2.0,12
14,21,2.0,12
30,36,1.0,12
16,36,2.0,12
16,9,1.0,12
16,11,2.0,12
16,48,2.0,12
16,13,2.0,12
16,7,2.0,12
16,15,2.0,12
16,6,2.0,12
16,23,2.0,12
16,3,2.0,12
16,45,2.0,12
16,26,2.0,12
24,48,2.0,12
24,6,2.0,12
24,2,2.0,12
36,46,2.0,12
36,10,2.0,12
36,23,2.0,12
9,13,1.0,12
9,50,1.0,12
9,31,2.0,12
9,15,2.0,12
9,32,2.0,12
9,6,2.0,12
9,35,2.0,12
9,42,1.0,12
9,26,2.0,12
11,48,2.0,12
11,10,2.0,12
11,31,2.0,12
11,21,2.0,12
11,26,2.0,12
48,46,2.0,12
48,44,2.0,12
13,10,2.0,12
13,7,2.0,12
13,15,2.0,12
13,3,2.0,12
13,2,2.0,12
46,32,2.0,12
31,7,2.0,12
31,22,2.0,12
31,23,2.0,12
31,2,1.0,12
21,2,1.0,12
7,6,2.0,12
7,35,2.0,12
7,3,2.0,12
7,2,2.0,12
44,6,2.0,12
44,45,1.0,12
44,26,2.0,12
15,22,2.0,12
15,3,2.0,12
15,2,2.0,12
15,26,2.0,12
32,6,2.0,12
35,22,2.0,12
35,2,2.0,12
35,26,2.0,12
23,2,2.0,12
3,2,2.0,12
3,26,2.0,12
45,2,2.0,12
45,26,2.0,12
41,8,2.0,13
41,40,2.0,13
41,37,2.0,13
41,49,2.0,13
41,19,2.0,13
41,43,2.0,13
41,18,2.0,13
41,25,2.0,13
41,36,2.0,13
41,46,2.0,13
41,44,2.0,13
41,32,2.0,13
41,35,2.0,13
41,45,2.0,13
12,4,2.0,13
12,49,2.0,13
12,20,2.0,13
12,14,2.0,13
12,16,2.0,13
12,10,2.0,13
12,15,2.0,13
12,35,2.0,13
12,23,2.0,13
8,40,2.0,13
8,4,1.0,13
8,5,2.0,13
8,34,2.0,13
8,20,2.0,13
8,13,2.0,13
8,35,2.0,13
8,23,2.0,13
8,26,2.0,13
40,5,2.0,13
40,49,2.0,13
40,20,2.0,13
40,16,2.0,13
40,9,2.0,13
40,46,2.0,13
40,7,2.0,13
40,32,2.0,13
40,23,2.0,13
4,20,2.0,13
4,10,2.0,13
4,23,2.0,13
4,3,2.0,13
4,2,2.0,13
17,49,2.0,13
17,14,2.0,13
17,16,2.0,13
17,9,2.0,13
17,13,2.0,13
17,10,2.0,13
17,7,2.0,13
17,3,2.0,13
17,2,2.0,13
5,37,2.0,13
5,49,2.0,13
5,19,2.0,13
5,7,2.0,13
5,22,1.0,13
37,39,2.0,13
37,9,2.0,13
37,11,2.0,13
37,10,2.0,13
37,32,2.0,13
37,6,2.0,13
37,23,2.0,13
37,2,2.0,13
34,49,2.0,13
34,19,1.0,13
34,33,2.0,13
34,16,2.0,13
34,9,2.0,13
34,48,2.0,13
34,13,2.0,13
34,21,2.0,13
34,7,1.0,13
34,26,2.0,13
49,20,2.0,13
49,24,2.0,13
49,9,2.0,13
49,48,2.0,13
49,13,2.0,13
49,46,2.0,13
49,50,1.0,13
49,10,1.0,13
49,7,2.0,13
49,32,2.0,13
49,35,2.0,13
49,45,2.0,13
1,25,2.0,13
1,39,2.0,13
1,11,2.0,13
19,33,2.0,13
19,47,2.0,13
19,18,1.0,13
19,25,2.0,13
19,36,1.0,13
19,9,2.0,13
19,32,2.0,13
19,3,2.0,13
20,33,2.0,13
20,18,1.0,13
20,16,2.0,13
20,11,2.0,13
20,10,2.0,13
20,21,2.0,13
20,15,2.0,13
20,23,2.0,13
20,26,2.0,13
33,43,2.0,13
33,25,2.0,13
33,16,2.0,13
33,36,1.0,13
33,48,2.0,13
33,31,2.0,13
33,26,2.0,13
43,18,2.0,13
43,9,2.0,13
43,48,2.0,13
43,32,2.0,13
43,26,2.0,13
47,25,2.0,13
47,11,2.0,13
47,46,1.0,13
47,50,1.0,13
18,10,2.0,13
18,7,2.0,13
18,22,2.0,13
25,39,2.0,13
25,24,2.0,13
25,15,2.0,13
25,38,1.0,13
25,22,2.0,13
25,26,2.0,13
39,29,1.0,13
39,36,2.0,13
39,3,2.0,13
27,38,1.0,13
27,23,1.0,13
29,36,2.0,13
29,11,2.0,13
29,15,1.0,13
29,6,2.0,13
29,35,2.0,13
29,23,2.0,13
29,3,2.0,13
14,24,2.0,13
14,36,2.0,13
14,11,2.0,13
14,31,2.0,13
14,21,2.0,13
30,36,1.0,13
16,36,2.0,13
16,9,1.0,13
16,11,2.0,13
16,48,2.0,13
16,13,2.0,13
16,7,2.0,13
16,15,2.0,13
16,6,2.0,13
16,23,2.0,13
16,3,2.0,13
16,45,2.0,13
16,26,2.0,13
24,48,2.0,13
24,6,2.0,13
24,2,2.0,13
36,46,2.0,13
36,10,2.0,13
36,23,2.0,13
9,13,1.0,13
9,50,1.0,13
9,31,2.0,13
9,15,2.0,13
9,32,2.0,13
9,6,2.0,13
9,35,2.0,13
9,42,1.0,13
9,26,2.0,13
11,48,2.0,13
11,10,2.0,13
11,31,2.0,13
11,21,2.0,13
11,26,2.0,13
48,46,2.0,13
48,44,2.0,13
13,10,2.0,13
13,7,2.0,13
13,15,2.0,13
13,3,2.0,13
13,2,2.0,13
46,32,2.0,13
31,21,2.0,13
31,7,2.0,13
31,22,2.0,13
31,23,2.0,13
31,2,1.0,13
21,2,1.0,13
7,6,2.0,13
7,35,2.0,13
7,3,2.0,13
7,2,2.0,13
44,6,2.0,13
44,45,1.0,13
44,26,2.0,13
15,22,2.0,13
15,3,2.0,13
15,2,2.0,13
15,26,2.0,13
32,6,2.0,13
35,22,2.0,13
35,2,2.0,13
35,26,2.0,13
23,2,2.0,13
3,2,2.0,13
3,26,2.0,13
45,2,2.0,13
45,26,2.0,13
41,8,2.0,14
41,40,2.0,14
41,37,2.0,14
41,49,2.0,14
41,19,2.0,14
41,43,2.0,14
41,18,2.0,14
41,25,2.0,14
41,36,2.0,14
41,46,2.0,14
41,44,2.0,14
41,32,2.0,14
41,35,2.0,14
41,45,2.0,14
12,4,2.0,14
12,49,2.0,14
12,20,2.0,14
12,14,2.0,14
12,16,2.0,14
12,10,2.0,14
12,15,2.0,14
12,35,2.0,14
12,23,2.0,14
8,40,2.0,14
8,4,1.0,14
8,5,2.0,14
8,34,2.0,14
8,20,2.0,14
8,9,2.0,14
8,13,2.0,14
8,35,2.0,14
8,23,2.0,14
8,26,2.0,14
40,5,2.0,14
40,49,2.0,14
40,20,2.0,14
40,16,2.0,14
40,9,2.0,14
40,46,2.0,14
40,7,2.0,14
40,32,2.0,14
40,23,2.0,14
4,20,2.0,14
4,10,2.0,14
4,23,2.0,14
4,3,2.0,14
4,2,2.0,14
17,49,2.0,14
17,14,2.0,14
17,16,2.0,14
17,9,2.0,14
17,11,2.0,14
17,13,2.0,14
17,10,2.0,14
17,7,2.0,14
17,3,2.0,14
17,2,2.0,14
5,37,2.0,14
5,49,2.0,14
5,19,2.0,14
5,7,2.0,14
5,22,1.0,14
37,39,2.0,14
37,9,2.0,14
37,11,2.0,14
37,10,2.0,14
37,32,2.0,14
37,6,2.0,14
37,23,2.0,14
37,2,2.0,14
34,49,2.0,14
34,19,1.0,14
34,33,2.0,14
34,16,2.0,14
34,9,2.0,14
34,48,2.0,14
34,13,2.0,14
34,21,2.0,14
34,7,1.0,14
34,26,2.0,14
49,20,2.0,14
49,24,2.0,14
49,9,2.0,14
49,48,2.0,14
49,13,2.0,14
49,46,2.0,14
49,50,1.0,14
49,10,1.0,14
49,7,2.0,14
49,32,2.0,14
49,35,2.0,14
49,45,2.0,14
1,25,2.0,14
1,39,2.0,14
1,11,2.0,14
19,33,2.0,14
19,47,2.0,14
19,18,1.0,14
19,25,2.0,14
19,36,1.0,14
19,9,2.0,14
19,32,2.0,14
19,3,2.0,14
20,33,2.0,14
20,18,1.0,14
20,16,2.0,14
20,11,2.0,14
20,10,2.0,14
20,21,2.0,14
20,15,2.0,14
20,23,2.0,14
20,26,2.0,14
33,43,2.0,14
33,25,2.0,14
33,16,2.0,14
33,36,1.0,14
33,48,2.0,14
33,31,2.0,14
33,26,2.0,14
43,18,2.0,14
43,9,2.0,14
43,48,2.0,14
43,32,2.0,14
43,26,2.0,14
47,25,2.0,14
47,11,2.0,14
47,46,1.0,14
47,50,1.0,14
18,10,2.0,14
18,7,2.0,14
18,22,2.0,14
25,39,2.0,14
25,24,2.0,14
25,15,2.0,14
25,38,1.0,14
25,22,2.0,14
25,26,2.0,14
39,29,1.0,14
39,36,2.0,14
39,3,2.0,14
27,38,1.0,14
27,23,1.0,14
29,36,2.0,14
29,11,2.0,14
29,15,1.0,14
29,6,2.0,14
29,35,2.0,14
29,23,2.0,14
29,3,2.0,14
14,24,2.0,14
14,36,2.0,14
14,11,2.0,14
14,31,2.0,14
14,21,2.0,14
30,36,1.0,14
16,36,2.0,14
16,9,1.0,14
16,11,2.0,14
16,48,2.0,14
16,13,2.0,14
16,7,2.0,14
16,15,2.0,14
16,6,2.0,14
16,23,2.0,14
16,3,2.0,14
16,45,2.0,14
16,26,2.0,14
24,48,2.0,14
24,6,2.0,14
24,2,2.0,14
36,46,2.0,14
36,10,2.0,14
36,23,2.0,14
9,13,1.0,14
9,50,1.0,14
9,31,2.0,14
9,15,2.0,14
9,32,2.0,14
9,6,2.0,14
9,35,2.0,14
9,42,1.0,14
9,26,2.0,14
11,48,2.0,14
11,10,2.0,14
11,31,2.0,14
11,21,2.0,14
11,26,2.0,14
48,46,2.0,14
48,44,2.0,14
13,10,2.0,14
13,7,2.0,14
13,15,2.0,14
13,3,2.0,14
13,2,2.0,14
46,32,2.0,14
31,21,2.0,14
31,7,2.0,14
31,22,2.0,14
31,23,2.0,14
31,2,1.0,14
21,2,1.0,14
7,6,2.0,14
7,35,2.0,14
7,3,2.0,14
7,2,2.0,14
44,6,2.0,14
44,45,1.0,14
44,26,2.0,14
15,22,2.0,14
15,3,2.0,14
15,2,2.0,14
15,26,2.0,14
32,6,2.0,14
35,22,2.0,14
35,2,2.0,14
35,26,2.0,14
23,2,2.0,14
3,2,2.0,14
3,26,2.0,14
45,2,2.0,14
45,26,2.0,14
41,8,2.0,15
41,40,2.0,15
41,37,2.0,15
41,49,2.0,15
41,19,2.0,15
41,43,2.0,15
41,18,2.0,15
41,25,2.0,15
41,36,2.0,15
41,46,2.0,15
41,44,2.0,15
41,32,2.0,15
41,35,2.0,15
41,45,2.0,15
12,4,2.0,15
12,49,2.0,15
12,20,2.0,15
12,14,2.0,15
12,16,2.0,15
12,10,2.0,15
12,15,2.0,15
12,35,2.0,15
12,23,2.0,15
8,40,2.0,15
8,4,1.0,15
8,5,2.0,15
8,34,2.0,15
8,20,2.0,15
8,9,2.0,15
8,13,2.0,15
8,35,2.0,15
8,23,2.0,15
8,26,2.0,15
40,5,2.0,15
40,49,2.0,15
40,20,2.0,15
40,16,2.0,15
40,9,2.0,15
40,46,2.0,15
40,7,2.0,15
40,32,2.0,15
40,23,2.0,15
4,20,2.0,15
4,10,2.0,15
4,23,2.0,15
4,3,2.0,15
4,2,2.0,15
17,49,2.0,15
17,14,2.0,15
17,16,2.0,15
17,9,2.0,15
17,11,2.0,15
17,13,2.0,15
17,10,2.0,15
17,7,2.0,15
17,3,2.0,15
17,2,2.0,15
5,37,2.0,15
5,49,2.0,15
5,19,2.0,15
5,7,2.0,15
5,22,1.0,15
37,39,2.0,15
37,9,2.0,15
37,11,2.0,15
37,10,2.0,15
37,32,2.0,15
37,6,2.0,15
37,23,2.0,15
37,2,2.0,15
34,49,2.0,15
34,19,1.0,15
34,33,2.0,15
34,16,2.0,15
34,9,2.0,15
34,48,2.0,15
34,13,2.0,15
34,21,2.0,15
34,7,1.0,15
34,26,2.0,15
49,20,2.0,15
49,24,2.0,15
49,9,2.0,15
49,48,2.0,15
49,13,2.0,15
49,46,2.0,15
49,50,1.0,15
49,10,1.0,15
49,7,2.0,15
49,32,2.0,15
49,35,2.0,15
49,45,2.0,15
1,25,2.0,15
1,39,2.0,15
1,11,2.0,15
19,33,2.0,15
19,47,2.0,15
19,18,1.0,15
19,25,2.0,15
19,36,1.0,15
19,9,2.0,15
19,32,2.0,15
19,3,2.0,15
20,33,2.0,15
20,18,1.0,15
20,16,2.0,15
20,11,2.0,15
20,10,2.0,15
20,21,2.0,15
20,15,2.0,15
20,23,2.0,15
20,26,2.0,15
33,43,2.0,15
33,25,2.0,15
33,16,2.0,15
33,36,1.0,15
33,48,2.0,15
33,31,2.0,15
33,26,2.0,15
43,18,2.0,15
43,9,2.0,15
43,48,2.0,15
43,32,2.0,15
43,26,2.0,15
47,25,2.0,15
47,11,2.0,15
47,46,1.0,15
47,50,1.0,15
18,10,2.0,15
18,7,2.0,15
18,22,2.0,15
25,39,2.0,15
25,24,2.0,15
25,15,2.0,15
25,38,1.0,15
25,22,2.0,15
25,26,2.0,15
39,29,1.0,15
39,36,2.0,15
39,3,2.0,15
27,38,1.0,15
27,23,1.0,15
29,36,2.0,15
29,11,2.0,15
29,15,1.0,15
29,6,2.0,15
29,35,2.0,15
29,23,2.0,15
29,3,2.0,15
14,24,2.0,15
14,36,2.0,15
14,11,2.0,15
14,31,2.0,15
14,21,2.0,15
30,36,1.0,15
16,36,2.0,15
16,9,1.0,15
16,11,2.0,15
16,48,2.0,15
16,13,2.0,15
16,7,2.0,15
16,15,2.0,15
16,6,2.0,15
16,23,2.0,15
16,3,2.0,15
16,45,2.0,15
16,26,2.0,15
24,48,2.0,15
24,6,2.0,15
24,2,2.0,15
36,46,2.0,15
36,10,2.0,15
36,23,2.0,15
9,13,1.0,15
9,50,1.0,15
9,31,2.0,15
9,15,2.0,15
9,32,2.0,15
9,6,2.0,15
9,35,2.0,15
9,42,1.0,15
9,26,2.0,15
11,48,2.0,15
11,10,2.0,15
11,31,2.0,15
11,21,2.0,15
11,26,2.0,15
48,46,2.0,15
48,44,2.0,15
13,10,2.0,15
13,7,2.0,15
13,15,2.0,15
13,3,2.0,15
13,2,2.0,15
46,32,2.0,15
31,21,2.0,15
31,7,2.0,15
31,22,2.0,15
31,23,2.0,15
31,2,1.0,15
21,2,1.0,15
7,6,2.0,15
7,35,2.0,15
7,3,2.0,15
7,2,2.0,15
44,6,2.0,15
44,45,1.0,15
44,26,2.0,15
15,22,2.0,15
15,3,2.0,15
15,2,2.0,15
15,26,2.0,15
32,6,2.0,15
35,22,2.0,15
35,2,2.0,15
35,26,2.0,15
23,2,2.0,15
3,2,2.0,15
3,26,2.0,15
45,2,2.0,15
45,26,2.0,15
41,8,2.0,16
41,40,2.0,16
41,37,2.0,16
41,49,2.0,16
41,19,2.0,16
41,43,2.0,16
41,18,2.0,16
41,25,2.0,16
41,36,2.0,16
41,46,2.0,16
41,44,2.0,16
41,32,2.0,16
41,35,2.0,16
41,45,2.0,16
12,4,2.0,16
12,49,2.0,16
12,20,2.0,16
12,14,2.0,16
12,16,2.0,16
12,10,2.0,16
12,15,2.0,16
12,35,2.0,16
12,23,2.0,16
8,40,2.0,16
8,4,1.0,16
8,5,2.0,16
8,34,2.0,16
8,20,2.0,16
8,9,2.0,16
8,13,2.0,16
8,35,2.0,16
8,23,2.0,16
8,26,2.0,16
40,5,2.0,16
40,49,2.0,16
40,20,2.0,16
40,16,2.0,16
40,9,2.0,16
40,46,2.0,16
40,7,2.0,16
40,32,2.0,16
40,23,2.0,16
4,20,2.0,16
4,10,2.0,16
4,23,2.0,16
4,3,2.0,16
4,2,2.0,16
17,49,2.0,16
17,14,2.0,16
17,16,2.0,16
17,9,2.0,16
17,11,2.0,16
17,13,2.0,16
17,10,2.0,16
17,7,2.0,16
17,3,2.0,16
17,2,2.0,16
5,37,2.0,16
5,49,2.0,16
5,19,2.0,16
5,9,2.0,16
5,7,2.0,16
5,22,1.0,16
37,39,2.0,16
37,9,2.0,16
37,11,2.0,16
37,10,2.0,16
37,32,2.0,16
37,6,2.0,16
37,23,2.0,16
37,2,2.0,16
34,49,2.0,16
34,19,1.0,16
34,33,2.0,16
34,16,2.0,16
34,9,2.0,16
34,48,2.0,16
34,13,2.0,16
34,21,2.0,16
34,7,1.0,16
34,26,2.0,16
49,20,2.0,16
49,24,2.0,16
49,9,2.0,16
49,48,2.0,16
49,13,2.0,16
49,46,2.0,16
49,50,1.0,16
49,10,1.0,16
49,7,2.0,16
49,32,2.0,16
49,35,2.0,16
49,45,2.0,16
1,25,2.0,16
1,39,2.0,16
1,11,2.0,16
19,33,2.0,16
19,47,2.0,16
19,18,1.0,16
19,25,2.0,16
19,36,1.0,16
19,9,2.0,16
19,32,2.0,16
19,3,2.0,16
20,33,2.0,16
20,18,1.0,16
20,16,2.0,16
20,11,2.0,16
20,10,2.0,16
20,21,2.0,16
20,15,2.0,16
20,23,2.0,16
20,26,2.0,16
33,43,2.0,16
33,25,2.0,16
33,16,2.0,16
33,36,1.0,16
33,9,2.0,16
33,48,2.0,16
33,31,2.0,16
33,26,2.0,16
43,18,2.0,16
43,9,2.0,16
43,48,2.0,16
43,32,2.0,16
43,26,2.0,16
47,25,2.0,16
47,11,2.0,16
47,46,1.0,16
47,50,1.0,16
18,10,2.0,16
18,7,2.0,16
18,22,2.0,16
25,39,2.0,16
25,24,2.0,16
25,15,2.0,16
25,38,1.0,16
25,22,2.0,16
25,26,2.0,16
39,29,1.0,16
39,36,2.0,16
39,3,2.0,16
27,38,1.0,16
27,23,1.0,16
29,36,2.0,16
29,11,2.0,16
29,15,1.0,16
29,6,2.0,16
29,35,2.0,16
29,23,2.0,16
29,3,2.0,16
14,24,2.0,16
14,36,2.0,16
14,11,2.0,16
14,31,2.0,16
14,21,2.0,16
30,36,1.0,16
16,36,2.0,16
16,9,1.0,16
16,11,2.0,16
16,48,2.0,16
16,13,2.0,16
16,7,2.0,16
16,15,2.0,16
16,6,2.0,16
16,23,2.0,16
16,3,2.0,16
16,45,2.0,16
16,26,2.0,16
24,48,2.0,16
24,6,2.0,16
24,2,2.0,16
36,46,2.0,16
36,10,2.0,16
36,23,2.0,16
9,13,1.0,16
9,50,1.0,16
9,31,2.0,16
9,15,2.0,16
9,32,2.0,16
9,6,2.0,16
9,35,2.0,16
9,42,1.0,16
9,26,2.0,16
11,48,2.0,16
11,10,2.0,16
11,31,2.0,16
11,21,2.0,16
11,26,2.0,16
48,46,2.0,16
48,44,2.0,16
13,10,2.0,16
13,7,2.0,16
13,15,2.0,16
13,3,2.0,16
13,2,2.0,16
46,32,2.0,16
31,21,2.0,16
31,7,2.0,16
31,22,2.0,16
31,23,2.0,16
31,2,1.0,16
21,2,1.0,16
7,6,2.0,16
7,35,2.0,16
7,3,2.0,16
7,2,2.0,16
44,6,2.0,16
44,45,1.0,16
44,26,2.0,16
15,22,2.0,16
15,3,2.0,16
15,2,2.0,16
15,26,2.0,16
32,6,2.0,16
35,22,2.0,16
35,2,2.0,16
35,26,2.0,16
23,2,2.0,16
3,2,2.0,16
3,26,2.0,16
45,2,2.0,16
45,26,2.0,16
41,8,2.0,17
41,40,2.0,17
41,37,2.0,17
41,49,2.0,17
41,19,2.0,17
41,43,2.0,17
41,18,2.0,17
41,25,2.0,17
41,36,2.0,17
41,46,2.0,17
41,44,2.0,17
41,32,2.0,17
41,35,2.0,17
41,45,2.0,17
12,4,2.0,17
12,49,2.0,17
12,20,2.0,17
12,14,2.0,17
12,16,2.0,17
12,10,2.0,17
12,15,2.0,17
12,35,2.0,17
12,23,2.0,17
8,40,2.0,17
8,4,1.0,17
8,5,2.0,17
8,34,2.0,17
8,20,2.0,17
8,9,2.0,17
8,13,2.0,17
8,35,2.0,17
8,23,2.0,17
8,26,2.0,17
40,5,2.0,17
40,49,2.0,17
40,20,2.0,17
40,16,2.0,17
40,9,2.0,17
40,46,2.0,17
40,7,2.0,17
40,32,2.0,17
40,23,2.0,17
4,20,2.0,17
4,10,2.0,17
4,23,2.0,17
4,3,2.0,17
4,2,2.0,17
17,49,2.0,17
17,14,2.0,17
17,16,2.0,17
17,9,2.0,17
17,11,2.0,17
17,13,2.0,17
17,10,2.0,17
17,7,2.0,17
17,3,2.0,17
17,2,2.0,17
5,37,2.0,17
5,49,2.0,17
5,19,2.0,17
5,9,2.0,17
5,7,2.0,17
5,22,1.0,17
37,39,2.0,17
37,9,2.0,17
37,11,2.0,17
37,10,2.0,17
37,32,2.0,17
37,6,2.0,17
37,23,2.0,17
37,2,2.0,17
34,49,2.0,17
34,19,1.0,17
34,33,2.0,17
34,16,2.0,17
34,9,2.0,17
34,48,2.0,17
34,13,2.0,17
34,21,2.0,17
34,7,1.0,17
34,26,2.0,17
49,20,2.0,17
49,24,2.0,17
49,9,2.0,17
49,48,2.0,17
49,13,2.0,17
49,46,2.0,17
49,50,1.0,17
49,10,1.0,17
49,7,2.0,17
49,32,2.0,17
49,35,2.0,17
49,45,2.0,17
1,25,2.0,17
1,39,2.0,17
1,11,2.0,17
19,33,2.0,17
19,47,2.0,17
19,18,1.0,17
19,25,2.0,17
19,36,1.0,17
19,9,2.0,17
19,32,2.0,17
19,3,2.0,17
20,33,2.0,17
20,18,1.0,17
20,16,2.0,17
20,11,2.0,17
20,10,2.0,17
20,21,2.0,17
20,15,2.0,17
20,23,2.0,17
20,26,2.0,17
33,43,2.0,17
33,25,2.0,17
33,16,2.0,17
33,36,1.0,17
33,9,2.0,17
33,48,2.0,17
33,31,2.0,17
33,26,2.0,17
43,18,2.0,17
43,9,2.0,17
43,48,2.0,17
43,32,2.0,17
43,26,2.0,17
47,25,2.0,17
47,11,2.0,17
47,46,1.0,17
47,50,1.0,17
18,10,2.0,17
18,7,2.0,17
18,22,2.0,17
25,39,2.0,17
25,24,2.0,17
25,15,2.0,17
25,38,1.0,17
25,22,2.0,17
25,26,2.0,17
39,29,1.0,17
39,36,2.0,17
39,3,2.0,17
27,38,1.0,17
27,23,1.0,17
29,36,2.0,17
29,11,2.0,17
29,15,1.0,17
29,6,2.0,17
29,35,2.0,17
29,23,2.0,17
29,3,2.0,17
14,24,2.0,17
14,36,2.0,17
14,11,2.0,17
14,31,2.0,17
14,21,2.0,17
30,36,1.0,17
16,36,2.0,17
16,9,1.0,17
16,11,2.0,17
16,48,2.0,17
16,13,2.0,17
16,7,2.0,17
16,15,2.0,17
16,6,2.0,17
16,23,2.0,17
16,3,2.0,17
16,45,2.0,17
16,26,2.0,17
24,48,2.0,17
24,6,2.0,17
24,2,2.0,17
36,46,2.0,17
36,10,2.0,17
36,23,2.0,17
9,13,1.0,17
9,50,1.0,17
9,31,2.0,17
9,15,2.0,17
9,32,2.0,17
9,6,2.0,17
9,35,2.0,17
9,42,1.0,17
9,26,2.0,17
11,48,2.0,17
11,10,2.0,17
11,31,2.0,17
11,21,2.0,17
11,26,2.0,17
48,46,2.0,17
48,44,2.0,17
13,10,2.0,17
13,7,2.0,17
13,15,2.0,17
13,3,2.0,17
13,2,2.0,17
46,32,2.0,17
31,21,2.0,17
31,7,2.0,17
31,22,2.0,17
31,23,2.0,17
31,2,1.0,17
21,2,1.0,17
7,6,2.0,17
7,35,2.0,17
7,3,2.0,17
7,2,2.0,17
44,6,2.0,17
44,45,1.0,17
44,26,2.0,17
15,22,2.0,17
15,3,2.0,17
15,2,2.0,17
15,26,2.0,17
32,6,2.0,17
35,22,2.0,17
35,2,2.0,17
35,26,2.0,17
23,2,2.0,17
3,2,2.0,17
3,26,2.0,17
45,2,2.0,17
45,26,2.0,17
41,8,2.0,18
41,40,2.0,18
41,37,2.0,18
41,49,2.0,18
41,19,2.0,18
41,20,2.0,18
41,43,2.0,18
41,18,2.0,18
41,25,2.0,18
41,36,2.0,18
41,46,2.0,18
41,44,2.0,18
41,32,2.0,18
41,35,2.0,18
41,45,2.0,18
12,4,2.0,18
12,49,2.0,18
12,20,2.0,18
12,14,2.0,18
12,16,2.0,18
12,10,2.0,18
12,15,2.0,18
12,35,2.0,18
12,23,2.0,18
8,40,2.0,18
8,4,1.0,18
8,5,2.0,18
8,34,2.0,18
8,20,2.0,18
8,9,2.0,18
8,13,2.0,18
8,35,2.0,18
8,23,2.0,18
8,26,2.0,18
40,5,2.0,18
40,49,2.0,18
40,20,2.0,18
40,16,2.0,18
40,9,2.0,18
40,46,2.0,18
40,7,2.0,18
40,32,2.0,18
40,23,2.0,18
4,20,2.0,18
4,10,2.0,18
4,23,2.0,18
4,3,2.0,18
4,2,2.0,18
17,49,2.0,18
17,14,2.0,18
17,16,2.0,18
17,9,2.0,18
17,11,2.0,18
17,13,2.0,18
17,10,2.0,18
17,7,2.0,18
17,3,2.0,18
17,2,2.0,18
5,37,2.0,18
5,49,2.0,18
5,19,2.0,18
5,9,2.0,18
5,7,2.0,18
5,22,1.0,18
37,39,2.0,18
37,9,2.0,18
37,11,2.0,18
37,10,2.0,18
37,32,2.0,18
37,6,2.0,18
37,23,2.0,18
37,2,2.0,18
34,49,2.0,18
34,19,1.0,18
34,33,2.0,18
34,16,2.0,18
34,9,2.0,18
34,48,2.0,18
34,13,2.0,18
34,21,2.0,18
34,7,1.0,18
34,26,2.0,18
49,20,2.0,18
49,24,2.0,18
49,9,2.0,18
49,48,2.0,18
49,13,2.0,18
49,46,2.0,18
49,50,1.0,18
49,10,1.0,18
49,7,2.0,18
49,32,2.0,18
49,35,2.0,18
49,45,2.0,18
1,25,2.0,18
1,39,2.0,18
1,11,2.0,18
19,33,2.0,18
19,47,2.0,18
19,18,1.0,18
19,25,2.0,18
19,36,1.0,18
19,9,2.0,18
19,32,2.0,18
19,3,2.0,18
20,33,2.0,18
20,18,1.0,18
20,16,2.0,18
20,11,2.0,18
20,10,2.0,18
20,21,2.0,18
20,15,2.0,18
20,23,2.0,18
20,26,2.0,18
33,43,2.0,18
33,25,2.0,18
33,16,2.0,18
33,36,1.0,18
33,9,2.0,18
33,48,2.0,18
33,31,2.0,18
33,26,2.0,18
43,18,2.0,18
43,9,2.0,18
43,48,2.0,18
43,32,2.0,18
43,26,2.0,18
47,25,2.0,18
47,11,2.0,18
47,46,1.0,18
47,50,1.0,18
18,10,2.0,18
18,7,2.0,18
18,22,2.0,18
25,39,2.0,18
25,24,2.0,18
25,15,2.0,18
25,38,1.0,18
25,22,2.0,18
25,26,2.0,18
39,29,1.0,18
39,36,2.0,18
39,3,2.0,18
27,38,1.0,18
27,23,1.0,18
29,36,2.0,18
29,11,2.0,18
29,15,1.0,18
29,6,2.0,18
29,35,2.0,18
29,23,2.0,18
29,3,2.0,18
14,24,2.0,18
14,36,2.0,18
14,11,2.0,18
14,31,2.0,18
14,21,2.0,18
30,36,1.0,18
16,36,2.0,18
16,9,1.0,18
16,11,2.0,18
16,48,2.0,18
16,13,2.0,18
16,7,2.0,18
16,15,2.0,18
16,6,2.0,18
16,23,2.0,18
16,3,2.0,18
16,45,2.0,18
16,26,2.0,18
24,48,2.0,18
24,6,2.0,18
24,2,2.0,18
36,46,2.0,18
36,10,2.0,18
36,23,2.0,18
9,13,1.0,18
9,50,1.0,18
9,31,2.0,18
9,15,2.0,18
9,32,2.0,18
9,6,2.0,18
9,35,2.0,18
9,42,1.0,18
9,26,2.0,18
11,48,2.0,18
11,10,2.0,18
11,31,2.0,18
11,21,2.0,18
11,26,2.0,18
48,46,2.0,18
48,44,2.0,18
13,10,2.0,18
13,21,2.0,18
13,7,2.0,18
13,15,2.0,18
13,3,2.0,18
13,2,2.0,18
46,32,2.0,18
31,21,2.0,18
31,7,2.0,18
31,22,2.0,18
31,23,2.0,18
31,2,1.0,18
21,2,1.0,18
7,6,2.0,18
7,35,2.0,18
7,3,2.0,18
7,2,2.0,18
44,6,2.0,18
44,45,1.0,18
44,26,2.0,18
15,22,2.0,18
15,3,2.0,18
15,2,2.0,18
15,26,2.0,18
32,6,2.0,18
35,22,2.0,18
35,2,2.0,18
35,26,2.0,18
23,2,2.0,18
3,2,2.0,18
3,26,2.0,18
45,2,2.0,18
45,26,2.0,18
41,8,2.0,19
41,40,2.0,19
41,37,2.0,19
41,49,2.0,19
41,19,2.0,19
41,20,2.0,19
41,43,2.0,19
41,18,2.0,19
41,25,2.0,19
41,36,2.0,19
41,46,2.0,19
41,44,2.0,19
41,32,2.0,19
41,35,2.0,19
41,45,2.0,19
12,4,2.0,19
12,49,2.0,19
12,20,2.0,19
12,14,2.0,19
12,16,2.0,19
12,10,2.0,19
12,15,2.0,19
12,35,2.0,19
12,23,2.0,19
8,40,2.0,19
8,4,1.0,19
8,5,2.0,19
8,34,2.0,19
8,20,2.0,19
8,9,2.0,19
8,13,2.0,19
8,35,2.0,19
8,23,2.0,19
8,26,2.0,19
40,5,2.0,19
40,49,2.0,19
40,20,2.0,19
40,16,2.0,19
40,9,2.0,19
40,46,2.0,19
40,7,2.0,19
40,32,2.0,19
40,23,2.0,19
4,20,2.0,19
4,10,2.0,19
4,23,2.0,19
4,3,2.0,19
4,2,2.0,19
17,49,2.0,19
17,14,2.0,19
17,16,2.0,19
17,9,2.0,19
17,11,2.0,19
17,13,2.0,19
17,10,2.0,19
17,7,2.0,19
17,3,2.0,19
17,2,2.0,19
5,37,2.0,19
5,49,2.0,19
5,19,2.0,19
5,9,2.0,19
5,7,2.0,19
5,22,1.0,19
37,39,2.0,19
37,9,2.0,19
37,11,2.0,19
37,10,2.0,19
37,32,2.0,19
37,6,2.0,19
37,23,2.0,19
37,2,2.0,19
34,49,2.0,19
34,19,1.0,19
34,33,2.0,19
34,16,2.0,19
34,9,2.0,19
34,48,2.0,19
34,13,2.0,19
34,21,2.0,19
34,7,1.0,19
34,26,2.0,19
49,20,2.0,19
49,24,2.0,19
49,9,2.0,19
49,48,2.0,19
49,13,2.0,19
49,46,2.0,19
49,50,1.0,19
49,10,1.0,19
49,7,2.0,19
49,32,2.0,19
49,35,2.0,19
49,45,2.0,19
1,25,2.0,19
1,39,2.0,19
1,11,2.0,19
19,33,2.0,19
19,47,2.0,19
19,18,1.0,19
19,25,2.0,19
19,36,1.0,19
19,9,2.0,19
19,32,2.0,19
19,3,2.0,19
20,33,2.0,19
20,18,1.0,19
20,16,2.0,19
20,11,2.0,19
20,10,2.0,19
20,21,2.0,19
20,15,2.0,19
20,23,2.0,19
20,26,2.0,19
33,43,2.0,19
33,25,2.0,19
33,16,2.0,19
33,36,1.0,19
33,9,2.0,19
33,48,2.0,19
33,31,2.0,19
33,26,2.0,19
43,18,2.0,19
43,9,2.0,19
43,48,2.0,19
43,32,2.0,19
43,26,2.0,19
47,25,2.0,19
47,11,2.0,19
47,46,1.0,19
47,50,1.0,19
18,10,2.0,19
18,7,2.0,19
18,22,2.0,19
25,39,2.0,19
25,24,2.0,19
25,15,2.0,19
25,38,1.0,19
25,22,2.0,19
25,3,2.0,19
25,26,2.0,19
39,29,1.0,19
39,36,2.0,19
39,3,2.0,19
27,38,1.0,19
27,23,1.0,19
29,36,2.0,19
29,11,2.0,19
29,15,1.0,19
29,6,2.0,19
29,35,2.0,19
29,23,2.0,19
29,3,2.0,19
14,24,2.0,19
14,36,2.0,19
14,11,2.0,19
14,31,2.0,19
14,21,2.0,19
30,36,1.0,19
16,36,2.0,19
16,9,1.0,19
16,11,2.0,19
16,48,2.0,19
16,13,2.0,19
16,7,2.0,19
16,15,2.0,19
16,6,2.0,19
16,23,2.0,19
16,3,2.0,19
16,45,2.0,19
16,26,2.0,19
24,48,2.0,19
24,6,2.0,19
24,2,2.0,19
36,46,2.0,19
36,10,2.0,19
36,23,2.0,19
9,13,1.0,19
9,50,1.0,19
9,31,2.0,19
9,15,2.0,19
9,32,2.0,19
9,6,2.0,19
9,35,2.0,19
9,42,1.0,19
9,26,2.0,19
11,48,2.0,19
11,10,2.0,19
11,31,2.0,19
11,21,2.0,19
11,26,2.0,19
48,46,2.0,19
48,44,2.0,19
13,10,2.0,19
13,21,2.0,19
13,7,2.0,19
13,15,2.0,19
13,3,2.0,19
13,2,2.0,19
46,32,2.0,19
31,21,2.0,19
31,7,2.0,19
31,22,2.0,19
31,23,2.0,19
31,2,1.0,19
21,2,1.0,19
7,6,2.0,19
7,35,2.0,19
7,3,2.0,19
7,2,2.0,19
44,6,2.0,19
44,45,1.0,19
44,26,2.0,19
15,22,2.0,19
15,3,2.0,19
15,2,2.0,19
15,26,2.0,19
32,6,2.0,19
35,22,2.0,19
35,2,2.0,19
35,26,2.0,19
23,2,2.0,19
3,2,2.0,19
3,26,2.0,19
45,2,2.0,19
45,26,2.0,19
41,8,2.0,20
41,40,2.0,20
41,37,2.0,20
41,49,2.0,20
41,19,2.0,20
41,20,2.0,20
41,43,2.0,20
41,18,2.0,20
41,25,2.0,20
41,36,2.0,20
41,46,2.0,20
41,44,2.0,20
41,32,2.0,20
41,35,2.0,20
41,45,2.0,20
12,4,2.0,20
12,49,2.0,20
12,20,2.0,20
12,14,2.0,20
12,16,2.0,20
12,10,2.0,20
12,15,2.0,20
12,35,2.0,20
12,23,2.0,20
8,40,2.0,20
8,4,1.0,20
8,5,2.0,20
8,34,2.0,20
8,20,2.0,20
8,9,2.0,20
8,13,2.0,20
8,35,2.0,20
8,23,2.0,20
8,26,2.0,20
40,5,2.0,20
40,49,2.0,20
40,20,2.0,20
40,16,2.0,20
40,9,2.0,20
40,46,2.0,20
40,7,2.0,20
40,32,2.0,20
40,23,2.0,20
4,20,2.0,20
4,11,2.0,20
4,10,2.0,20
4,23,2.0,20
4,3,2.0,20
4,2,2.0,20
17,49,2.0,20
17,14,2.0,20
17,16,2.0,20
17,9,2.0,20
17,11,2.0,20
17,13,2.0,20
17,10,2.0,20
17,7,2.0,20
17,3,2.0,20
17,2,2.0,20
5,37,2.0,20
5,49,2.0,20
5,19,2.0,20
5,9,2.0,20
5,7,2.0,20
5,22,1.0,20
37,39,2.0,20
37,9,2.0,20
37,11,2.0,20
37,10,2.0,20
37,32,2.0,20
37,6,2.0,20
37,23,2.0,20
37,2,2.0,20
34,49,2.0,20
34,19,1.0,20
34,33,2.0,20
34,16,2.0,20
34,9,2.0,20
34,48,2.0,20
34,13,2.0,20
34,21,2.0,20
34,7,1.0,20
34,26,2.0,20
49,20,2.0,20
49,24,2.0,20
49,9,2.0,20
49,48,2.0,20
49,13,2.0,20
49,46,2.0,20
49,50,1.0,20
49,10,1.0,20
49,7,2.0,20
49,32,2.0,20
49,35,2.0,20
49,45,2.0,20
1,25,2.0,20
1,39,2.0,20
1,11,2.0,20
19,33,2.0,20
19,47,2.0,20
19,18,1.0,20
19,25,2.0,20
19,36,1.0,20
19,9,2.0,20
19,32,2.0,20
19,3,2.0,20
20,33,2.0,20
20,18,1.0,20
20,16,2.0,20
20,11,2.0,20
20,10,2.0,20
20,21,2.0,20
20,15,2.0,20
20,23,2.0,20
20,26,2.0,20
33,43,2.0,20
33,25,2.0,20
33,16,2.0,20
33,36,1.0,20
33,9,2.0,20
33,48,2.0,20
33,31,2.0,20
33,26,2.0,20
43,18,2.0,20
43,9,2.0,20
43,48,2.0,20
43,32,2.0,20
43,26,2.0,20
47,25,2.0,20
47,11,2.0,20
47,46,1.0,20
47,50,1.0,20
18,10,2.0,20
18,7,2.0,20
18,22,2.0,20
25,39,2.0,20
25,24,2.0,20
25,15,2.0,20
25,38,1.0,20
25,22,2.0,20
25,3,2.0,20
25,26,2.0,20
39,29,1.0,20
39,36,2.0,20
39,3,2.0,20
27,38,1.0,20
27,23,1.0,20
29,36,2.0,20
29,11,2.0,20
29,15,1.0,20
29,6,2.0,20
29,35,2.0,20
29,23,2.0,20
29,3,2.0,20
14,24,2.0,20
14,36,2.0,20
14,11,2.0,20
14,31,2.0,20
14,21,2.0,20
30,36,1.0,20
16,36,2.0,20
16,9,1.0,20
16,11,2.0,20
16,48,2.0,20
16,13,2.0,20
16,7,2.0,20
16,15,2.0,20
16,6,2.0,20
16,23,2.0,20
16,3,2.0,20
16,45,2.0,20
16,26,2.0,20
24,48,2.0,20
24,6,2.0,20
24,2,2.0,20
36,46,2.0,20
36,10,2.0,20
36,23,2.0,20
9,13,1.0,20
9,50,1.0,20
9,31,2.0,20
9,15,2.0,20
9,32,2.0,20
9,6,2.0,20
9,35,2.0,20
9,42,1.0,20
9,26,2.0,20
11,48,2.0,20
11,10,2.0,20
11,31,2.0,20
11,21,2.0,20
11,26,2.0,20
48,46,2.0,20
48,44,2.0,20
13,10,2.0,20
13,21,2.0,20
13,7,2.0,20
13,15,2.0,20
13,3,2.0,20
13,2,2.0,20
46,32,2.0,20
31,21,2.0,20
31,7,2.0,20
31,22,2.0,20
31,23,2.0,20
31,2,1.0,20
21,2,1.0,20
7,6,2.0,20
7,35,2.0,20
7,3,2.0,20
7,2,2.0,20
44,6,2.0,20
44,45,1.0,20
44,26,2.0,20
15,22,2.0,20
15,3,2.0,20
15,2,2.0,20
15,26,2.0,20
32,6,2.0,20
35,22,2.0,20
35,2,2.0,20
35,26,2.0,20
23,2,2.0,20
3,2,2.0,20
3,26,2.0,20
45,2,2.0,20
45,26,2.0,20
41,8,2.0,21
41,40,2.0,21
41,37,2.0,21
41,49,2.0,21
41,19,2.0,21
41,20,2.0,21
41,43,2.0,21
41,18,2.0,21
41,25,2.0,21
41,36,2.0,21
41,46,2.0,21
41,44,2.0,21
41,32,2.0,21
41,35,2.0,21
41,45,2.0,21
12,4,2.0,21
12,49,2.0,21
12,20,2.0,21
12,14,2.0,21
12,16,2.0,21
12,10,2.0,21
12,15,2.0,21
12,35,2.0,21
12,23,2.0,21
8,40,2.0,21
8,4,1.0,21
8,5,2.0,21
8,34,2.0,21
8,20,2.0,21
8,9,2.0,21
8,13,2.0,21
8,35,2.0,21
8,23,2.0,21
8,26,2.0,21
40,5,2.0,21
40,49,2.0,21
40,20,2.0,21
40,16,2.0,21
40,9,2.0,21
40,46,2.0,21
40,7,2.0,21
40,32,2.0,21
40,23,2.0,21
4,20,2.0,21
4,11,2.0,21
4,10,2.0,21
4,23,2.0,21
4,3,2.0,21
4,2,2.0,21
17,49,2.0,21
17,14,2.0,21
17,16,2.0,21
17,9,2.0,21
17,11,2.0,21
17,13,2.0,21
17,10,2.0,21
17,7,2.0,21
17,3,2.0,21
17,2,2.0,21
5,37,2.0,21
5,49,2.0,21
5,19,2.0,21
5,9,2.0,21
5,7,2.0,21
5,22,1.0,21
37,39,2.0,21
37,9,2.0,21
37,11,2.0,21
37,10,2.0,21
37,32,2.0,21
37,6,2.0,21
37,23,2.0,21
37,2,2.0,21
34,49,2.0,21
34,19,1.0,21
34,33,2.0,21
34,16,2.0,21
34,9,2.0,21
34,48,2.0,21
34,13,2.0,21
34,21,2.0,21
34,7,1.0,21
34,26,2.0,21
49,20,2.0,21
49,39,2.0,21
49,24,2.0,21
49,9,2.0,21
49,48,2.0,21
49,13,2.0,21
49,46,2.0,21
49,50,1.0,21
49,10,1.0,21
49,7,2.0,21
49,32,2.0,21
49,35,2.0,21
49,45,2.0,21
1,25,2.0,21
1,39,2.0,21
1,11,2.0,21
19,33,2.0,21
19,47,2.0,21
19,18,1.0,21
19,25,2.0,21
19,36,1.0,21
19,9,2.0,21
19,32,2.0,21
19,3,2.0,21
20,33,2.0,21
20,18,1.0,21
20,16,2.0,21
20,11,2.0,21
20,10,2.0,21
20,21,2.0,21
20,15,2.0,21
20,23,2.0,21
20,26,2.0,21
33,43,2.0,21
33,25,2.0,21
33,16,2.0,21
33,36,1.0,21
33,9,2.0,21
33,48,2.0,21
33,31,2.0,21
33,26,2.0,21
43,18,2.0,21
43,9,2.0,21
43,48,2.0,21
43,32,2.0,21
43,26,2.0,21
47,25,2.0,21
47,11,2.0,21
47,46,1.0,21
47,50,1.0,21
18,10,2.0,21
18,7,2.0,21
18,22,2.0,21
25,39,2.0,21
25,24,2.0,21
25,15,2.0,21
25,38,1.0,21
25,22,2.0,21
25,3,2.0,21
25,26,2.0,21
39,29,1.0,21
39,36,2.0,21
39,3,2.0,21
27,38,1.0,21
27,23,1.0,21
29,36,2.0,21
29,11,2.0,21
29,15,1.0,21
29,6,2.0,21
29,35,2.0,21
29,23,2.0,21
29,3,2.0,21
14,24,2.0,21
14,36,2.0,21
14,11,2.0,21
14,31,2.0,21
14,21,2.0,21
30,36,1.0,21
16,36,2.0,21
16,9,1.0,21
16,11,2.0,21
16,48,2.0,21
16,13,2.0,21
16,7,2.0,21
16,15,2.0,21
16,6,2.0,21
16,23,2.0,21
16,3,2.0,21
16,45,2.0,21
16,26,2.0,21
24,48,2.0,21
24,6,2.0,21
24,2,2.0,21
36,46,2.0,21
36,10,2.0,21
36,23,2.0,21
9,13,1.0,21
9,50,1.0,21
9,31,2.0,21
9,15,2.0,21
9,32,2.0,21
9,6,2.0,21
9,35,2.0,21
9,42,1.0,21
9,26,2.0,21
11,48,2.0,21
11,10,2.0,21
11,31,2.0,21
11,21,2.0,21
11,26,2.0,21
48,46,2.0,21
48,44,2.0,21
13,10,2.0,21
13,21,2.0,21
13,7,2.0,21
13,15,2.0,21
13,3,2.0,21
13,2,2.0,21
46,32,2.0,21
31,21,2.0,21
31,7,2.0,21
31,22,2.0,21
31,23,2.0,21
31,2,1.0,21
21,2,1.0,21
7,6,2.0,21
7,35,2.0,21
7,3,2.0,21
7,2,2.0,21
44,6,2.0,21
44,45,1.0,21
44,26,2.0,21
15,22,2.0,21
15,3,2.0,21
15,2,2.0,21
15,26,2.0,21
32,6,2.0,21
35,22,2.0,21
35,2,2.0,21
35,26,2.0,21
23,2,2.0,21
3,2,2.0,21
3,26,2.0,21
45,2,2.0,21
45,26,2.0,21
41,8,2.0,22
41,40,2.0,22
41,37,2.0,22
41,49,2.0,22
41,19,2.0,22
41,20,2.0,22
41,43,2.0,22
41,18,2.0,22
41,25,2.0,22
41,36,2.0,22
41,46,2.0,22
41,44,2.0,22
41,32,2.0,22
41,35,2.0,22
41,45,2.0,22
12,4,2.0,22
12,49,2.0,22
12,20,2.0,22
12,14,2.0,22
12,16,2.0,22
12,10,2.0,22
12,15,2.0,22
12,35,2.0,22
12,23,2.0,22
8,40,2.0,22
8,4,1.0,22
8,5,2.0,22
8,34,2.0,22
8,20,2.0,22
8,9,2.0,22
8,13,2.0,22
8,35,2.0,22
8,23,2.0,22
8,26,2.0,22
40,5,2.0,22
40,49,2.0,22
40,20,2.0,22
40,16,2.0,22
40,9,2.0,22
40,46,2.0,22
40,7,2.0,22
40,32,2.0,22
40,23,2.0,22
4,20,2.0,22
4,11,2.0,22
4,10,2.0,22
4,23,2.0,22
4,3,2.0,22
4,2,2.0,22
17,49,2.0,22
17,14,2.0,22
17,16,2.0,22
17,9,2.0,22
17,11,2.0,22
17,13,2.0,22
17,10,2.0,22
17,7,2.0,22
17,3,2.0,22
17,2,2.0,22
5,37,2.0,22
5,49,2.0,22
5,19,2.0,22
5,9,2.0,22
5,7,2.0,22
5,22,1.0,22
37,39,2.0,22
37,9,2.0,22
37,11,2.0,22
37,10,2.0,22
37,32,2.0,22
37,6,2.0,22
37,23,2.0,22
37,2,2.0,22
34,49,2.0,22
34,19,1.0,22
34,33,2.0,22
34,16,2.0,22
34,9,2.0,22
34,48,2.0,22
34,13,2.0,22
34,21,2.0,22
34,7,1.0,22
34,26,2.0,22
49,20,2.0,22
49,39,2.0,22
49,24,2.0,22
49,9,2.0,22
49,48,2.0,22
49,13,2.0,22
49,46,2.0,22
49,50,1.0,22
49,10,1.0,22
49,7,2.0,22
49,32,2.0,22
49,35,2.0,22
49,45,2.0,22
1,25,2.0,22
1,39,2.0,22
1,11,2.0,22
19,33,2.0,22
19,47,2.0,22
19,18,1.0,22
19,25,2.0,22
19,36,1.0,22
19,9,2.0,22
19,32,2.0,22
19,3,2.0,22
20,33,2.0,22
20,18,1.0,22
20,16,2.0,22
20,11,2.0,22
20,10,2.0,22
20,21,2.0,22
20,15,2.0,22
20,23,2.0,22
20,26,2.0,22
33,43,2.0,22
33,25,2.0,22
33,16,2.0,22
33,36,1.0,22
33,9,2.0,22
33,48,2.0,22
33,31,2.0,22
33,26,2.0,22
43,18,2.0,22
43,9,2.0,22
43,48,2.0,22
43,32,2.0,22
43,26,2.0,22
47,25,2.0,22
47,11,2.0,22
47,46,1.0,22
47,50,1.0,22
18,10,2.0,22
18,7,2.0,22
18,22,2.0,22
25,39,2.0,22
25,24,2.0,22
25,15,2.0,22
25,38,1.0,22
25,22,2.0,22
25,3,2.0,22
25,26,2.0,22
39,29,1.0,22
39,36,2.0,22
39,3,2.0,22
27,38,1.0,22
27,23,1.0,22
29,36,2.0,22
29,11,2.0,22
29,15,1.0,22
29,6,2.0,22
29,35,2.0,22
29,23,2.0,22
29,3,2.0,22
14,24,2.0,22
14,36,2.0,22
14,11,2.0,22
14,31,2.0,22
14,21,2.0,22
30,36,1.0,22
16,36,2.0,22
16,9,1.0,22
16,11,2.0,22
16,48,2.0,22
16,13,2.0,22
16,7,2.0,22
16,15,2.0,22
16,6,2.0,22
16,23,2.0,22
16,3,2.0,22
16,45,2.0,22
16,26,2.0,22
24,48,2.0,22
24,6,2.0,22
24,2,2.0,22
36,46,2.0,22
36,10,2.0,22
36,23,2.0,22
9,13,1.0,22
9,50,1.0,22
9,31,2.0,22
9,15,2.0,22
9,32,2.0,22
9,6,2.0,22
9,35,2.0,22
9,42,1.0,22
9,26,2.0,22
11,48,2.0,22
11,10,2.0,22
11,31,2.0,22
11,21,2.0,22
11,26,2.0,22
48,46,2.0,22
48,44,2.0,22
13,10,2.0,22
13,21,2.0,22
13,7,2.0,22
13,15,2.0,22
13,3,2.0,22
13,2,2.0,22
46,32,2.0,22
31,21,2.0,22
31,7,2.0,22
31,22,2.0,22
31,23,2.0,22
31,2,1.0,22
21,2,1.0,22
7,6,2.0,22
7,35,2.0,22
7,3,2.0,22
7,2,2.0,22
44,6,2.0,22
44,45,1.0,22
44,26,2.0,22
15,22,2.0,22
15,3,2.0,22
15,2,2.0,22
15,26,2.0,22
32,6,2.0,22
35,22,2.0,22
35,2,2.0,22
35,26,2.0,22
23,2,2.0,22
3,2,2.0,22
3,26,2.0,22
45,2,2.0,22
45,26,2.0,22
41,8,2.0,23
41,40,2.0,23
41,37,2.0,23
41,49,2.0,23
41,19,2.0,23
41,20,2.0,23
41,43,2.0,23
41,18,2.0,23
41,25,2.0,23
41,36,2.0,23
41,46,2.0,23
41,44,2.0,23
41,32,2.0,23
41,35,2.0,23
41,45,2.0,23
12,4,2.0,23
12,49,2.0,23
12,20,2.0,23
12,14,2.0,23
12,16,2.0,23
12,11,2.0,23
12,10,2.0,23
12,15,2.0,23
12,35,2.0,23
12,23,2.0,23
8,40,2.0,23
8,4,1.0,23
8,5,2.0,23
8,34,2.0,23
8,20,2.0,23
8,9,2.0,23
8,13,2.0,23
8,35,2.0,23
8,23,2.0,23
8,26,2.0,23
40,5,2.0,23
40,49,2.0,23
40,20,2.0,23
40,16,2.0,23
40,9,2.0,23
40,46,2.0,23
40,7,2.0,23
40,32,2.0,23
40,23,2.0,23
4,20,2.0,23
4,11,2.0,23
4,10,2.0,23
4,23,2.0,23
4,3,2.0,23
4,2,2.0,23
17,49,2.0,23
17,14,2.0,23
17,16,2.0,23
17,9,2.0,23
17,11,2.0,23
17,13,2.0,23
17,10,2.0,23
17,7,2.0,23
17,3,2.0,23
17,2,2.0,23
5,37,2.0,23
5,49,2.0,23
5,19,2.0,23
5,9,2.0,23
5,7,2.0,23
5,22,1.0,23
37,39,2.0,23
37,9,2.0,23
37,11,2.0,23
37,10,2.0,23
37,32,2.0,23
37,6,2.0,23
37,23,2.0,23
37,2,2.0,23
34,49,2.0,23
34,19,1.0,23
34,33,2.0,23
34,16,2.0,23
34,9,2.0,23
34,48,2.0,23
34,13,2.0,23
34,21,2.0,23
34,7,1.0,23
34,26,2.0,23
49,20,2.0,23
49,39,2.0,23
49,24,2.0,23
49,9,2.0,23
49,48,2.0,23
49,13,2.0,23
49,46,2.0,23
49,50,1.0,23
49,10,1.0,23
49,7,2.0,23
49,32,2.0,23
49,35,2.0,23
49,45,2.0,23
1,25,2.0,23
1,39,2.0,23
1,11,2.0,23
19,33,2.0,23
19,47,2.0,23
19,18,1.0,23
19,25,2.0,23
19,36,1.0,23
19,9,2.0,23
19,32,2.0,23
19,3,2.0,23
20,33,2.0,23
20,18,1.0,23
20,16,2.0,23
20,11,2.0,23
20,10,2.0,23
20,21,2.0,23
20,15,2.0,23
20,23,2.0,23
20,26,2.0,23
33,43,2.0,23
33,25,2.0,23
33,16,2.0,23
33,36,1.0,23
33,9,2.0,23
33,48,2.0,23
33,31,2.0,23
33,26,2.0,23
43,18,2.0,23
43,9,2.0,23
43,48,2.0,23
43,32,2.0,23
43,26,2.0,23
47,25,2.0,23
47,11,2.0,23
47,46,1.0,23
47,50,1.0,23
18,10,2.0,23
18,7,2.0,23
18,22,2.0,23
25,39,2.0,23
25,24,2.0,23
25,15,2.0,23
25,38,1.0,23
25,22,2.0,23
25,3,2.0,23
25,26,2.0,23
39,29,1.0,23
39,36,2.0,23
39,3,2.0,23
27,38,1.0,23
27,23,1.0,23
29,36,2.0,23
29,11,2.0,23
29,15,1.0,23
29,6,2.0,23
29,35,2.0,23
29,23,2.0,23
29,3,2.0,23
14,24,2.0,23
14,36,2.0,23
14,11,2.0,23
14,31,2.0,23
14,21,2.0,23
30,36,1.0,23
16,36,2.0,23
16,9,1.0,23
16,11,2.0,23
16,48,2.0,23
16,13,2.0,23
16,7,2.0,23
16,15,2.0,23
16,6,2.0,23
16,23,2.0,23
16,3,2.0,23
16,45,2.0,23
16,26,2.0,23
24,48,2.0,23
24,6,2.0,23
24,2,2.0,23
36,46,2.0,23
36,10,2.0,23
36,23,2.0,23
9,13,1.0,23
9,50,1.0,23
9,31,2.0,23
9,15,2.0,23
9,32,2.0,23
9,6,2.0,23
9,35,2.0,23
9,42,1.0,23
9,26,2.0,23
11,48,2.0,23
11,10,2.0,23
11,31,2.0,23
11,21,2.0,23
11,26,2.0,23
48,46,2.0,23
48,44,2.0,23
13,10,2.0,23
13,21,2.0,23
13,7,2.0,23
13,15,2.0,23
13,3,2.0,23
13,2,2.0,23
46,32,2.0,23
31,21,2.0,23
31,7,2.0,23
31,22,2.0,23
31,23,2.0,23
31,2,1.0,23
21,2,1.0,23
7,6,2.0,23
7,35,2.0,23
7,3,2.0,23
7,2,2.0,23
44,6,2.0,23
44,45,1.0,23
44,26,2.0,23
15,22,2.0,23
15,3,2.0,23
15,2,2.0,23
15,26,2.0,23
32,6,2.0,23
35,22,2.0,23
35,2,2.0,23
35,26,2.0,23
23,2,2.0,23
3,2,2.0,23
3,26,2.0,23
45,2,2.0,23
45,26,2.0,23
